{"version":16,"hash":{"type":"Buffer","data":"UFKlRoJgFLlMI6byBadFRU4WyQ7wLkg/UaYzLB/9yec1lbKw6EVMvrY13gYDwDvlSy2xEg2V205MxiaW5fe+ZXQDVvW2GuhBwsd4SDZbWgbf0Bdh8Bo6EYxVOMXERuncz/BTUy4Goyz1RNtwxAZbrOoQT+7upMHotQvlB8MNjjE="},"indexValueMap":{"nuZJ7GPr9oW2H0sUB/6A3mdVxHYgOCQFHDLsGwd/tAM=":{"valueMac":{"type":"Buffer","data":"t7v7KQFy8zorqATys9VT/5LY5bvw4ukh+PuCzS0WYPc="}},"0EuK9iqMtGPu/tfDMyMWvAimgc4W0hHdJAUCAFfxwu8=":{"valueMac":{"type":"Buffer","data":"4OE/1NniXaQCRVzFgnFfbymmKXbs7p2lSshTDiHoYmk="}},"W4dxmy7ewPII0nUbSY9MEgxqhELlWokORYDclO+NCeo=":{"valueMac":{"type":"Buffer","data":"pIW/jfMr52gRbiIb2+SRGVL8a0FlJlNtr94S9SPfkdI="}},"beh+2zSOX8n5/fi9ncXCkEapRXl4T+UsoJDj0AgGltQ=":{"valueMac":{"type":"Buffer","data":"aUOgaBghmXlrUkmG3YZfmR+7Cgvj+CFGb6MwkzFTs6w="}},"3kSGxOP6OdlFSAXwWCJj7z16G8vJAvT/FxLYj4Tlwfo=":{"valueMac":{"type":"Buffer","data":"QL9aREnFKLyMq++q1ZY6XZewRliRiDI2q1zhTXYFrTE="}},"eLyQUE2EinApwY5elqlfFNxLifJdCkK3dx48qXT2D/o=":{"valueMac":{"type":"Buffer","data":"Qv4eh5AdVd2covyaUgxl9IRjuOlvZChi0ZeMmXR6ERk="}},"NiIQx54cD8b2kQVa0hcZXn0ql7o06xbiI3Ko88PZcvc=":{"valueMac":{"type":"Buffer","data":"gRFlMxZ1kH1XWedffGmdq49SOpBg+lbcrGENA85o63k="}},"wCQI5+Oi5tI2FaDNdjq2nMOFo8V89qHZUUVqpl3L7qc=":{"valueMac":{"type":"Buffer","data":"qQ3acCk8ISxjUACADwDRHTGbCoJ+XSMGbbbN2Fa8Z+E="}},"cxUzCn6sfO97m51CARccCOWpphdNnX3xhK55zbAYmS8=":{"valueMac":{"type":"Buffer","data":"m78SjyKPVFP84apa1x1QSVhDxWqL/YUohAaiveJBZcg="}},"KcnpQS5nSJUuJHBuB4fCsSw+HA12q8OxHBENO0iMKG8=":{"valueMac":{"type":"Buffer","data":"exYkUOk7irJzhHTTbDwXXHE1glB1fPui/dSjzdHWtxU="}},"ALpo8mdM4YBZMwdBHSXPD+DDybWo0erW7PSvQy35GEc=":{"valueMac":{"type":"Buffer","data":"hj5qkLPslX2ML6v/1Ve31VFPrHWIzaasGyRX51XUJc8="}},"teGoDCgpELkdq6bcHLDhMVBaZiRPfTDAJLRsnnuh9pg=":{"valueMac":{"type":"Buffer","data":"bUrQyShJmEjCayEAx5Q1fVQRyrsfiTR+ObED6YoiAwU="}},"O+MANNolo9WE37Z2SgzKcWmGd7Daxb56zkmEC6d7iSI=":{"valueMac":{"type":"Buffer","data":"8LBOdHJa5gqpNE12EoK15RA/I/bqrXVIINFtg9iFMWM="}},"5TR9GxJgy3bbuJlyn5ItJKOEirhhLQkJEJJRee+kNT4=":{"valueMac":{"type":"Buffer","data":"0y4gXjeirWKGWT5BqNSxxi4yUoBbgWqAmfwcuD/4cWQ="}},"tKfD6JlQcF6VgEy0+xXd0MTkeTM9dgs75nkdMvIsIJw=":{"valueMac":{"type":"Buffer","data":"f4+qYDoGa5RV82umxlaHVfsgrww6bg19JL2Lt+18NtM="}}}}