{"version":5,"hash":{"type":"Buffer","data":"ihY8xE68Vr7z4NElT9NjOUsTwRNTRqHQFrbF8tqK2Qlnf05Mjk8NSrF1J5JA88h8eRqLuVFnVyZVpCFY/pZqNx0UG/Nhqo2UfLpe5fo/v6IkKkXset8wzwUgFuar243COMArn0qR64Q6t+1+qak7gGj+hakPytJger4flnZnYzk="},"indexValueMap":{"PU8VBA0z8TyfGsPEmJhchs/HIICjfrDwBKHTpLCNipE=":{"valueMac":{"type":"Buffer","data":"Z0D78lXEvZW8KfbT0Okv6uxrp+wZqTbcWAIKXOlViX4="}},"SHxOX1jBBTDkWZPYcdE5C4qcoqXNoM5pcerMw0t8g/4=":{"valueMac":{"type":"Buffer","data":"/eeGWnPlexnRI9Z129U9XUzj2g22XA/7C6Jq5kzAZqc="}},"bn9oBZSaOoMVkmvta2F/rdYfXY1AoiP57HgREjBPQe4=":{"valueMac":{"type":"Buffer","data":"40t16jmTSJtOmBjpVn3zN3WottEzCpVlkmQCV8CgCh0="}},"urdEibrZvfVkWXXDR/RsHnSfQQgJ3DcW0BfH9zdTwNQ=":{"valueMac":{"type":"Buffer","data":"cX8tztfdjlPhCz0OU0IFcogwLD5gcf3Iijv/6P+iiXU="}},"0o08EPZvRZO8DnAYPDxlmCtkV8hfo6fc9djHpkWR/Vk=":{"valueMac":{"type":"Buffer","data":"cIOHXG/MQPdXOCp+RTF6tbLg1dGtaUNYnYp4NVs4tZc="}},"/dAB+DLPxlJ4hwv5YuUKjOkaDL3utLX8KQtz/3Dmu+g=":{"valueMac":{"type":"Buffer","data":"JdaoO08rqREKTZ65EVuouDqR6Wo6xcgvQYQO1LjReLs="}},"6RikmD0APqAN13ObzVP79twrttRZuzH8fx54guE6Xfg=":{"valueMac":{"type":"Buffer","data":"RAvheMHUmH6OiuiYjdnoT61DwQcSOPlENXdOuei7EM0="}},"980RDk8Acubp+vokscye1vqAA0rTQC4jArEFxK+J590=":{"valueMac":{"type":"Buffer","data":"Np/BZh7kGSqD6lCsJmz3juggaAlhWwpAHNa4xonrdn8="}}}}