{"version":8,"hash":{"type":"Buffer","data":"bqIRZWjp3wXNEpaf44ERK6xxbN1e025jlSZzYTbtcAVMOx6XHeCIw1HTmHUZyoyn98DTWEc8U1gqZP16comv0WHoRVc2U7gf9MvyDHWLG0GUTXLEljiQvyfZ5Cm3adYAbmVdrAb2S4q27ldB14XkAx5gyaZZivCuBKHV07+o8qw="},"indexValueMap":{"PU8VBA0z8TyfGsPEmJhchs/HIICjfrDwBKHTpLCNipE=":{"valueMac":{"type":"Buffer","data":"Z0D78lXEvZW8KfbT0Okv6uxrp+wZqTbcWAIKXOlViX4="}},"urdEibrZvfVkWXXDR/RsHnSfQQgJ3DcW0BfH9zdTwNQ=":{"valueMac":{"type":"Buffer","data":"cX8tztfdjlPhCz0OU0IFcogwLD5gcf3Iijv/6P+iiXU="}},"vra28E8SQhRWZk1XAGl39U+HMAsN3Gv57bmu1Nictgw=":{"valueMac":{"type":"Buffer","data":"EPLfXLhzHLRPIAIBxuzrm0ulJfZeYKt+JDdLjdQ7PNY="}},"980RDk8Acubp+vokscye1vqAA0rTQC4jArEFxK+J590=":{"valueMac":{"type":"Buffer","data":"Np/BZh7kGSqD6lCsJmz3juggaAlhWwpAHNa4xonrdn8="}},"/dAB+DLPxlJ4hwv5YuUKjOkaDL3utLX8KQtz/3Dmu+g=":{"valueMac":{"type":"Buffer","data":"JdaoO08rqREKTZ65EVuouDqR6Wo6xcgvQYQO1LjReLs="}},"Yyom8TmooDb9Naj5PAg1L9ODH4hqdF44jtIn4HzO6Sw=":{"valueMac":{"type":"Buffer","data":"UGaNymKptf4gdf2S9XvzEYaqgCpRQ3Ns636R40Hr5c4="}},"VXuP2U7vjefhGAOTZqkRRVGVQp8FKhtZuCl4apUdw5s=":{"valueMac":{"type":"Buffer","data":"aGHr9dPzXlgksWBbyJxMHhozz61uKbIsJRgV96KrCGE="}},"XjC8dDEOH9p+OM/2xk/UzxlEp/w0Nfhex1uzBW4R7p4=":{"valueMac":{"type":"Buffer","data":"7KAfOPUGLYP1c9CjyddIvDDrjkQ7bzb53ZrWEN+Vmuw="}}}}