{"version":10,"hash":{"type":"Buffer","data":"LAcRv4aP+m2aDl7yQMukp1+0AmgnGiXjB7gVy0RN0EHQFw7a7L0cvOkYIehK+EALPLFieleE6y8wC0Fhyq4BwjKzUtuN/FpGlUqWd1OJz4BN57fyv5FZanjCGIUGL2ks/nuMiVbtXevtjFVed5Cr2p3MrBHInSXWDlMvJ0Etg4k="},"indexValueMap":{"AwDo4EjlB8a0UHwPz6YKdCxASiLxRyGpcikaXKMaa5c=":{"valueMac":{"type":"Buffer","data":"LPGJu4DrxWEqKqhYcaP1S0voe4NXNOv2IjHseeBd0zc="}},"CByvsFZBrN+QavEwNYs5CQBOH7jBs04m7oweqYxeDZY=":{"valueMac":{"type":"Buffer","data":"joA6R3Py8GC8Wci8jBuz3whrKKw7YP6l4cIFTVV/Prs="}},"ChXHc0ll185NVTreu9y/vRDPMuhLCCjwy/X7ayLQZ1M=":{"valueMac":{"type":"Buffer","data":"ue266ekhny1N/drP+88XonPI0Z2DUVwSupdLafYLg2A="}},"DPCS9ygnSmPjSiQ/zHVaSuP0nQxis5OfxWecEQQ6NAA=":{"valueMac":{"type":"Buffer","data":"0GTso37BZHJk2RmdpQSrvYl9EdOGxOr+HhKP6zPBvVA="}},"GTz9SJIQASGiH9DHAYnl9vkRl6PZM7xlaCvUS0U7zv4=":{"valueMac":{"type":"Buffer","data":"uNtWDjNxWjzS/sIlPsrhM9M4XVNV+shY01mN55dVERI="}},"HL+jlfsuOrwj2XB71kogBOV2g7YM5zQGM0XCVtblUKU=":{"valueMac":{"type":"Buffer","data":"JT4o/hH1VwSRtsv2OuoIcIXZ7/aOY+rFsyiIpAxE/vQ="}},"JlhQMlv84lge7YUT4osENYTp8iW+oqD4Pn7gBQeCxKU=":{"valueMac":{"type":"Buffer","data":"frMPgJrZPyUXWJNn43Jcz9Q6N9M4YE9ktMANGSZD0gM="}},"L+spptEHg9ZrE/z7A/Cxbo9dKMt4hR4ZFlYGHw11GJo=":{"valueMac":{"type":"Buffer","data":"JR3yS/eaCAX8QnfK4pOm8P7fD2ASdHqYOcVIEVgrnz8="}},"MFwx8mfIMuiLgwGUxn3UdrVa7zZRsz9Et2JgvRglYh0=":{"valueMac":{"type":"Buffer","data":"30DVh8GyNPvm0XnyVTFSdzqmhHbXuBDx/0sWLSibqqY="}},"NadiitsqNj9HLjIKFSgwj9/GzgtwzPj5XUQM6CdXwnI=":{"valueMac":{"type":"Buffer","data":"IzPFyYJZnddHW0Uryp4lH/nP7Yo8F3nHCOcYyFfOoQ4="}},"O1gxQ2IkfL00qLa+OXQ9Zb2HWizZPe9pe39gXWhHgVQ=":{"valueMac":{"type":"Buffer","data":"VgQtZI8YbWu/mfko3+K4dJdp6fdDcEsHLICed9GUufY="}},"PXcr/jzYRIalSksnIyJxyANwM0gXgwEDR+OXNzloFM0=":{"valueMac":{"type":"Buffer","data":"gMRvSgb3GTJdREl8rKQ7sffu9kz0Rp6ZOq6m9EfCSwQ="}},"Q+dXDs868MZgyuRJaEmrJrKNMHZQZLgNy1K6SgzCfeM=":{"valueMac":{"type":"Buffer","data":"Evx3Ag1O+NGmGzzaRbs8C5gNWrpgorhlNguznnlwDY8="}},"S9v7D6AyO92PusYxAIvl7nT4JMEmXtj2Ko8Hfwxh5FM=":{"valueMac":{"type":"Buffer","data":"3lIIfH1mRx8RGbgppql4sivZ09gjV/Vhit27865IDb0="}},"UXhuycexsXiZg69L9vWv/+0f38QO1SQ/hOXnxUerPlg=":{"valueMac":{"type":"Buffer","data":"oQcE00GadVrZUp14Ev+TD8r5mQc4IRyCq78/ofac7Fc="}},"VZw2NqHk4jmQInaWkkIt0vNqQTxtPnc2S+3YZ/PHUvg=":{"valueMac":{"type":"Buffer","data":"xxsPjBv33fkDT4CO5RhbSRyVv5nef1MP7ordXXP0jPM="}},"WByOXOhibGW2BaO7wUJ1xp8832iL02mcx9nRvBm69Pg=":{"valueMac":{"type":"Buffer","data":"yCjpXmhmQPkXnisoYSXWXOxfGdrdJixl+9syX7q1+8A="}},"XLnUxOgo3LhnyppLudt4BR8EfjwTfRpAZeUV/fVsMj0=":{"valueMac":{"type":"Buffer","data":"Fk6GwzM/PCzEvYUy4GCn+uGmXHMkzcoqco1n+RDCM7U="}},"X5K8dR+AgUpjKsPdWVorUE4GbXkRcVhdwdrfhi9UYVk=":{"valueMac":{"type":"Buffer","data":"0f+bp7revNcnce6FkLvv4WV7Kecy1XjrjodBxAsT/FM="}},"Ybw3o5syinf2uxhsJfZPJAzrP97jiP15FIby+ekN4Q4=":{"valueMac":{"type":"Buffer","data":"fzhZL27yun60xbPSW6h8K7dAXvfFRhs4WS2qYPYP3mE="}},"Ytm4ETyipXnNuzu7Xw2iNmOnzHNAXXEr1NttLuDi9r4=":{"valueMac":{"type":"Buffer","data":"Z0Y44stUkaNiF9stcpAEZd9C9TnrpJxBz+H0KJx/jGc="}},"ZinexaKKqHPMXLLu1K3sQuYiKsto4HZ5AqovFfAXeK8=":{"valueMac":{"type":"Buffer","data":"Ebzd6eH36o0N0I5E7Qchcug+hud6QUcWLnMxuU22di0="}},"Z4f8SUrMokEuJhPj743NiG9uRuU59nSsy+Ex1mMcgRU=":{"valueMac":{"type":"Buffer","data":"3LrnBmtEc9B4bpJlM1JRk9zRKpy1qmuAdVt11SzKXko="}},"aSAG9Axv88je7QotCzh2MgoKvenZJdVqKKPTmpKWMcs=":{"valueMac":{"type":"Buffer","data":"fnHANBM2472zQP1eA59uFcucC+nKM77IW3RlV5wuStE="}},"bmQRrt4W1EZCGCeBSZ7kdaEpZqSjsuyYn8X+yJiy4Ik=":{"valueMac":{"type":"Buffer","data":"2FLbWVk8SReXvIyLXUUe91f6K4xn+qujQ21mce142s4="}},"byiDdMWMdJutL/E/tbiVf+9o9jYauwDwa0gQqsG/9dw=":{"valueMac":{"type":"Buffer","data":"0AgisBxyKX6Vi7n1Qk8Svrsm28GwyL0d9PUdzR4HmjY="}},"cvjOlTxHktgQRqN5rthu3vvjTohdWkNcVggqmqb4vJo=":{"valueMac":{"type":"Buffer","data":"vIPLMqeTtegVg5/0vR7GbclGE6DnNoBSvG85ckUHhAg="}},"dP+C8/6Q/t8G3JLcGU3kSMVDbcXuGKdNWiala7bjR/M=":{"valueMac":{"type":"Buffer","data":"z+Rp96HuQhADBXU8Pi8seJL7/Ud0xZqmvPIyaiIgq08="}},"jzqSjeRz/rLHHxaT444ea30ItV6oig2HM2yETFilMVI=":{"valueMac":{"type":"Buffer","data":"wndiyS5EdVjfjXez2FF6PA5ffykAT8mByrbA4k2TW7A="}},"owqfbrvAKZJn56FsrPR1ev80vgXWhlATIv9Kmgt9k8w=":{"valueMac":{"type":"Buffer","data":"E7mNUr5W9v+2vwUHr9TXapRQBQo1QzJ1gZs0N3FXVxE="}},"qsjbHKIy4EVuB9iHAP1T6X9KA+OT5DCCnIgRDhMdQTo=":{"valueMac":{"type":"Buffer","data":"7wgqOkTKgfWkXoTVQXotnvoYNiptgn1jwrhK3O/aLYc="}},"s63Sdr4purg2e+0y+Nq1bRRwaH7UZ3B3jwE8eGGQudk=":{"valueMac":{"type":"Buffer","data":"GJIVCkdf9H9oqttAEcv6CoB4i7T5tH9OsaBuX+o/JIA="}},"uQlzSfxuG2rP+pI0uYR7sIvDcKjdvOeEAXH1feNQrSY=":{"valueMac":{"type":"Buffer","data":"Iz+LQMME9rAsJ4+x/F5+jnms3p+tPQ4M+wl/Xo6IaQ0="}},"vT9HKfz0CBTyxwSvkb1nyUPntUua2Rhxj72PMDxQ3uw=":{"valueMac":{"type":"Buffer","data":"MtF+jQcM9s4gxDjJ8pPzjBVSvB45akIEQCRVz35S9YE="}},"vdwL2sa63A6klDDzFLU0ITmix5yYSDDbKpBLgO/8TAo=":{"valueMac":{"type":"Buffer","data":"wnLjoYOK4NVbOiyPJR3ntE1OvHHYEVW1y66t91VdEiY="}},"ynZFJ3OKtnC33cLhi+bJobOCmL0q1MwZNt1vb+R9NTc=":{"valueMac":{"type":"Buffer","data":"D97bAK6hEHMEGju5ixX79gwDVoNOiO/CYZFH+kt99Po="}},"0RJtfm6Z1sMzYjCWdEpCvU8F7UCQaqEV3C2B1JyGE7w=":{"valueMac":{"type":"Buffer","data":"quYb/akP3QBb2qApRB1HWHqg4l8V2ygh0/lSonUbPUo="}},"1+64PVT02oSrlwXh/nwa1sKEvgGWV21JAH82F+1TFWU=":{"valueMac":{"type":"Buffer","data":"Ji55fp1VsnBe5Jh5VivyLoqpy3RLnwxFPJJ/mGQBNvw="}},"2e8LzNCRATdNfZJNku6ZUJEraYPYUi/B3cipiwAY5sg=":{"valueMac":{"type":"Buffer","data":"WkVo4y0FmFyjSoCNQ90D2rPoIO7Cf7/pRa5RB7bRk/Y="}},"2+2Z3EGjXeTxqLOY/esH6DKkV5kUbVIIc1tPqeCp6BE=":{"valueMac":{"type":"Buffer","data":"12YxrLB96LFJvScTrWPTeWTmAmNmMsPp9SrL03vWEQI="}},"4vYs1Ne4nSRCW1HOiRzWlKQ1gcgZT0CBDrBod+DuoZM=":{"valueMac":{"type":"Buffer","data":"oKAX7haWn93YHZoN1RFW8BSDcrqZhK5TMnXEBog4lZc="}},"8A+/MdcrrhZX4BTxMRlrhJCnUUWm8R+FzvE7CM6n3ds=":{"valueMac":{"type":"Buffer","data":"4HhtZKVm+vvFcv8BvRqgfRLLVh7Scc/RudbmrqiAypc="}},"84Npa2L486/WHzHLLbdbN43n4tnUsLdGT8ofYiu71so=":{"valueMac":{"type":"Buffer","data":"dRjx6RsUj+arPq5M038Fho+g8W96u2B6qVPsoRPNV9I="}},"9yChlWYFtOuTFznYZ2MJ9pONf6FapgwBfL1fFINrpEw=":{"valueMac":{"type":"Buffer","data":"z2MUpBZTdiywkfwuJbV0WnjKv1gR2WzwofUDO37t9hM="}},"992J6TVusDYySE3BiVWq5MGGacAZWf2isq480Z/zu3w=":{"valueMac":{"type":"Buffer","data":"lxM3uioxbIXJ+VH4l1WMJQdDdN0Vsd1/lRykjz0tK40="}},"+VgKxyEbfUaGBi/pt5Ztlvli48/YTIusUKCgq7qpczA=":{"valueMac":{"type":"Buffer","data":"nhmQUXAYCdjRoQWay6EtF3/vfSB4DQaLP+jumpcy3jg="}},"/0ZxYtymZJlqibAXcRzghseOZoiQH0IoKFD9DRnDvyY=":{"valueMac":{"type":"Buffer","data":"CUx2otlZO2mSz7k5dc38Ia72lhP8GO+BHdaVGmAXwoA="}},"8EgrU8+QuiqsMfIePVOcQE3GVNPlCgFUrAUSBy8xsFg=":{"valueMac":{"type":"Buffer","data":"NqMjbXBdxpMCKU5UcDbNj7h8Mp3nyluHfrt2U/lJ+Zg="}},"9436fnoMQBx9oifj1VWhc1JAkR4ah4huH84+G3P1FpI=":{"valueMac":{"type":"Buffer","data":"4wPXh5m2zXV6V+Yk5aSGMJUbA6uWUODu8Ej2vZ7UbW4="}},"g5GH62ZrvmpY9miYmLbAku/lcCdLvNKyPktYN6il/XM=":{"valueMac":{"type":"Buffer","data":"qovakwRspW2XGvSDIH5/NanNFbQXPueO7Gwe0nD6JHc="}},"0wHwvOe6kuLvnmUaz70u2Fs3+kjUCiQqEg5moQY7UjM=":{"valueMac":{"type":"Buffer","data":"CEKKSptYrBPIPEtTxzYDX0hN1MvUZfDN4rg5FWK3DwY="}}}}