{"version":26,"hash":{"type":"Buffer","data":"W2ZfocDQVZUuZUs/jMbklCXCeJTZXmqKQVSg5gSCUTVFQo5wKccRz18OGtW6M3R/SrWCceB4jUq3WEnPRoUgH8lhK6Cj4KVz6joE1ks/cXsf3w1zgwdgTDfi0iy3Gbdag1crk16fo7Qhxo42Tp0p20t06gHtHiv39QaTgwJSYII="},"indexValueMap":{"TQ1/VU/EXKFuOY4/DW2ehyZGTKbTaCZwrjG630YcXK8=":{"valueMac":{"type":"Buffer","data":"UCbZUalbUXO7fAioQnVuh5t77KZqU2N+CMCxe8dACUM="}},"bK9s4nUT6rUYw7GvZY6j4XOec72o43NsjttSlx/y3M8=":{"valueMac":{"type":"Buffer","data":"HmDIGECVwa9MTp8osaSHnABY+CAGuWlHTb7a7Ti55ko="}},"f7cGT+q1HR7Y0twGmCV8OBVpUISsDRTE0jntXfjadSQ=":{"valueMac":{"type":"Buffer","data":"UpZFQeqPMWIU1OceTvoDsTG8b14HlcBNS41p5q3Uf4g="}},"teGoDCgpELkdq6bcHLDhMVBaZiRPfTDAJLRsnnuh9pg=":{"valueMac":{"type":"Buffer","data":"bUrQyShJmEjCayEAx5Q1fVQRyrsfiTR+ObED6YoiAwU="}},"5TR9GxJgy3bbuJlyn5ItJKOEirhhLQkJEJJRee+kNT4=":{"valueMac":{"type":"Buffer","data":"0y4gXjeirWKGWT5BqNSxxi4yUoBbgWqAmfwcuD/4cWQ="}},"Iuaz4DHEDl19JFGHbJXWh/j0RoLiWr90Pp2JIYTiZh8=":{"valueMac":{"type":"Buffer","data":"FDEY2wdWdwcLLZA7lEwFJ+SeLFZ93TmkkvlRy3i8bnw="}},"xV9siiYFWaNr3rnzOl1XPO31t2iklZ+MTk8ybyH8pIM=":{"valueMac":{"type":"Buffer","data":"rLyDGEC8NQ8vDmzMd4xiXUhe+KuQGuv7gQ5W/bk6i8k="}},"ncForwNF3Ety24wSQz8U2+FqcG0DS7dzJ/+TNoOqSwg=":{"valueMac":{"type":"Buffer","data":"zHNAiByeLfu79ySBu4zT/lB89ek1qgtIpbrro6Sc2DQ="}},"7CGIadBXWjvHcNCHzm0ShU3ET+QbswEcq6EDzLx9uoU=":{"valueMac":{"type":"Buffer","data":"1d/nydDYu87Sg5iXR8gA5LV4uZ0LNjuQfRJeU4pjK9g="}},"3A5mYR10wGkxamPgMFKTh2asSLMBfxKpb2sq09xWkNA=":{"valueMac":{"type":"Buffer","data":"oYQ9sjfg092TOZ2tgoS5Duqh6XZC62ndpHqcXaTWoeg="}},"f9N3IVN/DwYIQj5ZudJMWldoeJlBTR51h9xgKAUFV+o=":{"valueMac":{"type":"Buffer","data":"4gAfQGN9NA2xYQyx8vyKrABgjFc3kp73sluPblaHIx8="}},"SyJcx47uzUSZNkFgcC39Bx3WkX6fb0wt8R4Qzzd4gbU=":{"valueMac":{"type":"Buffer","data":"sSyI1oKjTelptQSJ6qkEMVm3ia/SyiI+IN4M66XDumo="}},"g3FmR1gIDNyx+SiONyE9VqHHYBXm0kHvfLC/SUm7fgY=":{"valueMac":{"type":"Buffer","data":"djurN0yHvB8lgzVPdZKhtbk+8PFbIO5BgUbe85zcPBs="}},"NtT+q61/HgT8I8BhhJM8TCevCamRTXX5+ZXKURUqH24=":{"valueMac":{"type":"Buffer","data":"nrxi8g+rvhWZTP3bFm3zBuXlLcPRLDzYKPZXp5t2Apg="}},"cYEs0CvkEn1rnz3KN2Ihzc/XhN6DpB34xA6fbhWGfSc=":{"valueMac":{"type":"Buffer","data":"3udp9HJ25KwqajkpQZWd3CQIqVXMES6rbKcQHldRc98="}},"xqHzc2q6Xeq3btmC4Ih5XofuV+AaJetv4HHKf9ZoKjw=":{"valueMac":{"type":"Buffer","data":"RCgiwHry04YNdZ4c/xn+ZJJ1QOD1EELavRfNP/DfWrg="}}}}