{"version":85,"hash":{"type":"Buffer","data":"elJlqgS9Pyi5gSL81ohoE9cKCn42T1cS3gO0ICtBwLzL8bke6OjYS/FqWfF9mbqjT27D2ZXvh3at1EHCGzjZbE+ztnge7KfnEhXJ2TbQg/CDb5U0oyuH2TiHQpMuUVhgDtgb7/bNpvrONlv+d1eE2JoaPvtqECKG3rLmRbOISwI="},"indexValueMap":{"AAenqTxYptxxacxQnX1wxGElTQluoIYkXCiaZbbnZJo=":{"valueMac":{"type":"Buffer","data":"fU4q1yjAJpr5gt+rpDSaAL7zAgwffk8pZ68aJM3CSuo="}},"AsZH838ZA72AMgFNEQ2LvD8z+4Vj/5y69zsGDXEjrsk=":{"valueMac":{"type":"Buffer","data":"HlBMSTH+CBPpw8xvc94Tad97V3AB0vREUDFutBkFU9M="}},"AwtVF237IiDVva8R23fQD+lcD+rgG6oD8TZ20XniT3E=":{"valueMac":{"type":"Buffer","data":"Ekk2rNwLW/QLgVyqhG7Fx1DCzEw17f6NVYAA/koDCKI="}},"AylFBC50aQ112KIZiHCzGqAlKrQN+b6uuAk71b9jXW4=":{"valueMac":{"type":"Buffer","data":"tiTbw8i7ev4F1ZSOOt8zs0aeHe4C65itOEvn9TMrZTg="}},"A5gV+BlKB9ahUG12xpqXUmhY/bnU7RnoSVJQ65xgjss=":{"valueMac":{"type":"Buffer","data":"Au0crXHckiWCFQNXeqAm24h69pmIwG7iLtDgGGEEPFI="}},"BIOgpq+8yAdn/0YFnseZzJht8WE2MSUngChwaR0qG+A=":{"valueMac":{"type":"Buffer","data":"ZK+0WohcLMfYF64eDOxcjV7OgUdnfeCODKmuxry+scQ="}},"DGHvIs7EsiVknq9wNzHM97mPLU7EFv+VOV8PSMg8MKc=":{"valueMac":{"type":"Buffer","data":"bS3Wp/7/6IK5n0Xmnr7qju6IjWkDTt11DGG8uShq8lY="}},"DGaLDUckdu2HWfMgtB68DhGGM3RdL0YK1vA8+kn5p9M=":{"valueMac":{"type":"Buffer","data":"fdHZ3rwrAXMUzxOrl3C8CXb7ILuFRk6psRlt3tc23c0="}},"FnSrMZaQt8V4r/swhyti+kerpDK0kmYlsbmlRWGTQ0s=":{"valueMac":{"type":"Buffer","data":"Rnv/bC/UQM786zDRBi6u/kD5Ys83yHuYT+PL+3by1+Q="}},"F0LCrbSpgc4wCt5fsm137WJJip52OVpPskw31dzvdbw=":{"valueMac":{"type":"Buffer","data":"GXKjgSQSQA6qI0+tDPg/VH8v9cL7J96nPKglz9KRo3o="}},"GNwiBNPh35ik6IlLecoCSxyegwGVsrmX+ubWJHbBPVs=":{"valueMac":{"type":"Buffer","data":"jLZDOfrZvDzsctZTgCrrP1B1WNcQDl5iAXGOclQR5HY="}},"GaxCvUb63QHicdGNadnUPvJEOHTLNgsMhabmA2L0D54=":{"valueMac":{"type":"Buffer","data":"FK8dZAYKvjkwo0uzQhSnvRgq3WnvFUp+wFrnZK/U2ZA="}},"HKWzfEFrXZLUNJ4VDEyYmO30gFOKClEEA3K/j3ppnss=":{"valueMac":{"type":"Buffer","data":"gRYsmYssGrtLE7sghWUKA5qLB0wHVZ9aeq2LQB7qeDs="}},"HcS0x2oBSWCw/A+8Zp42G4mteuCLv7CP/+ln5jwEvx8=":{"valueMac":{"type":"Buffer","data":"JTZzUsyLJXbgQ2H9SqCFqXBfcGw4rpHVylev7+gh19o="}},"HfWWqvWqyRVYH1p7QgoVMdchCNjrNgjs7pBqt8sOJ6A=":{"valueMac":{"type":"Buffer","data":"6Ehp2rChz6/Q+1/yUyrv6DS4I4UILpryhejGrNahmBc="}},"IByjlKvkubtWLYToRHnmNLayUFGokIM5Qa/iqFpTHVE=":{"valueMac":{"type":"Buffer","data":"qJtTWqWAM6yiUAxIpp/0tX61REEJpeJYrHZEI1KqOPk="}},"IezVTTnCpuMOHiq89Wj5BeAL5Llpsu0pYIKXq6xIuwU=":{"valueMac":{"type":"Buffer","data":"1VWC2TqzlYToaXHQpeGLXJjH1vwafwplGvnVu5lBm78="}},"I2LHluqozT13c1XtttHAq4MNB+jtWm819PzW4y1mWj4=":{"valueMac":{"type":"Buffer","data":"PYDqZiiJTenyvEWwnAp/CGoWNejCRi9nh1mgpVg9aM8="}},"I5vacZH0EDdKoIgWx1aCdRlzsBbxX9VyKIP+/mzRf0Y=":{"valueMac":{"type":"Buffer","data":"qv1nDmahxIZp5g7f5D5/cVXjGaf+rzoV2yIqfoQOTDk="}},"JZSeOCIhviz8Fas3iraAq4cx37LFQU/6qfCUHnpj464=":{"valueMac":{"type":"Buffer","data":"voihp27pZ0z+vzJGXF2+9oP9Lt8BhSks4sDSzADVXAs="}},"KrPgaoiJXemyrPzw52x1mQngR6QMkI+WS+MynFoir0Y=":{"valueMac":{"type":"Buffer","data":"mhae3SXOIawN9GwqaQNzyaGD/2vDnEilpamD/tg7cLM="}},"KxebflhGg6EzfcQCvpIkAXcy7xvriz8icgzyYPXxamQ=":{"valueMac":{"type":"Buffer","data":"Ohvkbsfw/ddh74oiGpsPv/RPnrno2b0eQQvWI35x9X0="}},"K2FSjSxH3DcC4fq+DYeiazm05NqyBX5hF5Oua7i6Kew=":{"valueMac":{"type":"Buffer","data":"m/Im+/H/MwMPmon8xdB9BhMwdLFAEPHP2UGpdFAR4/Y="}},"K5H8es6Iys0q0lb02gWmeH9YOyex7CAqtMIcZX3JUJo=":{"valueMac":{"type":"Buffer","data":"aSWvNr1zblYWBEJ9U9hLD5DhT0M42yQ0MQV1/FEM8mE="}},"LA/VjY8sp8xydW07sAxSdcAgyAAV34bN2moeM4x9dRA=":{"valueMac":{"type":"Buffer","data":"BewMXKKilYBDvkRUcdJZEeJ4CaX26ffEjs08DGuYemQ="}},"L6X0WQL4kWepljuUiyy3S3uaHg1XhmznMF0+TKa3GQk=":{"valueMac":{"type":"Buffer","data":"ZxxM4sRHlZPrrMzGcgLvugPc6d9i+3mADNsHSFnIEmo="}},"M5mw6jaX0wET0ZWJnhOw9Pq6B3iaLIzGsi5y33klGCA=":{"valueMac":{"type":"Buffer","data":"zJA928G+dlvgNefpzp2v2daJnrNflzsGCxnfvKyl090="}},"NFTEbX3E1LqcoKqyRKFJmHRUT5tRb7pZ9zaB9574LRw=":{"valueMac":{"type":"Buffer","data":"pLoBUejjUhb/8HiN5WiAMLLC7u5Z7tSwBWygG1rBWbU="}},"NpKBMiWSyt/xWSCFukBNBaAEogPwaxWMYy2g7dxb+p0=":{"valueMac":{"type":"Buffer","data":"kLH9W816SC7NTDPA0eQmrP7r/KHdg7LHV/AGxkr1zec="}},"NvSIBRE1kdUQg4V4afnqtYDHElOlXopmQwab3lt4pmY=":{"valueMac":{"type":"Buffer","data":"utFjheTuHIVV8+UBd+NE7KTfUrfVcc33GzXXkrscUoM="}},"N80IStTBnQh8zUNzobkvNYgXnPa+IjkMV1NV9ML3pBQ=":{"valueMac":{"type":"Buffer","data":"LokMalYDs7EjYsa0oyt4kiNBEBpyUj/zVZqpFFBXI3s="}},"N9p4Xrz6cCCJxrv2pheakYbEv+7GTwr/brKwmKkim6I=":{"valueMac":{"type":"Buffer","data":"8+R63ebmBYjQYO+YSXb4isd0mYqvyNrmBe6+rxZ/E90="}},"OACofyxH2sF5dNLmhEqEsqA9QFgUWv3GTI30fkEzy4s=":{"valueMac":{"type":"Buffer","data":"qz2LN9TKhGUhJwShGHI/J9hefFBwyK2FVYNEcWTvPKk="}},"OePmag97hD+tZwHAyRmcgjr6L6VaH9+FHs+JR1722X4=":{"valueMac":{"type":"Buffer","data":"xJjipoew0+NAs8uMCYXTrmD42pOTlUTs9vKj5fQeTps="}},"OimdNkQZXtJ+t8i2W8RQBkJ3paXUWCEuVrwM9eD6PtY=":{"valueMac":{"type":"Buffer","data":"t2bLmyPwdeqSd3NjCMm2IJ0pUJjRfAWeQOkUdR7LW4E="}},"PxtNyqW6xM1OIL1DmdXDSusF4tZeDLN+q55Eke24W1U=":{"valueMac":{"type":"Buffer","data":"6TGxCOuhEqeTLMWzpvqjJcXgc2LBP8mJ/iv+QugwTao="}},"QcU7odDY6XP0P4YkTua//Ro8ko3ZaRRFUQbTks1Vn1A=":{"valueMac":{"type":"Buffer","data":"PFllKKmuh2tellN8uVQ7CN33wznGT+Y0FzUVFutrMo4="}},"RzoX7dZ4XQ6L20UV7vjFbktdIHBAm+qPJ6rKj6hRerw=":{"valueMac":{"type":"Buffer","data":"N6QE6x92Ln2ZYjAI/VDwlVQJQx9bRNEXcwu9YOBji1U="}},"Sxy4NqLpelzDy2T5ISUV5DEe+3oc2YlPObYtHuD84Vw=":{"valueMac":{"type":"Buffer","data":"RBFaA2C0vMWvvghIeoGA3fWr29xSGu/UZo/6wsDRgcY="}},"S10haaYPya2xq5RIhtlmE4fJmngcIByYU3DaRtJyNp8=":{"valueMac":{"type":"Buffer","data":"/udJhQu9OL4ZdzF2JYF2x1APDYD3Qe3ZXZvuovBiF64="}},"S48FsHPEMV9livy6ojLyJ0GGuyHXM7wBt5oEF8Uqemg=":{"valueMac":{"type":"Buffer","data":"dRuSnp4yk2BLFqlC91GiQFHaJekRNAz1qQOATjwdblA="}},"S8YHpMJQ0EWYRhMN5pI3h64GIGFTnaSN0owVxb1oiFU=":{"valueMac":{"type":"Buffer","data":"Uer803ucR6/gei2YCtWE65GCLpoDyg0+xcmSFJEGE9E="}},"THOpgVPPlJzcDl9smlzrzEN/tNfJUE2+j1vJMYXxcrE=":{"valueMac":{"type":"Buffer","data":"ANpoPbebmFDutvrIfs9tDwI4LZtcS9/w07ZiA/GbWRA="}},"TPLajLW67HcbUgGwgjzCRC30L6vQlYWJP2u7AYE4Oa8=":{"valueMac":{"type":"Buffer","data":"uEt2NbUbljdSp3+IbiqbC1a0yQv2Qf3xt6+Vt4w7KxU="}},"UOMgFsua563lRouNI8+ycoWEvUzo52bhfhpbR0iqOKU=":{"valueMac":{"type":"Buffer","data":"sAs3lRDoBLKTU5UcCO6wLeKWxmLzsgMl9JYfGzsNHhY="}},"UU12nPWbweKL6zxeaZMiY3aNYPsaCmucOLkkORA8X/o=":{"valueMac":{"type":"Buffer","data":"hJ9p5Wl0eL5ysNTq7Szo3mziOEJgSwjMX8eA8aqi7PA="}},"UlavHw9EJ+xxTmT24i7z8Uj+wgzmK9LzeRuBcw6DT5E=":{"valueMac":{"type":"Buffer","data":"EOytGxCzMqRconGb/7UuTh/am73R28WAC9CJQcD6H00="}},"UtJ8CDXRHkRkn4OcqYwsw/r3RkuaOB4TF/aAxjkf2+s=":{"valueMac":{"type":"Buffer","data":"Bq5V5p/pnBAbbExT5wEGVNu39fTQJB9jv1Xc+2H4R+Q="}},"UuFH7iweLnXoM6NqNj1056NNsV0QxQQllvu6rCIeCTI=":{"valueMac":{"type":"Buffer","data":"ulYLaOD42Mi6AtXf4vWBH3d/I2mLK303MszJoB2TEGU="}},"VxZESGCLamkqtRnLZHydeStDZTBO3SXSD1Y3nLDyOmM=":{"valueMac":{"type":"Buffer","data":"YH2gyIxy0h7vO0CYusMv78eL/qEfRbLmwb3cNEdpxC0="}},"V6RZN/8AQt/p+w3Cd+y5Ksw0vAyBSV+bGjBAvCq/OlM=":{"valueMac":{"type":"Buffer","data":"6pQdp+M1ONQsBusLdzMjybs425Kviz5WbZAhMOK//jg="}},"V+aXliWB899KavNVtkblcxufwQi4F1SJW8RcNW5fR+Y=":{"valueMac":{"type":"Buffer","data":"Ndj6uxcy9CXorjGU5mtoGBInxojDmYiiKEpvw5+vKfY="}},"WOF4x4//DiqvpiOsLy8pK1kLznMqGLAGPxAgBWX4KAE=":{"valueMac":{"type":"Buffer","data":"vvYqem3b4I+4qcjqA8jjsDjgqy/FS5jPMAbcPcxgzCk="}},"WPXwJcXmaDDaisLSvfWtx+8eIAM6/88HbOo4ih+j2hA=":{"valueMac":{"type":"Buffer","data":"3CVC5qeBoeFXLQXS9UQ+en10DKan/nOm6Flkl2M+kAE="}},"WgmSXwDW9PhmRS3M5p2LjudUoXbLYVLmnuvWxTvbQZk=":{"valueMac":{"type":"Buffer","data":"aRr2LhDslZuaLo/jrRKgz7+potah25Dl8HV916FRpOU="}},"WkA17aEgB6qnMS144BKjQVBCLlUnXL/F7yUrFNJtjKU=":{"valueMac":{"type":"Buffer","data":"GTV4JAjt5dXQ3BC/H9nPob+5zX4S+A3A3gny0nGx0oY="}},"WvVCcLRfJ9qpA1Evzm/fA7ocFWMbyg9LKJvR/i3GCo0=":{"valueMac":{"type":"Buffer","data":"rr9wwk4Rtw7XbvqTh4lEG6l4kZieWdjIGm0osIVvSSI="}},"XLtjvgHIK0mn6/WL6JPWwnLCntktzp6aliKQsxXfJ4Y=":{"valueMac":{"type":"Buffer","data":"JxxHyJkxKdwRFZVxflxBHb83jrjl3rlfnUPVs+fPRZ0="}},"XSnmVtLl+rfiy4aAHwdcSrsyg6sx+aO+Ph5o3flBMrQ=":{"valueMac":{"type":"Buffer","data":"oHNwfTzwTHniu7YHsy9GcmGq3uXSGnQZ2Nd3QBkWSAQ="}},"XUijxuQBXq8bbonfnVS9UqeMFFccbfV1m8NItdbD8sc=":{"valueMac":{"type":"Buffer","data":"FaLKIOERAzplGJmMy7l2eLE8dgTGi+Z//H+HnxpDmzA="}},"XZlURXuoyiXMJyXiQOfXLxbH/ivDu0eyCzh0b1yxzOA=":{"valueMac":{"type":"Buffer","data":"hfg5Mu2FdHKW5WV3t6Rbpz80QFwhJcL0cPqoKCuC/xU="}},"XbUecGoWLzLsQ7l5lPhNNR+Hwxllm8IP/sw9OTaV+/8=":{"valueMac":{"type":"Buffer","data":"APfGv3zlknDdNP9Lo4ASS87O1gnR9YrD1+E0Da0QCFY="}},"XjbznEeO3AqyKteLhy+rSGlOHDiXZ0OZ3YW1t/WmKxs=":{"valueMac":{"type":"Buffer","data":"Luecpzk4mt3yE7nGVXRMJqxWiBM5TQLuj4M6rR2fO7E="}},"Xl4p2YegKuV9qWnbja3pOzJaW2nd4BMgubkxgYPWHzQ=":{"valueMac":{"type":"Buffer","data":"/hxZ96sBowAV7loMpVYJkz8f+YyhjZ7hrOGpVNfS2tE="}},"XzGgT9z7cBMNamaVRD+dsrG5V+zjFRaBcKe1Rlm2bGo=":{"valueMac":{"type":"Buffer","data":"Tlu7OaLujVNpT3Skk2aYpZ0owagTnJ7eM6Y+B+7lyaI="}},"YBUueH3PROaE+d38LHinQg9ZG0Qy8f2yMabPS6pP2tA=":{"valueMac":{"type":"Buffer","data":"bBkjxp7VLKEMlEOoWk+dGwpa5Yw8zgIRq2u+eiuzSbM="}},"YD+Pd6wUoobOuDufiL39TMDodVFvQIa28urs89T1qRg=":{"valueMac":{"type":"Buffer","data":"l+/mlIucOTQF7fVPurOtU6o6tIE+TByhqYcU5BURVFs="}},"YfRLLjdXHGEjk/Dqf9Lr0HPhaV28nmIrtu5clYm2pjM=":{"valueMac":{"type":"Buffer","data":"c52giarH/K7itu7DS42uSKqgrdm4LYfbuDzjJQ2HSc0="}},"YqWCM5DPdlBET21dgMoe14pJUseob4JSelI6KPQ/i78=":{"valueMac":{"type":"Buffer","data":"na7/wmRPIwASYNnV6mps4vBo7FR5qMNP/25SWAm+G4A="}},"Y5B4UJzIS9EY8YoM+RS2G36NWEt9UOMy2QOlQPpxqUk=":{"valueMac":{"type":"Buffer","data":"s9qXSFrpZZ0gCYAEP353mIHTQyH3ylykUaOlytHeozk="}},"Z5RBTFCes1Ca4/yYBBbpWXzu6T7YcJoY9Cp7lyuxGvo=":{"valueMac":{"type":"Buffer","data":"9B6mS2Pno1L/MrdUPXYpPJRhzgbOlfcRVS6mHdcdnSM="}},"aPyJCwVRgGKLdWXQUEuLqZTbdzQxJRpSlrasAYGqZS4=":{"valueMac":{"type":"Buffer","data":"vTxG80g0gc3nJW/xfjUZ9J9BMEb+tAHLWQzTSog/T/c="}},"aUqnwGodZ4yHjAQP1EaW+895PN7XnERmKVGh3U+Ia/k=":{"valueMac":{"type":"Buffer","data":"fGYUrBizrWfwpz9On6bxSGwxWgxe+e8fCtnd0QoVQD0="}},"ad0pX+VQJR2zSawpp8FvrvdatFf39CZ4L2AJcPpBgto=":{"valueMac":{"type":"Buffer","data":"vV1RtJxsAxtJXFW3wMTN//tieHMDHIu75KUynJQmKpc="}},"aif9hN1jj6iLKn8v47Et/FBaWgmlsUsAvViAOo4V6Rg=":{"valueMac":{"type":"Buffer","data":"NhuIF3/s9wPLlNzyJDUszknhw2RPt1EVRGZY/fP5OhA="}},"alEygJp9eZs74CWlsNMU1DPUpwxCWc450coqxvhaEEY=":{"valueMac":{"type":"Buffer","data":"0t48MhlVbQEn4fNINErS9Apz1C2PnK+nSJUI3jzfJT4="}},"aqJ8CfiejnTniw7VJZL2jUb2C8FgA22kmaGRg2IiBm4=":{"valueMac":{"type":"Buffer","data":"XGkOkz26engZ0Ek2XHBo+ACaeJ9Eph/mlElX9FE04w4="}},"bJ7DNVAPd0H/KoaUXoj52XgzD6k8OBjKE543OFxeJMU=":{"valueMac":{"type":"Buffer","data":"vZ0OkfWUAwJaUs23zNGSuIuoT0KizA4CYNzrmq5thzo="}},"b/1HvZEaVNqgckxfMp+YfxDKuTz1+qRPs7kTDCncKJA=":{"valueMac":{"type":"Buffer","data":"hPOYBKMrnDlfLfIRViFj/4ov+RfVZumf5ujZBQSr52Y="}},"cCcQ9gINy8MYD5+HRA95YSlx2quaqy84HIXjMYE57fg=":{"valueMac":{"type":"Buffer","data":"EG4+jQHWT1Hks4xQc6dmIG/VzKEKO3BFqa3KqrrYBYA="}},"cTsaU7iJzXZVAxPvjxM3QbbO5vV5oL3XniKr1vvmFhw=":{"valueMac":{"type":"Buffer","data":"9kBmZEvGq0dXy88TiI8INccn51KoknozS4gEiyrFNWs="}},"c1tmNhk6YfifqIlVQ+pOVgKzk/wJ156uixksoYWVmLI=":{"valueMac":{"type":"Buffer","data":"dHeIccN48peH4BgThNLpq6QOpEtcFtDM/1mBOTS/Bc4="}},"c3Th7tkaqZu72IoPC3xcYqQ0FX2in6/Nv9fUOstxF8Q=":{"valueMac":{"type":"Buffer","data":"TNvATLlSgslZK7/Z9yyUd/YoCoIsTTp1si6RGEQ8E6E="}},"dG7ni7Reghx80ElYhXYfNxmJpkIEuF/oyft79jsN0yQ=":{"valueMac":{"type":"Buffer","data":"T67ivOn6hTp/dxPGBIZKz4i8lJYZK4OWynZIjxK9xQA="}},"dHKdv62/v7D6Dj1VavaKSgTVghMa5ZMSBm3cxgN9pC8=":{"valueMac":{"type":"Buffer","data":"GYUJhu5DQKAonw9TmYJUtaC/EqhOMXiY+BcC2TB0iCs="}},"dR0eNV5exWBLAVQwuU76qc0g60lDWWJ0fM/dFRvdZr4=":{"valueMac":{"type":"Buffer","data":"S26YT0m57HrcxF6HHSPwrR9JQ3zGToi2nFc2rSJKxIo="}},"degH/pnbW93qoY16gxPqnNa1U3MPjGSlPPsjQfGoeFE=":{"valueMac":{"type":"Buffer","data":"m2a3Fv3hXt+AS51YSYRSAZ9vK/MpERAQ0AWKEwH42p8="}},"dyowXm3Q/MPbWTRaRzYkRXek7POq76UzwyBtHKW/49c=":{"valueMac":{"type":"Buffer","data":"BPv6d3sjkAJjNCf242JNOI4Heh1L/fI0EtxQiFTEJFI="}},"eGpO8dHHqG3KPAhcKSdhtfmMlTYyxQNjG4/ApEN82GY=":{"valueMac":{"type":"Buffer","data":"fdDKm4i7l+u4bqDgZBZiLXJeHsNsoNJeptav/Vqkzx8="}},"fT41aeROl58rmIZolgne5aNEzyWl/YbTiCPcDJwd+uI=":{"valueMac":{"type":"Buffer","data":"B4+tWXeFsSvEaOjzHQgKoTY27SVRs1/rr963QMEL3vA="}},"fb230UdIIOoIgXeKdNElWt7Mc9sDyFt1tCPzinKrSc8=":{"valueMac":{"type":"Buffer","data":"/SkO/p6eDOIECrTPOtB5eu5V2culL37sjyIPXthoUaY="}},"fc/yFXI2u/k+jCO9Wp3fB+YPPkQer/tDdOk+RZ8Jtf0=":{"valueMac":{"type":"Buffer","data":"KPQtor+UFl8d4jz8j5qpRaWm4bSe8pVhFPkMTA0UCG8="}},"fdsKvRK3o901XD7ZllXnL7WK7KPOvmOgcj/14uGQME8=":{"valueMac":{"type":"Buffer","data":"p+keTgcMdJYIXr9QfYcjQ+zim97Tvm3pRXdrqmGxm4E="}},"fovrS2gnykV8EgEMvfzrfSeMIRUDcV6isD1I2M1OM3Q=":{"valueMac":{"type":"Buffer","data":"UrY9/KSSGVCS+Scg+far1BVVdRL0LhRtFv6BYpdNxEg="}},"f9ol/hQebaS037978v4SPuHZZxY04+Vx2pinG7JxsUY=":{"valueMac":{"type":"Buffer","data":"bNAC2xsi7MBKSLTqzsWM+UVOW0UwO11sWfp1agsOfk0="}},"gYW4ZURA6+fSrykSrVutyYZRT7RRtEPx0jcjOyGSxAo=":{"valueMac":{"type":"Buffer","data":"FetNbQjlQ+TJ9QMZQ7viayXo8no0C/xdjHk5NC/qJwA="}},"g8yoU3vRCcbC7yXfW8WqSEIAnOWgOQ5wvFAiNsrgnwU=":{"valueMac":{"type":"Buffer","data":"ESm80VW9TZfryHK1CJ1Mh3hS2IFs/r1I/lFpXtfg2yQ="}},"hsToGDjrFuWSD8tPVni5F26cAsNztJC7PiRn+DWOROA=":{"valueMac":{"type":"Buffer","data":"TcjNuS2rvTyRulHiWJfy3JeF31QXY099N5UDwLjkh4w="}},"imeSJzEwYiQ4II97IV7Pzf3MT5Zgii0AWs+0OgNgO5U=":{"valueMac":{"type":"Buffer","data":"rea2jQMKWa62ea8NDWwSuY1q1AWEns8tcU4NSfnofXI="}},"jGUzitjdNAe69vLfP0O8JNEXdvgUMxpOMaBH21qAOkk=":{"valueMac":{"type":"Buffer","data":"zwV//SbnR/CaNJIDL9zSSvklME4iEhgH4m/Um8DAOzI="}},"kCtovKdW3TG6IzJOZ3ZJaYAMG39LkKbc05iJwu0EICY=":{"valueMac":{"type":"Buffer","data":"zXF1b4lwFvedRZ80N0Ppq1zKXzMg8Kd0uzGs1CZt9rU="}},"kOiScaskOkCHghcnj8+24pHoJ/KkSHEb+tm1K8iEAyE=":{"valueMac":{"type":"Buffer","data":"k1B1/AgNE9eLappx9DBdnhJOoldv70dbgdXarC1CEUI="}},"kajvdeLTs0JflXDGFFy6wjPn1ubElqogm2JhId43xUo=":{"valueMac":{"type":"Buffer","data":"uU61IKW0fDaSxh6MtGMXp470sXUmaPx2qoDdxB1Ks7E="}},"kgPLits9N3Sy1ooKcDTCYY/+fs2HiRuRzEJALXoSDEE=":{"valueMac":{"type":"Buffer","data":"i92NG7GXLvLjfS0hSbg63U/YgRAUBIrdB8zDlYuZ9HE="}},"kxkg3+xfnG7IAYfIAC60fNrG3A5lmpHXm3H1P3pBRSY=":{"valueMac":{"type":"Buffer","data":"MGYLNP6r6b2k8xTejrJaSpZcUCHBaQVebir7Pi5MFQ4="}},"lFmsqPd0kdDGzLaMuBbLPl/19B7Oo7aQ/ExoKnwG/uE=":{"valueMac":{"type":"Buffer","data":"77uYnVZ8dxunROOMa3+AHRFSGSON81kiSduQUGe3hB0="}},"laj0+5WoFj94cqE6t8SjXX4WDsLHjkhit+/A+H0Vuxs=":{"valueMac":{"type":"Buffer","data":"FWq/GA12A54PtDwbDvkACEZ69PnQdeye6oRppmw25vc="}},"lcbyvBMk3zAfd1qb3nYMa6jyPySxyFfuqUj7EOjJxj0=":{"valueMac":{"type":"Buffer","data":"W2DAp2W4Rl6CAB/ciJrMxNXAcw3tAD7QcXQbXoBGuAQ="}},"lcydhbCChpRhJEF7/yC23MFenGb+xldoTGg7Ze/KfwA=":{"valueMac":{"type":"Buffer","data":"Ox7i9mEvUIyqq9cx0laFr6uVvaKXcqX7BjCH+PXczYI="}},"lfZ1ezFf9kO0ckMZE8jv6zoaGXKztEgGUGED4FOQwy8=":{"valueMac":{"type":"Buffer","data":"3S1TzD+rNxrTR5w6FtiBj+/xKZdOqGmXey/7qxZlrrk="}},"l92K3QxxRs7v9COUL9CkX0JlD359CT+8ybKNAOSORW8=":{"valueMac":{"type":"Buffer","data":"GbyQhEsrY+tun22a48CSJHXZndvMm6ysVvnsYoI3DoI="}},"l/FIqK9URTRiM272C0esD1snk/tBg2azaxqVMhKDcZg=":{"valueMac":{"type":"Buffer","data":"qlv7LdArsChCn3sJeg1tlkMLIhsNKFd2hgnfLcBM9O4="}},"mDRgi6HQfJYxYktdQYsouoqIIn3EbvX2T/7k9hI5pzs=":{"valueMac":{"type":"Buffer","data":"9al39cQPGsMpuwyHvarL2Wghbd4B8ZPyQ3LksQo3jK0="}},"mXl9PjjoQ6Bj43mLSwEtW3Lj0jd/nHF5k3jt+/ZWW9A=":{"valueMac":{"type":"Buffer","data":"WRW2NhmE0BBekDcNZ3bw+GpX2xasite3Pbpl1LEcf/0="}},"mdlFpGopExrCKlMdeZynhB3G2M5vy923dmBgXF/9oug=":{"valueMac":{"type":"Buffer","data":"KoeoqWJk414vvfLQzbOugucEZv+9KjZbBZajFz7rj94="}},"mhWOMYOVlO2k/cp3DqxSAD6yvuBUrkJ2J0Q8fcRB1ss=":{"valueMac":{"type":"Buffer","data":"OU1lLttdnCg8hND6YFCIo85fxEqHjKou1xCEXpQsS+4="}},"mj40O276y57w31v8v+eauf8WNMpbp6UaO4QuuSEvc1s=":{"valueMac":{"type":"Buffer","data":"5YHk6c6tiKI3ZyYHpdJEMueMIssf8YPj0vhhigHqkGw="}},"my2eRHeTb7/zk0oMaVlMCgXO31NuQ1hDG0pMJmd0xnU=":{"valueMac":{"type":"Buffer","data":"VOSbCwgc93VW5xkLrQIMzGcYGKBiy6i4HgyOIDPZLME="}},"nC2LRQ8A4oxVV5AUg/yt8yUSanitYoboVfReGW+wu90=":{"valueMac":{"type":"Buffer","data":"k88MiiVTrzeafUgCIL4LkL2ZiQYC76T/DWUPhipfOAw="}},"nfFHY8du4qUG9l7ylQB8yBmwoH3VKW5nRdLZF0GHoao=":{"valueMac":{"type":"Buffer","data":"xqAcggNPBpU+WDzPHTD80duc9b2DvgLXwcxD/+wGGjo="}},"no1R4088Zg76hynYFbr+geayRRQrJAT+O3YPfc8gK7k=":{"valueMac":{"type":"Buffer","data":"RP2lwvHW4JUa/UJLWsLOcxHrT46YfyaDr6lotufHmj4="}},"pXcPVA/Uy+5zwCYpPhuzf49V1tZQXbXAciXwpCY77Bo=":{"valueMac":{"type":"Buffer","data":"xRCzELnlc/W6aRY+U/mEJiej3r9fAsmW8G/XQHmSdOM="}},"pcNMj0EBTeR3btppN/9yAHa+WxG9JLiErR81zFt7fqQ=":{"valueMac":{"type":"Buffer","data":"GJ6Bf/ZgiadNqlEWvk9mdZFj/ldHcpZSJvonbcrID4E="}},"pdluBAiYKV2kDvqa5syF82l+BUI9t/ItkkMTAwQmUl4=":{"valueMac":{"type":"Buffer","data":"qApIIyY8ErJ4Hde1F3uc/ogDb3B74Yw3ZAKviU/zZ9k="}},"pt08LPCfkUMtNuIgVxoSYWDodv6Awf77+V/F0Hmyem4=":{"valueMac":{"type":"Buffer","data":"gurZgcBHLJB+DtDfI8hVwZyh06KIZqgt9uYbCpiJ5rI="}},"p83FmGbuthS14zwVWUC/tiZPNMZ8xAYfcdBNU6dggDU=":{"valueMac":{"type":"Buffer","data":"IwvTDm689O4vTRrrI5AbKJKoAGP/bDDxAYuVwT1NVg0="}},"qkf9Saoov6zr03DlMfchlKDYczI1fnjfJb8ZVozBjJ0=":{"valueMac":{"type":"Buffer","data":"qFB97N87eMagU6of2hDkTGG4y6KoGcRhqJLuWxFV5kk="}},"qlRGa9cshGzA/A63Rk9tITQVsTv7V9pOgEue+8eD3LA=":{"valueMac":{"type":"Buffer","data":"HlR3liceIf8UVcqI3MzyW1WtzxK7VHCrEylne25UGnk="}},"qp3CwUHePF1sSGM2xJvBPO4nA3g6Lu8dPujLHi0+of0=":{"valueMac":{"type":"Buffer","data":"omdDODXiaB7WmR73kOu/dKJtFS5Jn2Km/jJYsvFH/M8="}},"qx4x1o3GTUS5KsXwNBekwjl3P807nGv7TblJDEurQgc=":{"valueMac":{"type":"Buffer","data":"prAWLlGk3jYoZtUpsrKxNITX8jvaK7+iR16xwhhE87w="}},"q4jlKSmhugT9KIkbXzE+WURY2N0XIAJKXk1kHVj6cUo=":{"valueMac":{"type":"Buffer","data":"wzW4/lFrpt0QbZ2x7ZtXPidz15SrklBQ4INULGrnarw="}},"robITWKL47bP5o7+Qs4UwYLtmBozbDE5JVVMn+k0Xls=":{"valueMac":{"type":"Buffer","data":"W6niL5tGA1TcHpWd8fRbdcJ2C7gs6+vuGhpxmt0NYL4="}},"r/RUVQzfws7LHZ36h7d6ENuXBkn0hKF8xN0nxDYcuI8=":{"valueMac":{"type":"Buffer","data":"eyyQzsvU3Gz014dNX9WndJeFZrbEE9fo5qF1xmMipLc="}},"sYMQanxAA2SuX2hAw063pKJcUxuLzbXDf3MDGcMmWLc=":{"valueMac":{"type":"Buffer","data":"Dc/l92Txzprs9WIxCdcDFZaooCk5PzVbmKvIlOOZKmc="}},"tA35UEGVos4DxMEvfba3LzAujyQ3HgbeQL2CTPf7IeM=":{"valueMac":{"type":"Buffer","data":"eHCp/GuKYzt4+6lntCR6jfo0gPiF5yiDfFSqtyHOJ3M="}},"uNcSDWxOVrS1Sdxv61ED1vd9ASdssBwQFs1zQIuo5zs=":{"valueMac":{"type":"Buffer","data":"IVxD6lxzpIkAZ8Okj3w9q0vd3urr46rB11SifGV77Lk="}},"uUrP7IyCETpKAIhCpgJ97HlQH60IsBxV1bYqMsaFGwE=":{"valueMac":{"type":"Buffer","data":"adhPznzQPvqEllqc8k5Voe4nxb8gYz0tF32Z38Q2OcI="}},"ubKvihq1E94x3g2zCtHUZwZoRNj1SD1LSf/bhSUc8Ok=":{"valueMac":{"type":"Buffer","data":"mztjZe5GLrDDTzQ6hATVqDB6woGNSbc6Sw4fzSeNct8="}},"uk7yHGYVSA1su51lI9wYBXdHZXNFIYNsjW6dRoGpevY=":{"valueMac":{"type":"Buffer","data":"Aa80HI62+2L2RSOHhFRgp+iZZW41B7XbFDw3JetC/tk="}},"uprkPuNz3P8KtL1GGx/nW61bKS1nh7EYnn95j+LuhUQ=":{"valueMac":{"type":"Buffer","data":"LLt+oPzaMlZwEKIttjryVmz9rV/jTDlzYyF7TBz8eSY="}},"vFJKxiaxgdI1ltrcByuXnomymiiwcx1Zk2FvMJPRIOE=":{"valueMac":{"type":"Buffer","data":"no7eexCTQpgezLgcV5wR7quPKcgcPk4ejZ++NHSDU10="}},"vJjsVMoyT1g0yHeTTZGSaom+4RubR38HMPVbqUu2LnQ=":{"valueMac":{"type":"Buffer","data":"YoNPPMZjcyNpb3yoLBB5tgR0qnk3SCY0dxJpdG4Tj/k="}},"vRzRnyUraVhh3cv9uT17hhcMTTMxbCqfczDYe3rd6ZE=":{"valueMac":{"type":"Buffer","data":"3ad9RgM6I50Znn+J9neHiY9AvQzjP+sPBxBrtb/FwPQ="}},"wP+wXPft6G3KDnc5a3pd9Ymu300TsKJ0E22iQuLL5Qw=":{"valueMac":{"type":"Buffer","data":"DQf+G7mNtk4Rh6JUMnIPlO9/DaFwMiU7sZWky4pclTA="}},"wu/mRF00XSASy80s1CP00jYORGKrb1yEQQfV+5d1mGc=":{"valueMac":{"type":"Buffer","data":"z2ABwgFEoKt7KOV3nIkVyeL+RcfqdQVrk6PK8vqpCO8="}},"wxqAsrX01HbyAsx9TZRbrJXp4Xnvy6LKR8D2UTZsajY=":{"valueMac":{"type":"Buffer","data":"Jw08MYSyyM+BjxAxKax8YlVLUYCvX7j0GVnkn57QINs="}},"w6vxp/AU7VVQeoWWNcrHTEgYnbwiC93vfAs8V22KXsI=":{"valueMac":{"type":"Buffer","data":"25A4WF9jN/B69dIeidC9d9HYHZ6+G/1s5OA86YtpmJo="}},"xHCIPSHc6fMIq7tpEjBfo1x13cHkKScuz2qEze5qpAY=":{"valueMac":{"type":"Buffer","data":"9N3Id73TU7tXVvIa+qLpjEtjFKTHFbAvJLxwQu6B9Rs="}},"xLLSm9HgvfetvyuVdD3ja7YrBmwphUinlw6gjHelbxI=":{"valueMac":{"type":"Buffer","data":"dHeztkMTqdulDFwkAj692OlmKT4lfLRJQQuFKEY/cb4="}},"xNQcSBHSBCs9xL6YLbbnbejVjZIdM7rnJQA3YRuV7sM=":{"valueMac":{"type":"Buffer","data":"XtSoxcAO8X38tvoF4aCTIw966lKvOnoOh2wwvw8mNWg="}},"xdPOY1oQobgpMWzJCvOBqrRMpmp+3KBU/eZXbei5ShM=":{"valueMac":{"type":"Buffer","data":"025TyuwdnXP1USkW1G1E/usdO809T8/lbUIrAPdk4Sg="}},"x+OUPwwJB2c5v+sPDmAyk9OgQnIAzu7PMd4Qp0pW7z0=":{"valueMac":{"type":"Buffer","data":"f0kFGpY4g01mPtrREjvco4R2rNNbCL8v1gkRI3x9mxw="}},"yLW6LWNbB89HVoZ9etuvvuIWz1j72D/Smdwe4NUjKj8=":{"valueMac":{"type":"Buffer","data":"85T7qJmWi8aR0zbAvZV/21pjHEUp6N/7KN/B+9ihgtE="}},"yMTJRIiCxstLwHIfa/5E/JX6tTvX5zq75F/a4kohy14=":{"valueMac":{"type":"Buffer","data":"NMom53bpFy7MW9So0QcCb01Md2CKhsC7CqFwGbk7I5w="}},"yc8MxH0hLP6lP6fgqEq/gUx4tAbBFVJ7MpWQSAdOcBA=":{"valueMac":{"type":"Buffer","data":"7fzTpiFkh1WRMuEFvFdjm5/OIv/bCt9AdSXjxOXnE70="}},"y6X/462cnQj71ra2n0jL3adJumZPUf8jy4RQWYwdd3g=":{"valueMac":{"type":"Buffer","data":"shvhkIc3vB391iTLFyDxjFNBOUJxcnLgtgFKGrLJum8="}},"zD/Tv/FLzBnWjhJgqCK1YWx8lUS9nRxxnu2OgMmFqA4=":{"valueMac":{"type":"Buffer","data":"j01GKjZijbQ2GtU66VfTVGyKtmSIkILZZIiO6gSipdo="}},"zWVBGIg6dvMYqPjVCfJEmdIFr7wv4hqjr4xOniVOq8w=":{"valueMac":{"type":"Buffer","data":"MFakkBahGWockMuUjPp+60phiK31mrYGEZNTO9LeHfw="}},"zkuqV0f0X7E0sJNCL9l7cBDeqxwfYCF2j1kNhYEiYvI=":{"valueMac":{"type":"Buffer","data":"VXF4Em2oYiVXEogRmVUr/V2OvmJEgFqbwhA2lHJZGTM="}},"0UFhAD/Bob6i51kUevQyThvQxkNuGUjcmPlb7Y9Dpnc=":{"valueMac":{"type":"Buffer","data":"a3zH8HGymFyO7Av2iSIX20LRC6vXd15vbvxV/F/Bv50="}},"0X5XSLrsaKDt4iHolsv4rDo3//S1vblbmrb7WmMevPw=":{"valueMac":{"type":"Buffer","data":"Ilkg7P7/px6NS7b0858AToB0Z68CqCqyOHQ/2Gf37VE="}},"1JJ0qcMLaT21+xMBxAsq7Ij0QHzVKJVImYb6jKb1894=":{"valueMac":{"type":"Buffer","data":"7mfyg3d/qhfO1H4yGxOAEmWo5t4wjYdGnW3lml2VGb8="}},"17YQB5cSmqGXgtb8ojtltFOYR5G7YK/0n8+HZc3kCX8=":{"valueMac":{"type":"Buffer","data":"Kmzeil4C/aSmvutHbvgaElG8FJ8tKEc+LNg9g0BD9Ds="}},"2KTDtFsEWH/bgznqgUyug15AJ33KkJI0rfHUyy9RAzA=":{"valueMac":{"type":"Buffer","data":"gwN7TX6J864s1JoiT8j38i60mAsPPM4hyAZBB3pQzHs="}},"2LNleYbTxt5X5x/kDEYtxwi0GZfvkHuazQyULK5u45U=":{"valueMac":{"type":"Buffer","data":"7Q6sLd8m9uD98Y0UfrvqzCejK0gsnImNpTIgh0l3BXI="}},"2R79y8jlbE16RQpvFouuJUmAVSqQDtf4P6iLvNEKR0Y=":{"valueMac":{"type":"Buffer","data":"xnWGokP9kFpfDjZd/XTV1LILqE6smQ8N+KfS1d1Bq7U="}},"2UnQ9u+bKLvykEGNLwRcY/V5HduMs8Wt6uaF4gjuQEM=":{"valueMac":{"type":"Buffer","data":"CLtRqKmy0+EubzrAAUwDBFT7RTUXOduBfaZvhK4A1Pc="}},"2kMF6qLrtXfMBZFkRJ0K2Tes9uFW6XdNeIiqUIsJF0k=":{"valueMac":{"type":"Buffer","data":"7dfz4ImqaDu8NjUfxz8naNMPDlrxEiKoHwH+I3XMIo8="}},"27aDDdSpBq1/rMuky7KqUWyUKDpDbjCzSY6nHahxvGs=":{"valueMac":{"type":"Buffer","data":"mam325Gw9yoeoJbpZq/UWBL5SZVx0D64ubqDzSPINyU="}},"3EcuJvaOnzFWt98FNP5N+PjZMm5ThcszoPSgqFeI/WI=":{"valueMac":{"type":"Buffer","data":"fIsekb0YPRBy0hN9bCCciXmSZ+MZPuehwlzUMwFq8Cc="}},"3MPGfUNIMJiIUi90ihosO/ITR0Qm8kpiLQXocW07/VU=":{"valueMac":{"type":"Buffer","data":"6IJpUOks/sD5Vh/9zo33Qj0/Ps1HbHgSY83jlZv/kPI="}},"4XM8KOofdGeofQMxgNonhJq/flFhvHOL24buG/pveUw=":{"valueMac":{"type":"Buffer","data":"uBDdR/FyE+1gLHz6rzXSNvi1p3mxdWYlWYt/2fiQC9E="}},"4YmTR1QwYST9xwTPqgnZekj+ZFibezpcMc62b3bnXkc=":{"valueMac":{"type":"Buffer","data":"yitaamniUAFACRWD3RutQ6P9i9Csb0nKB4FfotiLAS8="}},"4ZQ9QY/ICJC0DMdd8Jqi9ZJaLV47Uv2j+uEwxlSQqjk=":{"valueMac":{"type":"Buffer","data":"biAUhV8j/YgT/Q/c59M54lBbyYc0Nh1Wc+ZtCsvmew0="}},"4zB8jMavJkIwNjPQ+HnwsNFpw5SMvhbzCX3/L6DzqQY=":{"valueMac":{"type":"Buffer","data":"8zfhwLCCfixVh7XY9Ve6EGNHwHwQQc+8Bv4ImnV/0Dc="}},"43XzIeKplV6VRCBqoTVwQgrhHzmN3w7TwJg4BXCT3yU=":{"valueMac":{"type":"Buffer","data":"ou5sqFKMe+kpdVo4cJL8RhVVCk8+Z1PC4n79jTbftsc="}},"483GGTMNAHk2wKpjEB9GdWpenRIzsJTyW/aAwYpaIMs=":{"valueMac":{"type":"Buffer","data":"lkvb0mhaEBR7wBX20BN9anXUgc2wRR7kf19emEwIY3I="}},"5WmdLS4y1UtXDp4+h6Aq3iwdYAPBnNgxF54yOLA52yI=":{"valueMac":{"type":"Buffer","data":"dm+AfXu2TWqrBy6eRfI2bvMR6mCEU2ewaKfUj1TPz90="}},"5hav/rrJ3uR5QrjQlAoFBJYs/mytrj3D3O1vXVGuWdI=":{"valueMac":{"type":"Buffer","data":"KP/A0LPB1WXd/gXQCTH4M6ToEz3QH5w9g/2YF52brug="}},"5uzkhLHebesufiM0Ma5wl/qOMfFNEFlKGyjp7q0SraM=":{"valueMac":{"type":"Buffer","data":"x9bVt48FsplKYvqisUNaZzo6xKhzkmOU7tqYoEwnOnw="}},"50/8c8uaqE39Yq1bpu/6nmWlMdnu0BRFjg/9ZEfqPLU=":{"valueMac":{"type":"Buffer","data":"iQDdVscZa6xgSNfaJuvUSrHkY0W8cymYO4XWBqFOXwY="}},"6BQvztPc9SyW7B+rhyXZGb+Oggjggg+qFVDhwPzKZPw=":{"valueMac":{"type":"Buffer","data":"9Pm4CgfIqAI3bbqw2qxYfbo8RuyTthAPCVtP+AandfY="}},"6LeHVFVb+OuxWN+YpH8JfFDQprOPOP4xcekPwrsiN/0=":{"valueMac":{"type":"Buffer","data":"O/Gm38TgtHq2A9MWrDEsAJLG+NRpN0mPXM6XtdysAW8="}},"6VNdqs3GlpAI8RLpEoyAHSlaa49dGHkOFRskg3bYFdE=":{"valueMac":{"type":"Buffer","data":"IRIgpIHxUvtO2bdPSiEmOB6OCSCxqjMb434a3aI01f0="}},"7Eo7dUUqIDgSOF7xQMqRLSBDssgdjHvmrNYzPRdvOOI=":{"valueMac":{"type":"Buffer","data":"dsTlL07LGDIMPgsoXZhLtwIVb/0CpX5Z8giiUaEVMo0="}},"7mwPSP3MyfZdvnRKU1yFpFiqYpSJVYMK6+TAzfV0PME=":{"valueMac":{"type":"Buffer","data":"jTsrizRcg6gLJzebl/ixUaceXLn+anSJ4hWRMmOLQC8="}},"7suGA0mtCghIi3h1qpYHwEeTZIL0m+D4fxPxSGVrJ5M=":{"valueMac":{"type":"Buffer","data":"2NS/AH7vz3lp+sgwiaVhpMAlRe56yY9YNoSDnbENQ2o="}},"79pFM7n6l4QKlymqZy5eT14cwvKA0QU/gcxutgITOBE=":{"valueMac":{"type":"Buffer","data":"DYL7WChFN6lcungFZLaLO/6R4wTjbC7CxylVaXDREGM="}},"8AGdNUpegqMAD6OMoE9VaLjP4Lfxfn1i63/bwjtcgIM=":{"valueMac":{"type":"Buffer","data":"8UUV0wXbg0SF/fxf+l76xaeRTSvHgy7e64OWCuAiLQg="}},"8HgjlvkOmxXwAIjmLWJsjevUdGVM4PTCBUAvIKop6hk=":{"valueMac":{"type":"Buffer","data":"HMcHlAu76AVLi9ADjcHW8jpcSygK+GSJ4T+oLMkTbZA="}},"81pG/haFQLAf4uogAYtC7UzwQNjOxr6BGJKSiYq+DiY=":{"valueMac":{"type":"Buffer","data":"3vQxChfUUS/gA3eyNBawOmDcbLKlNgBYMzEdpWYPW8o="}},"9BXmQj5TYWVZg5rBpahcar7F9ltmf6NJkIKBryKxmMI=":{"valueMac":{"type":"Buffer","data":"3u0qiuygci5Y6vOyJ50LA68TO8NbjFaegXiYs9Cx1bk="}},"9KFGk1jhc65VI0HXl0MMaSr3YRv7sT8yVujFg5UfT0Q=":{"valueMac":{"type":"Buffer","data":"MD0RO0XKlwVoZR7bV4+wVp0clbneRP3dFNhChEWvXqs="}},"9fzk6EdttH2zB/Fkd6VHn4rAqZ0uHyPL+0CPdkxTFm4=":{"valueMac":{"type":"Buffer","data":"feESXgZh6f5d3FKphoRdYyJh9uHdJHkx7ELGf42ww7w="}},"+E0vWopRZJs/B0lrXWc8p07mZak29Nk0QoP1jACYSuM=":{"valueMac":{"type":"Buffer","data":"ZyLetaWBb9k6xqHmBY5oPcDmhi9TEmwsyraXwzpAJqg="}},"+WRjQMxZ+aK0GFRx4XxopQYK5mUre/RPy22PEQ/X8z0=":{"valueMac":{"type":"Buffer","data":"mloh/YYa6Ygk88crOoTLWoeGmPYcFRdgaZeZJmdn0Vo="}},"+7sYiawaNnb4sufXLLQ4F29IBy1vmK7eBiwa4A5pO2Y=":{"valueMac":{"type":"Buffer","data":"1qFDSXys2j5/djA1n5ucM1Sxxvx5cr3bIGB4jdZGGPM="}},"/GT2qpWfBe9LihGGtR0a2z8RvO78urnnkjEVZuNSXPE=":{"valueMac":{"type":"Buffer","data":"O7DTj7ezxmyOJDNuzcUgSHTGp3l/KL1KsbjCF6Vifos="}},"/eT3vLvfXBIz8q5C8Z0fDr6AGuFlKcc8tFUXsPmTAQ4=":{"valueMac":{"type":"Buffer","data":"PBUmwt44bFDcCMZwzhA8hDjJksjrZDtRmUmNq5IdXi0="}},"eOFKtmpcfceaXkysDMY584OBwwqamDxpr9rgqqENwcI=":{"valueMac":{"type":"Buffer","data":"9/KyEoHygRPzcRmeF0O543ppJ9fQZo06sZPce0ncs6I="}},"HB4y7TGiJsy+4iRxS/wi7pSfKQKdBf6mCbtVZHQtAXM=":{"valueMac":{"type":"Buffer","data":"OvCCLaDi4duVqdwfvpLQ709NhZtJ76uqw238LemL8V8="}},"lQ7VzOqE0RUX3YOtayPY+f8wqtC+jj96mFKlLX0GbsU=":{"valueMac":{"type":"Buffer","data":"qU4PwqM8AL0ychW7YjNfsCjB/+Ocku6Sw5fTj4WfRQQ="}},"Tvaes7zXkVJey+3iZgP1bvgkJT04BrqyNvZE1Z8hsGo=":{"valueMac":{"type":"Buffer","data":"JysVqxf6/uWIMBhGktkSTqDJ0frAK251/AnyY5JRfl0="}},"crywh3o8VUShrB7gdkFufuu1UWvxO8pti2d0ib9tVEw=":{"valueMac":{"type":"Buffer","data":"ixZ3zOBXpR+7u2+ZVtzLLjrqYCztZYpLHFWLDcKFeHY="}},"Gp6hgl9oZm/Rw9g59jtNoMhxu/i2aktZSta9kozivI8=":{"valueMac":{"type":"Buffer","data":"SnFuw6w1ZQxjWYUQXk2NE6qKBkKCtk/nc/dQe6d+Hcw="}},"woKZycUJZZh7PNWG9yKUB+mMRfj6oH855XPnY+NJ03s=":{"valueMac":{"type":"Buffer","data":"/qjazQx+klagwYjMSDn9b/9+q8jkh0v20JxLVoANyaQ="}}}}