{"noiseKey":{"private":{"type":"Buffer","data":"yLKhC0wxFGbSxwqtbQQth/D8xizBRuCaz9Oc4Y31t3w="},"public":{"type":"Buffer","data":"g82I3P8Y4vu2gt6gogMpDNGB9vimJk1YpS9JRAMHo04="}},"signedIdentityKey":{"private":{"type":"Buffer","data":"2MFGbpcx4vdaEStAn4cN+zpsMxSyE3aygSDAbLPiBlI="},"public":{"type":"Buffer","data":"/oxkN3DaX393q4BSqgHNlfZBZOozvzYWah3NzZnt4mU="}},"signedPreKey":{"keyPair":{"private":{"type":"Buffer","data":"6MUyXW+Nhg+eCsY4KR6c4dOmKuZrPqTV8zqnKfl8uFA="},"public":{"type":"Buffer","data":"T+epBS61K47U7FEDWoQumVbc4dsujY0Odvg6aOHAdhU="}},"signature":{"type":"Buffer","data":"7C3nQDCeLXZW0NWejVGuAsC7EdpeYFIM9L2laCur10zjs0fPHsHJFiZNfHC3absD2GvTWwF/9DpOToQS3ycxDg=="},"keyId":1},"registrationId":83,"advSecretKey":"ErmoZrrRLOKKsfqhghoxsBTfWmxZIgeMZ3BHQ3rL1jo=","processedHistoryMessages":[{"key":{"remoteJid":"6283150869541@s.whatsapp.net","fromMe":true,"id":"30FB3A155127B3BA8F93E6BC48F7B0B7"},"messageTimestamp":1687022387},{"key":{"remoteJid":"6283150869541@s.whatsapp.net","fromMe":true,"id":"48C43FE6976C45BB1ADE2C987B8847D7"},"messageTimestamp":1687022389}],"nextPreKeyId":56,"firstUnuploadedPreKeyId":56,"accountSyncCounter":1,"accountSettings":{"unarchiveChats":false},"account":{"details":"CM7S0PQCEKXWt6QGGAY=","accountSignatureKey":"oMP0hZoctiU+I9PZYk3KpyoKiq6+CKBWSPYLmCvuoCI=","accountSignature":"fMB6iMxlT4PTKmCMTU7/hLjtIOZmL+n9w8+Yoh2kQe2I3o9INW8gz4MMf1hCQ2oqK6ovBVgaZ54cVbx5xGBDDQ==","deviceSignature":"jLx5AT92X4P611Dp8i20mWEM++6o46oaehbksNQ9vpAk1KnVnfTpGG23JbDRg40C08KYJt9BV0+DXD5MXiUsBA=="},"me":{"id":"6283150869541:8@s.whatsapp.net","name":"AI","jid":"6283150869541@s.whatsapp.net"},"signalIdentities":[{"identifier":{"name":"6283150869541:8@s.whatsapp.net","deviceId":0},"identifierKey":{"type":"Buffer","data":"BaDD9IWaHLYlPiPT2WJNyqcqCoquvgigVkj2C5gr7qAi"}}],"platform":"smba","lastAccountSyncTimestamp":1687022378,"myAppStateKeyId":"AAAAALI+"}