{"noiseKey":{"private":{"type":"Buffer","data":"gHa71EGZZ31czzutC0fBnTIln17YucsR/H37FJDIMUs="},"public":{"type":"Buffer","data":"5xZT972WMEdAF8QHgNMIHm0+mgvz1YVEuKMkPjtHphg="}},"signedIdentityKey":{"private":{"type":"Buffer","data":"oM3bg3loCL5Z6UNtWcShXZQ72Bqfh2l9JJbayyeSUGI="},"public":{"type":"Buffer","data":"Hl+fQGNO59mUSLdyNfD00VO4h5JysmprPvy7TdzXyiw="}},"signedPreKey":{"keyPair":{"private":{"type":"Buffer","data":"qI6SqFHcAc9eBnr4V7TA68JoX5tPGsASopgfgihiQm4="},"public":{"type":"Buffer","data":"OLG+oLdgN6gAP9scGyFzLpWlfQaETjX6YR6DDf60HiU="}},"signature":{"type":"Buffer","data":"RyqLXzRtz5bCIphA/lXn3KPBaYe0V+x8+ZoPzTvQOCgyCaSdTWUUw6ZKIgSCOFtlbi7W3IaUmH/3WRZY4bPRDg=="},"keyId":1},"registrationId":193,"advSecretKey":"oZ+Dm5HTwF/hrM9t329ZE9lYyAa7jvFMjct5wOM2Rrk=","processedHistoryMessages":[{"key":{"remoteJid":"6283150869541@s.whatsapp.net","fromMe":true,"id":"B44E7ADCC9E26D5E9F1E51CCC9100A3E"},"messageTimestamp":1687170711},{"key":{"remoteJid":"6283150869541@s.whatsapp.net","fromMe":true,"id":"0302C6550259682866E5E0C9ECB47FFC"},"messageTimestamp":1687170714},{"key":{"remoteJid":"6283150869541@s.whatsapp.net","fromMe":true,"id":"EE41B1CC04BBEB9E29ED25F96AFAE884"},"messageTimestamp":1687170736},{"key":{"remoteJid":"6283150869541@s.whatsapp.net","fromMe":true,"id":"E558574B944D22F023DAD719D072C7B6"},"messageTimestamp":1687170752},{"key":{"remoteJid":"6283150869541@s.whatsapp.net","fromMe":true,"id":"316417FD17CBC2E34A2F0E12CD5C8EE1"},"messageTimestamp":1687170760},{"key":{"remoteJid":"6283150869541@s.whatsapp.net","fromMe":true,"id":"C78A135B609D7FAA854CC3C3BE54DF38"},"messageTimestamp":1687170801},{"key":{"remoteJid":"6283150869541@s.whatsapp.net","fromMe":true,"id":"CCA3A8825E3A8073FC3A78BD07719CB0"},"messageTimestamp":1687170805},{"key":{"remoteJid":"6283150869541@s.whatsapp.net","fromMe":true,"id":"AE14D86055F3A407D6EBEC872EDC6CAF"},"messageTimestamp":1687170825}],"nextPreKeyId":31,"firstUnuploadedPreKeyId":31,"accountSyncCounter":1,"accountSettings":{"unarchiveChats":false},"account":{"details":"CM7S0PQCEIzdwKQGGAg=","accountSignatureKey":"oMP0hZoctiU+I9PZYk3KpyoKiq6+CKBWSPYLmCvuoCI=","accountSignature":"6RdC3I1UPxutuhPw1Ls+pO+1DF8w6LgG/Y9IfkZ1dkxOyZqxcF3n5RDf48+T8n+ClhUByJHx0oozubpAcfPVAQ==","deviceSignature":"MsDA4dxOzZv0vy81jQurD/pM2fS94V5RB386MPJONWxTIu40HyVSldb2nAjrnrRk+vvFddfFfXmB5hWHNw7YDw=="},"me":{"id":"6283150869541:10@s.whatsapp.net","name":"AI","jid":"6283150869541@s.whatsapp.net"},"signalIdentities":[{"identifier":{"name":"6283150869541:10@s.whatsapp.net","deviceId":0},"identifierKey":{"type":"Buffer","data":"BaDD9IWaHLYlPiPT2WJNyqcqCoquvgigVkj2C5gr7qAi"}}],"platform":"smba","lastAccountSyncTimestamp":1687170797,"myAppStateKeyId":"AAAAALI+"}