[{"senderKeyId":2071530545,"senderChainKey":{"iteration":38,"seed":"QRctajK1IZqIh1uNUN5DnNaCIPYC84ydf4SmNh0qMzM="},"senderSigningKey":{"public":"BT4tlrvmjlbHhmg9QgA+/HJFssiVd4DREOaskUnj9W03"},"senderMessageKeys":[]},{"senderKeyId":1755175819,"senderChainKey":{"iteration":15,"seed":"5cPVZHgsVaI5+cIWw3975SF4p/SXUq9EVprCQpdniyE="},"senderSigningKey":{"public":"BQTmYrvUShwbyXw3keJ0XtoBnSPioxFVNxIKzRxvUzEA"},"senderMessageKeys":[]},{"senderKeyId":563881970,"senderChainKey":{"iteration":8,"seed":"N0ZLQ0twOSWp1E+302ozZXtYSjMn+Jbp3NU7/MH1Bg4="},"senderSigningKey":{"public":"BTw7KVtenmGUwzHa43FL7IFkza0T4kIaaRK3PKu1BHJX"},"senderMessageKeys":[]}]