[{"senderKeyId":219488882,"senderChainKey":{"iteration":26,"seed":"5sFdRVBwQTMMrzzfcY1caRQuo275gqm/HJbNsezDpps="},"senderSigningKey":{"public":"BUSoHWLyM1H4dwe82lM7OqfXYQ5Ytg9MrecnonSSZewE"},"senderMessageKeys":[{}]},{"senderKeyId":472966968,"senderChainKey":{"iteration":2,"seed":"1MxNX92v96RKknhlSx9OzzZ68NBDKHS+upRkUwU0hHY="},"senderSigningKey":{"public":"BWv8QJ7VM4OK5wunDEwEz8tAXfjNwTeYg87wLSq7HS4I"},"senderMessageKeys":[]},{"senderKeyId":788520332,"senderChainKey":{"iteration":3,"seed":"pTB9qepYMTK+eio/Cw5VVF93Dr6C/kPescmSfqioaFA="},"senderSigningKey":{"public":"BWbUnDN7k0JxUTxgbYvfDnXxDsOi0yrMJ0SymAb5i8cC"},"senderMessageKeys":[]}]