[{"senderKeyId":563161337,"senderChainKey":{"iteration":122,"seed":"r3PoOscOJ9Ux1ytE22hPc7gnp5y2UgGy6qM2jK1/Nl0="},"senderSigningKey":{"public":"BT9mHD4Ss8YO8xerHTToB46uT5lWjoAkts2pBG/gbi04"},"senderMessageKeys":[]},{"senderKeyId":118056867,"senderChainKey":{"iteration":6,"seed":"0hoTKIrITtzucHrPtBecLawqszPSHhR68O73CF5TS/4="},"senderSigningKey":{"public":"BeVkvNYirIyNuLuejpBKJUVunghjKsoztTC6hdGRVbQJ"},"senderMessageKeys":[]},{"senderKeyId":518421603,"senderChainKey":{"iteration":4,"seed":"zkfZe3KbiqcrdzG2rP9VqOHx0MFXStVNaVkV4DlXDkM="},"senderSigningKey":{"public":"BVFa1m6O0tMm1SjQHafuhKcyKY+yAXyPNeR0LUrsA3BF"},"senderMessageKeys":[]}]