{"_sessions":{"BaP695qHSsqwO9JRpPJphQCydZ0qvfGFPkX1Lx795nky":{"registrationId":2020,"currentRatchet":{"ephemeralKeyPair":{"pubKey":"BcBf8EmhU6m5jNrik+u5JzHZbI+8ZcL+rlJ0VQgvalVu","privKey":"CNsCdIUBuvWDeXrC+PBusMLvArgTxgTrvvJ33OoG7FI="},"lastRemoteEphemeralKey":"BR3O1TjeVtlDjuC+nJl241n+GygeYs6aJUQ/Ej4R2e1T","previousCounter":0,"rootKey":"8JRCcjbsaB3EWR4BUo6x98CFhAjivO69YPyI0xOamL4="},"indexInfo":{"baseKey":"BaP695qHSsqwO9JRpPJphQCydZ0qvfGFPkX1Lx795nky","baseKeyType":1,"closed":-1,"used":1687174146825,"created":1687174146825,"remoteIdentityKey":"BSbWJKjQbRNogPI+hix8LzJcYYlx9yHaBX7RYvtqSoxr"},"_chains":{"BcBf8EmhU6m5jNrik+u5JzHZbI+8ZcL+rlJ0VQgvalVu":{"chainKey":{"counter":0,"key":"e7xPM6ma8L33sEOw1tS366qedFjqV7qS2Am7LnW2ucU="},"chainType":1,"messageKeys":{}}},"pendingPreKey":{"signedKeyId":1,"baseKey":"BaP695qHSsqwO9JRpPJphQCydZ0qvfGFPkX1Lx795nky"}}},"version":"v1"}