{"_sessions":{"BdQF9ckZyRuCwpGGj4XomSfkePgVap4+onQWuxR1xuUd":{"registrationId":1794025360,"currentRatchet":{"ephemeralKeyPair":{"pubKey":"BWEAIr/phc025IR/Srm3NgcRx9PENmd/sDN6DtSHdVgm","privKey":"uMsRxtPEVX67oMAUcXoCtD9v4R5r7n7roNLSbrzV1lw="},"lastRemoteEphemeralKey":"BbyG6bt7WcA7ZlrosgD9iI8Qt7YeNEJqlfvc8dHnG+Qn","previousCounter":0,"rootKey":"Ak0Ql4u8u+UyRMeONm4SAPtzXa3CA4REcC6tB+fGq2c="},"indexInfo":{"baseKey":"BdQF9ckZyRuCwpGGj4XomSfkePgVap4+onQWuxR1xuUd","baseKeyType":1,"closed":-1,"used":1687069148853,"created":1687069148853,"remoteIdentityKey":"BRIAGn2g1jemQUeplo2iad0gKEXhTSRNpg+Qw8Taael2"},"_chains":{"BWEAIr/phc025IR/Srm3NgcRx9PENmd/sDN6DtSHdVgm":{"chainKey":{"counter":21,"key":"D9fWJiCRHsGzjJQjEcm6n1gVPTlaK6BDkUk2x3mkZ/w="},"chainType":1,"messageKeys":{}}},"pendingPreKey":{"signedKeyId":1,"baseKey":"BdQF9ckZyRuCwpGGj4XomSfkePgVap4+onQWuxR1xuUd","preKeyId":683642}}},"version":"v1"}