{"_sessions":{"BSM7UOob4bYdlBZfboxWFFtic8IbGdh6mZ3RQCnrJgFj":{"registrationId":1472699537,"currentRatchet":{"ephemeralKeyPair":{"pubKey":"BWz3Kxulc5vsnpFDi1B1DHqk145VQTz8X7i2x4PH9l9b","privKey":"AAip5+ATQz5t3MUJtDg0hd8GxtW3I+IFivc5tInPbWQ="},"lastRemoteEphemeralKey":"BZNBRYU6UIW6Nrk1eE152XP67a3UjhQJWH9W/mgePK5a","previousCounter":0,"rootKey":"t6yecZOpT9h7m6AOoq0AvddM31Qq267fT0N/qYXyOLw="},"indexInfo":{"baseKey":"BSM7UOob4bYdlBZfboxWFFtic8IbGdh6mZ3RQCnrJgFj","baseKeyType":1,"closed":-1,"used":1687069096046,"created":1687069096046,"remoteIdentityKey":"BSTKJ38gEWjqYAznB2usa2DJpJlMAx0vuF8bfOyX9CcZ"},"_chains":{"BWz3Kxulc5vsnpFDi1B1DHqk145VQTz8X7i2x4PH9l9b":{"chainKey":{"counter":23,"key":"xxGRkmaRGw493nMHfStjy+I0aJFWQyOYR/XIeR7RrzU="},"chainType":1,"messageKeys":{}}},"pendingPreKey":{"signedKeyId":2,"baseKey":"BSM7UOob4bYdlBZfboxWFFtic8IbGdh6mZ3RQCnrJgFj","preKeyId":13539129}}},"version":"v1"}