{"_sessions":{"BVyzmc9Ql6SFqo6Y5rDZb5DE7z3G3q6ym5lDnZVe3Zle":{"registrationId":689051066,"currentRatchet":{"ephemeralKeyPair":{"pubKey":"BZmZuSuaA/DgSd1TPYmGPs/xp6hI1zgYpbBARUGcd64x","privKey":"OLI+evHvT1M1YiEr46bfG5wWv6NghwRq9LE5rLva80w="},"lastRemoteEphemeralKey":"BcRAdg1y8UeuBfX7IEKht7j/uwN/sLRIXR6ONIEls2Ur","previousCounter":0,"rootKey":"SIoLb26Q9FU2iYO4N22EqYhFLCWopYpWx65aR5fXDoo="},"indexInfo":{"baseKey":"BVyzmc9Ql6SFqo6Y5rDZb5DE7z3G3q6ym5lDnZVe3Zle","baseKeyType":1,"closed":-1,"used":1687069148834,"created":1687069148834,"remoteIdentityKey":"BfJkZfByWWBD44b8+DFpqNYAlNRzOWGBB+ZIAnWVXJFD"},"_chains":{"BZmZuSuaA/DgSd1TPYmGPs/xp6hI1zgYpbBARUGcd64x":{"chainKey":{"counter":21,"key":"vPKn/3lZB4l6BSTL4dckg82osi9qlvOLIkAzGCjydfQ="},"chainType":1,"messageKeys":{}}},"pendingPreKey":{"signedKeyId":5,"baseKey":"BVyzmc9Ql6SFqo6Y5rDZb5DE7z3G3q6ym5lDnZVe3Zle","preKeyId":12201613}}},"version":"v1"}