{"_sessions":{"Bc6t4zCQp4DMYuzDHWMeZV0Q/cs/HZV1CoX4kTE+BTor":{"registrationId":1834300398,"currentRatchet":{"ephemeralKeyPair":{"pubKey":"Be2lGSDDAuxFt050AqXxOxKZAmmH7nPJPeKDeirA5Kpa","privKey":"mLAAU3cXf5oItEIPA16zNjvOrxPT/w6zdjSh0193wUM="},"lastRemoteEphemeralKey":"BbNfMjt83Jg5CuBV9IArwrT446+us6L8uFMoNBwcD2Mp","previousCounter":0,"rootKey":"bXWWav0BCaGy5niUx+k9EBav4CRI0hdCD+l4X5PPc+M="},"indexInfo":{"baseKey":"Bc6t4zCQp4DMYuzDHWMeZV0Q/cs/HZV1CoX4kTE+BTor","baseKeyType":1,"closed":-1,"used":1687170845385,"created":1687170845385,"remoteIdentityKey":"Ban/9qT4IyAXPSHfK/X8tfZQQQvoLC9qrzBttkbigp1X"},"_chains":{"Be2lGSDDAuxFt050AqXxOxKZAmmH7nPJPeKDeirA5Kpa":{"chainKey":{"counter":1,"key":"k3j1qb6IbmQ36lIAxXPHSMSSvyVKcCb5GsHwJ3IkhPI="},"chainType":1,"messageKeys":{}}},"pendingPreKey":{"signedKeyId":2,"baseKey":"Bc6t4zCQp4DMYuzDHWMeZV0Q/cs/HZV1CoX4kTE+BTor","preKeyId":10434667}}},"version":"v1"}