{"_sessions":{"BZo2JrcJWyep0VEMNXml8mC4gmvgyHXJwNJKqukRK5oj":{"registrationId":103045403,"currentRatchet":{"ephemeralKeyPair":{"pubKey":"BXM91MXAJ32d2OJLIFoaNfh2m8KBHfVXGhUAgy6tdYNH","privKey":"gDwtfQx173aPSlgswWlso3PkRcnc4py3tNbC4OurjWU="},"lastRemoteEphemeralKey":"BbTTQOJgc6ViPVtElm26G5GmuzDZaM7pW5rKyfViWX5x","previousCounter":0,"rootKey":"kiZ+io1dyOU+oC5It0bCrCufQ1RC5WdxMKQZc15nnEg="},"indexInfo":{"baseKey":"BZo2JrcJWyep0VEMNXml8mC4gmvgyHXJwNJKqukRK5oj","baseKeyType":1,"closed":-1,"used":1687170846059,"created":1687170846059,"remoteIdentityKey":"BUlCshO321oYOrwEekERmbnxVY02V0IPXJ+vM0IctFJ0"},"_chains":{"BXM91MXAJ32d2OJLIFoaNfh2m8KBHfVXGhUAgy6tdYNH":{"chainKey":{"counter":1,"key":"75MueBdEcjSnVlhP4+ObgE6s9jZuxd+GX8FmrsMUAY8="},"chainType":1,"messageKeys":{}}},"pendingPreKey":{"signedKeyId":5,"baseKey":"BZo2JrcJWyep0VEMNXml8mC4gmvgyHXJwNJKqukRK5oj","preKeyId":4027954}}},"version":"v1"}