{"_sessions":{"BSegKizHfGTofo4pXAp1E/YBQlNuL5p9Fpud1j0Ck30j":{"registrationId":630461338,"currentRatchet":{"ephemeralKeyPair":{"pubKey":"Bc+psKgw0sTNSbfLRY5yO4r3Bi4PWT2ATtY03RiA9dIx","privKey":"OCCYq7mmERlx4lE7zondzS1L5M3QXSjuEOmIQQxfKXc="},"lastRemoteEphemeralKey":"BUfl0i6jcE1vq2i1AhLR9AZ0aRFk+1qD1xYpueshY4YP","previousCounter":0,"rootKey":"xh1q1afPhoTYW02fMXIAFvGU9gLHgAFB4pzB7Q2qZ2Q="},"indexInfo":{"baseKey":"BSegKizHfGTofo4pXAp1E/YBQlNuL5p9Fpud1j0Ck30j","baseKeyType":1,"closed":-1,"used":1687170845850,"created":1687170845850,"remoteIdentityKey":"BcY6QSKzCgk25RlGM/VR5jPVja2gR3jiohUPkNBq00MA"},"_chains":{"Bc+psKgw0sTNSbfLRY5yO4r3Bi4PWT2ATtY03RiA9dIx":{"chainKey":{"counter":1,"key":"pA6jmG6B0vVVwzxoznr7LgFu8vQQ1vV64822/G4SFHM="},"chainType":1,"messageKeys":{}}},"pendingPreKey":{"signedKeyId":17,"baseKey":"BSegKizHfGTofo4pXAp1E/YBQlNuL5p9Fpud1j0Ck30j","preKeyId":7989732}}},"version":"v1"}