{"_sessions":{"BeuyYXRw2Sh6ihu3mGesGjkVYtL/j3mX6OIKCgWQcFc1":{"registrationId":13,"currentRatchet":{"ephemeralKeyPair":{"pubKey":"BbyOOmC2SmmOF8r+V8JwzLO8A8DIsgbXGXneACwi2BlW","privKey":"uKdOfgF2h0qHNsUJ5tVWQ49nRgFkuJE8zQsdUuZBpmo="},"lastRemoteEphemeralKey":"BRH49OTHSuAnD3K9CyP1MRNsu6PPuQz5HA3F5AKPaUgt","previousCounter":0,"rootKey":"4zhVlH7CsVUJ25GSExp7zUbbfCGF1qOcytQc8vNYllQ="},"indexInfo":{"baseKey":"BeuyYXRw2Sh6ihu3mGesGjkVYtL/j3mX6OIKCgWQcFc1","baseKeyType":1,"closed":1687069058619,"used":1687069058411,"created":1687069058411,"remoteIdentityKey":"BX/5o4mZ7JLnP94szwdi4cssA5H+0Xm06BwOhssG/i9U"},"_chains":{"BbyOOmC2SmmOF8r+V8JwzLO8A8DIsgbXGXneACwi2BlW":{"chainKey":{"counter":0,"key":"AJMKYTsYeITb7sxK6D1TEC5ojhSYcyC97UDcmiIEpPw="},"chainType":1,"messageKeys":{}}},"pendingPreKey":{"signedKeyId":1,"baseKey":"BeuyYXRw2Sh6ihu3mGesGjkVYtL/j3mX6OIKCgWQcFc1","preKeyId":17}},"BVBV3sW43t7wdzhFSvAycYkeVsH13FthZhdH2rZM0gF0":{"registrationId":13,"currentRatchet":{"ephemeralKeyPair":{"pubKey":"BSUlMRGVrl34GbOe1D2kYolIVXJ1Qb84ogipfi/OjeMI","privKey":"wG87ePR09HdGBrWq1CigUMt/J1HGk2yhAbVJmn3jwlM="},"lastRemoteEphemeralKey":"BRH49OTHSuAnD3K9CyP1MRNsu6PPuQz5HA3F5AKPaUgt","previousCounter":0,"rootKey":"6zpeBrYdvUi34DOiycJSArPSPa8WFa4+fUMsgwE747M="},"indexInfo":{"baseKey":"BVBV3sW43t7wdzhFSvAycYkeVsH13FthZhdH2rZM0gF0","baseKeyType":1,"closed":-1,"used":1687069058613,"created":1687069058613,"remoteIdentityKey":"BX/5o4mZ7JLnP94szwdi4cssA5H+0Xm06BwOhssG/i9U"},"_chains":{"BSUlMRGVrl34GbOe1D2kYolIVXJ1Qb84ogipfi/OjeMI":{"chainKey":{"counter":28,"key":"13zNgC4sztc7wT10rkZZIkIyVYLwPerkQpHbe1zMxtg="},"chainType":1,"messageKeys":{}}},"pendingPreKey":{"signedKeyId":1,"baseKey":"BVBV3sW43t7wdzhFSvAycYkeVsH13FthZhdH2rZM0gF0","preKeyId":26}}},"version":"v1"}