{"_sessions":{"BT525XW0cIltWDUUTvh23od9WOl7d3zZJn8WllVOmB4A":{"registrationId":283411676,"currentRatchet":{"ephemeralKeyPair":{"pubKey":"BZdE7j0UOYnn1cKzQGvT5MYRAioEDHZgPaUGUYk5/4oA","privKey":"CHTtNvfIWoYda7CGTxG28+jJMQr636EmTwh1fKod1m4="},"lastRemoteEphemeralKey":"BQNaY8oMB4geceOHCtQtdvUDL6DFhaX/4evixDhuZFtO","previousCounter":0,"rootKey":"XGTWBR6CM/yKulqtUTfuRHGluUHxwjsBiDSKzA1A9NI="},"indexInfo":{"baseKey":"BT525XW0cIltWDUUTvh23od9WOl7d3zZJn8WllVOmB4A","baseKeyType":1,"closed":-1,"used":1687170845801,"created":1687170845801,"remoteIdentityKey":"Bfuwlos+Achg7+gUFS6ZrsYCyVxLAbZAlrl9M7mGwjUx"},"_chains":{"BZdE7j0UOYnn1cKzQGvT5MYRAioEDHZgPaUGUYk5/4oA":{"chainKey":{"counter":1,"key":"RMKS2/hQsFqhIqfmsrLlAHp2sEj38vzu/Tb/QFzE564="},"chainType":1,"messageKeys":{}}},"pendingPreKey":{"signedKeyId":11,"baseKey":"BT525XW0cIltWDUUTvh23od9WOl7d3zZJn8WllVOmB4A","preKeyId":11118564}}},"version":"v1"}