{"_sessions":{"BarMyGexf5rLAMGkBjVupvui5r1o/3Jq+gr85cnTzbpS":{"registrationId":1300535680,"currentRatchet":{"ephemeralKeyPair":{"pubKey":"BeGhLeYCz3at+0hrEe6co7Q/8/eVyPTbM0hUII1W4WU0","privKey":"wLVpafhof8unkHGzpvZW4Tp+0P0TI/LHSSCrxQQXukE="},"lastRemoteEphemeralKey":"BbOCFpqCwihuqeSo9QsbovBYuRYbm9bLx0u4jZ3UDdog","previousCounter":0,"rootKey":"ZM8yrHsMeDcjk97SPCqK4sOK+txy5ultsTA3hOrJiSY="},"indexInfo":{"baseKey":"BarMyGexf5rLAMGkBjVupvui5r1o/3Jq+gr85cnTzbpS","baseKeyType":1,"closed":1687178028364,"used":1687174146972,"created":1687174146972,"remoteIdentityKey":"BVHQWqyREuXsfbCKLhlmjkGxf7RiqrzLXQcthXMQDLxG"},"_chains":{"BeGhLeYCz3at+0hrEe6co7Q/8/eVyPTbM0hUII1W4WU0":{"chainKey":{"counter":0,"key":"g+il8i9ZLwK0x04ZGxmq9XT/4v+9w42do5O8ha9IdnE="},"chainType":1,"messageKeys":{}}},"pendingPreKey":{"signedKeyId":28,"baseKey":"BarMyGexf5rLAMGkBjVupvui5r1o/3Jq+gr85cnTzbpS","preKeyId":13702563}},"Bfsh8hyraNMXlIlaT1EyrGqFuhO+KmjqK+x+o1XQldYc":{"registrationId":418931336,"currentRatchet":{"ephemeralKeyPair":{"pubKey":"BcQV/wj7I3QoUQMGTLgKlMp6fkxCNT3EVXUCcdLk4qdm","privKey":"2EMWCrvZSto8sKMQSYm9oUQi6XHPfiFpzVaQZYtw3Wo="},"lastRemoteEphemeralKey":"BTsH7oTn/8ArZhVgxXrgy1cKGmQM+jDzMuPKPsZsBOQz","previousCounter":0,"rootKey":"Yric3sGx3WTVm0q2cJM/hsJhcCaL8AWsiWKobC6YmkM="},"indexInfo":{"baseKey":"Bfsh8hyraNMXlIlaT1EyrGqFuhO+KmjqK+x+o1XQldYc","baseKeyType":1,"closed":1687178028497,"used":1687178028350,"created":1687178028350,"remoteIdentityKey":"BbKctnjta5TYn+zeM2he22OVXEP/U4VeKZNK/e3dFIJo"},"_chains":{"BcQV/wj7I3QoUQMGTLgKlMp6fkxCNT3EVXUCcdLk4qdm":{"chainKey":{"counter":-1,"key":"G3NLBaw/FgcsU31vZNwbxvH6/u6G1jl9Yxbyq8380c4="},"chainType":1,"messageKeys":{}}},"pendingPreKey":{"signedKeyId":0,"baseKey":"Bfsh8hyraNMXlIlaT1EyrGqFuhO+KmjqK+x+o1XQldYc","preKeyId":1070487}},"BbnP8UTLv4zuUSU4afMz7040RQLdWRQxUXSOB4NbPTkS":{"registrationId":418931336,"currentRatchet":{"ephemeralKeyPair":{"pubKey":"Be76XgaXhKwQKMSc2TWo06g90ZF3kdqYLDAECqoJLC1V","privKey":"8CwMoUZTmG5c+gMbuxG/I/fjFQkavnVzsOJT/11Cjmg="},"lastRemoteEphemeralKey":"BTsH7oTn/8ArZhVgxXrgy1cKGmQM+jDzMuPKPsZsBOQz","previousCounter":0,"rootKey":"aWFD4RjHc2upa45beVIyeq8NUFZFHb7MPif5nymc0/c="},"indexInfo":{"baseKey":"BbnP8UTLv4zuUSU4afMz7040RQLdWRQxUXSOB4NbPTkS","baseKeyType":1,"closed":1687178028655,"used":1687178028492,"created":1687178028492,"remoteIdentityKey":"BbKctnjta5TYn+zeM2he22OVXEP/U4VeKZNK/e3dFIJo"},"_chains":{"Be76XgaXhKwQKMSc2TWo06g90ZF3kdqYLDAECqoJLC1V":{"chainKey":{"counter":-1,"key":"CmhaMLaMNTsOQ5OjGPPH34PWJa09siKB0/EGegMjGpU="},"chainType":1,"messageKeys":{}}},"pendingPreKey":{"signedKeyId":0,"baseKey":"BbnP8UTLv4zuUSU4afMz7040RQLdWRQxUXSOB4NbPTkS","preKeyId":1070408}},"BWo4DR2p2BhndDONVZzCYvgDpZx+kdlPuSw4akyYTe00":{"registrationId":418931336,"currentRatchet":{"ephemeralKeyPair":{"pubKey":"BUviOorCuXfbYmbVkoeIUfxMBmjL/rTc3AxxbXv7yoA5","privKey":"iN/rc/G6HJnVBavJuI65Ie8Xvxl3uik+UxTxPqHzLUk="},"lastRemoteEphemeralKey":"BTsH7oTn/8ArZhVgxXrgy1cKGmQM+jDzMuPKPsZsBOQz","previousCounter":0,"rootKey":"NsRWmPlQ9M/RClie+TeHi/15Rd3FocUvdFt8kztiy5k="},"indexInfo":{"baseKey":"BWo4DR2p2BhndDONVZzCYvgDpZx+kdlPuSw4akyYTe00","baseKeyType":1,"closed":-1,"used":1687178028651,"created":1687178028651,"remoteIdentityKey":"BbKctnjta5TYn+zeM2he22OVXEP/U4VeKZNK/e3dFIJo"},"_chains":{"BUviOorCuXfbYmbVkoeIUfxMBmjL/rTc3AxxbXv7yoA5":{"chainKey":{"counter":-1,"key":"1dtlFNWqQyvKQ1VLyHE5ALhGgDa87CMZRP0UnxA/HMI="},"chainType":1,"messageKeys":{}}},"pendingPreKey":{"signedKeyId":0,"baseKey":"BWo4DR2p2BhndDONVZzCYvgDpZx+kdlPuSw4akyYTe00","preKeyId":1070415}}},"version":"v1"}