{"_sessions":{"BWAWNLcgJqOvFJVGUB5NqnCeAtmGBrQyrkcBYLeISLto":{"registrationId":687163421,"currentRatchet":{"ephemeralKeyPair":{"pubKey":"Bfl6YNcHPg8wjbUEBID/WxNqoWpuHRQTNtoGc9yNvK5v","privKey":"kCq0VQaO/KkT5CGrzuKiKsSJhiQ1uIiPp35o3sy2lEA="},"lastRemoteEphemeralKey":"BSAk/S+VLrXJBQ0CYM9Z3rYmESdx2RFDXCA4kUo1/9dZ","previousCounter":0,"rootKey":"HXhWIF7HNCEuBbBpRMXDdrIAttFsMMB6brlX1WCN8gs="},"indexInfo":{"baseKey":"BWAWNLcgJqOvFJVGUB5NqnCeAtmGBrQyrkcBYLeISLto","baseKeyType":1,"closed":-1,"used":1687170845552,"created":1687170845552,"remoteIdentityKey":"BVl2VMk9vUGRAixS84fltUv9x9+KgsTvEXT1d8IevyFr"},"_chains":{"Bfl6YNcHPg8wjbUEBID/WxNqoWpuHRQTNtoGc9yNvK5v":{"chainKey":{"counter":1,"key":"K17WXWnaptryNTchcYVH3ayHwAB61AX7T+E8bQtv9bQ="},"chainType":1,"messageKeys":{}}},"pendingPreKey":{"signedKeyId":1,"baseKey":"BWAWNLcgJqOvFJVGUB5NqnCeAtmGBrQyrkcBYLeISLto","preKeyId":6289071}}},"version":"v1"}