{"_sessions":{"BTA9di9LhGZp7dcYCLxgohufMx3dy0mCMe1hrkUuLzk+":{"registrationId":314197731,"currentRatchet":{"ephemeralKeyPair":{"pubKey":"BTbyftXeF1T7nujlTZFGwzg0gFImzKHxYu2QDJ7jI+pD","privKey":"yHeB7XHhyvnNZSrgSYbMeMhI/t6uaKYAO0ih151wLHo="},"lastRemoteEphemeralKey":"BfoZ9Mru3/+ab5UHMXgXC2puGmnwHm7vC5DDCgnh4Jpm","previousCounter":0,"rootKey":"XauYROW9Q36bTJ27VEx0cZl2UK1BGZZHGu9ro3hlkYc="},"indexInfo":{"baseKey":"BTA9di9LhGZp7dcYCLxgohufMx3dy0mCMe1hrkUuLzk+","baseKeyType":1,"closed":-1,"used":1687170845825,"created":1687170845825,"remoteIdentityKey":"BWzX9btivx7YWHsda58AMVYDGZp22K48wh7gAUhPHbYd"},"_chains":{"BTbyftXeF1T7nujlTZFGwzg0gFImzKHxYu2QDJ7jI+pD":{"chainKey":{"counter":1,"key":"MBwfke5x/M/XduAHGL+Y+TTz63hFiISI9S3RanaTBx0="},"chainType":1,"messageKeys":{}}},"pendingPreKey":{"signedKeyId":15,"baseKey":"BTA9di9LhGZp7dcYCLxgohufMx3dy0mCMe1hrkUuLzk+","preKeyId":4160657}}},"version":"v1"}