{"_sessions":{"BerGYzFwS9gFLQgoLe6xNhdzgnF1Nl/0lX53i+UCw6gg":{"registrationId":411535918,"currentRatchet":{"ephemeralKeyPair":{"pubKey":"BQdhXsxv9L4+GjsKq/Vzx8qSaRl6+bFn9m1A5cIQalga","privKey":"uAXsxcQk84KFUWR4Ne6VI7sapZ+nCr4O5rGLbOr2p3o="},"lastRemoteEphemeralKey":"BU3QMdteRbNFOH7X1VPrsj3Wqt+bHz83YW/ZBw/+u0le","previousCounter":0,"rootKey":"B3FF8M4BLBdOp0ReEHBEPhodWzjB2tJCLeCGTWscyjE="},"indexInfo":{"baseKey":"BerGYzFwS9gFLQgoLe6xNhdzgnF1Nl/0lX53i+UCw6gg","baseKeyType":1,"closed":-1,"used":1687174204639,"created":1687174168180,"remoteIdentityKey":"BVOZMhSvDM7/1cFbGZD0YNyzrEZRQA5gWnFTFdaJubQh"},"_chains":{"BU3QMdteRbNFOH7X1VPrsj3Wqt+bHz83YW/ZBw/+u0le":{"chainKey":{"counter":0,"key":"ip4Li+DFVniplhb9SDDqx5q3acWcCap/nANW1C7Lo+I="},"chainType":2,"messageKeys":{}},"BQdhXsxv9L4+GjsKq/Vzx8qSaRl6+bFn9m1A5cIQalga":{"chainKey":{"counter":-1,"key":"HHyTXNmTXQv1bq6lDYT4N8KgDN+Wse08XCdbhlNPMNY="},"chainType":1,"messageKeys":{}}}}},"version":"v1"}