{"_sessions":{"BYJJGLSf5lz6n+nZh3GtAF+DPo8i/gSwB+p0luQWkJhd":{"registrationId":1542859371,"currentRatchet":{"ephemeralKeyPair":{"pubKey":"BQXygIGrpXzXYumuLGsmsoLJmJZOLflwVBwJRpF2IYIT","privKey":"UJ3zAO0ebl+OtC1mtSanngOTwHFHTPS0jFRgqthyL0k="},"lastRemoteEphemeralKey":"BXpca0OzaNO76cb6Re2k4RwRDt5OSeewnQGkt1TzIB9t","previousCounter":0,"rootKey":"35dulnfHvnYvKLacqC5726buJNn8Hq3uZicUt72jUKw="},"indexInfo":{"baseKey":"BYJJGLSf5lz6n+nZh3GtAF+DPo8i/gSwB+p0luQWkJhd","baseKeyType":1,"closed":-1,"used":1687069148841,"created":1687069148841,"remoteIdentityKey":"BV9fAKa9cN0zUj6D9CLwOX+IhX8NMVtw6CDCC0puLk5H"},"_chains":{"BQXygIGrpXzXYumuLGsmsoLJmJZOLflwVBwJRpF2IYIT":{"chainKey":{"counter":21,"key":"zqU65HmaOcXsvSzMqCrHJsfFFszK4oQD0BnZdMhlAbg="},"chainType":1,"messageKeys":{}}},"pendingPreKey":{"signedKeyId":51,"baseKey":"BYJJGLSf5lz6n+nZh3GtAF+DPo8i/gSwB+p0luQWkJhd","preKeyId":3362134}}},"version":"v1"}