{"_sessions":{"Bci1fswl20IOlY9DZAQetaCOezLTEAlwSF2dDy5qrYdB":{"registrationId":1414729417,"currentRatchet":{"ephemeralKeyPair":{"pubKey":"BaQ9oeMZw488e0QmAx5cYZPAdirIf3LfIUQcTTj+oFRA","privKey":"uGAaBP0u7SybRmlxchkSLsO0GA+3MxIXyn8YFThlC1s="},"lastRemoteEphemeralKey":"BTA/3S+xEvb06Gjf58UrYvixNcBU130AQmV3/tupF3JP","previousCounter":0,"rootKey":"1Cb7JlW0koUPRGG/mk+qYoQ+88+Vf2+SCEsf8NUySOI="},"indexInfo":{"baseKey":"Bci1fswl20IOlY9DZAQetaCOezLTEAlwSF2dDy5qrYdB","baseKeyType":1,"closed":-1,"used":1687069148837,"created":1687069148837,"remoteIdentityKey":"BReFq+QYbhz6Ce/W8mSBBewhC4oJdAzALCR71LKlHolk"},"_chains":{"BaQ9oeMZw488e0QmAx5cYZPAdirIf3LfIUQcTTj+oFRA":{"chainKey":{"counter":21,"key":"d4Zl6UPNVf861PKVaJRSSJtEvMJztw+xqf2SUnOSblw="},"chainType":1,"messageKeys":{}}},"pendingPreKey":{"signedKeyId":17,"baseKey":"Bci1fswl20IOlY9DZAQetaCOezLTEAlwSF2dDy5qrYdB","preKeyId":13707512}}},"version":"v1"}