{"_sessions":{"BevdakV5RrK5cqEbSdkUI3emyiBjZEo3uv5P0t1pnxAP":{"registrationId":241258699,"currentRatchet":{"ephemeralKeyPair":{"pubKey":"BQFQ9ok2/TK2lhFtAXGQoDn3i0UWwdx79kJUS5x1fdJ+","privKey":"iHerVT00mXL1btRyGmuFqs1+hao8jdLzKmcMgG4q93o="},"lastRemoteEphemeralKey":"BdVuTPCu8e1FlSXmmn+tPiHKU+Xrqkikk5bolaY4VTwh","previousCounter":0,"rootKey":"rcxqxenkfRJlITf5CUvO+W230XD9F616kfbAGu3fPXQ="},"indexInfo":{"baseKey":"BevdakV5RrK5cqEbSdkUI3emyiBjZEo3uv5P0t1pnxAP","baseKeyType":1,"closed":-1,"used":1687170846248,"created":1687170846248,"remoteIdentityKey":"BV+goOMupIjs28R2/U2Hu5oEhFlwtXuBT2meeElvRAFN"},"_chains":{"BQFQ9ok2/TK2lhFtAXGQoDn3i0UWwdx79kJUS5x1fdJ+":{"chainKey":{"counter":1,"key":"G2idYgCen4VS8W1XjXuRYNb8+dhkHXhtBUH89HUXNxo="},"chainType":1,"messageKeys":{}}},"pendingPreKey":{"signedKeyId":2,"baseKey":"BevdakV5RrK5cqEbSdkUI3emyiBjZEo3uv5P0t1pnxAP","preKeyId":7122565}}},"version":"v1"}