{"_sessions":{"BbztKIZGdluqTkITHrvhh6BBxWgGROFcPfN9/sXn7KtP":{"registrationId":96,"currentRatchet":{"ephemeralKeyPair":{"pubKey":"BTkgByu+JoTaORW1TL/Wvi4Ld1frG+8yMWZ1DAds+VsY","privKey":"2LPRjgA+NZZKxb6q7ny05+hfjhVfAsGcFc+Iy7Z5pnE="},"lastRemoteEphemeralKey":"Be0aLCVoInYHJ0YQjwTCRgakE8+QyRFVNZh9tCJ1yKw7","previousCounter":0,"rootKey":"uy0P8Mfn+DWZ9OqQ3tn1JN25aH6bMKo+0eODMl+E3cw="},"indexInfo":{"baseKey":"BbztKIZGdluqTkITHrvhh6BBxWgGROFcPfN9/sXn7KtP","baseKeyType":1,"closed":1687069058619,"used":1687069058407,"created":1687069058407,"remoteIdentityKey":"BSAsctnjmbHrpnnSenjNB0dXIXvnHl/ul3C5SgBr/GVS"},"_chains":{"BTkgByu+JoTaORW1TL/Wvi4Ld1frG+8yMWZ1DAds+VsY":{"chainKey":{"counter":0,"key":"avcPGcwCYuXVX5dwVSdtzaUHNoZXM8iyBfMTFlR+ToA="},"chainType":1,"messageKeys":{}}},"pendingPreKey":{"signedKeyId":1,"baseKey":"BbztKIZGdluqTkITHrvhh6BBxWgGROFcPfN9/sXn7KtP","preKeyId":10}},"BUye1jrziVb2xqXpdP1OW5lb2p3PXgeLmPobe0pOEARY":{"registrationId":96,"currentRatchet":{"ephemeralKeyPair":{"pubKey":"BSxHGgNqsmhgCX22M4ptmtSVwOxRhKKXq+dqSvLoC4Eh","privKey":"oIW3RU8cIbn+t43o9CQGQRX2vyxXPb7O938ZNQ9wIXE="},"lastRemoteEphemeralKey":"Be0aLCVoInYHJ0YQjwTCRgakE8+QyRFVNZh9tCJ1yKw7","previousCounter":0,"rootKey":"kdntHipAKl0M2j+UDbNuRbRqJIdRKjZNf4ANu4UNtwI="},"indexInfo":{"baseKey":"BUye1jrziVb2xqXpdP1OW5lb2p3PXgeLmPobe0pOEARY","baseKeyType":1,"closed":-1,"used":1687069058610,"created":1687069058610,"remoteIdentityKey":"BSAsctnjmbHrpnnSenjNB0dXIXvnHl/ul3C5SgBr/GVS"},"_chains":{"BSxHGgNqsmhgCX22M4ptmtSVwOxRhKKXq+dqSvLoC4Eh":{"chainKey":{"counter":28,"key":"uvjSkEmF1psedGhnoaYUSDsTYp3fAH0vsIX8YKfNLh4="},"chainType":1,"messageKeys":{}}},"pendingPreKey":{"signedKeyId":1,"baseKey":"BUye1jrziVb2xqXpdP1OW5lb2p3PXgeLmPobe0pOEARY","preKeyId":23}}},"version":"v1"}