{"_sessions":{"BQ5eQTdfwmiYmQLm22A2p/vLSYzVN/NjY4qoXX5weHMl":{"registrationId":1939120931,"currentRatchet":{"ephemeralKeyPair":{"pubKey":"Be6Y0AgMN9GOyn2AyLYGHQYbs3SHFoTbKGy5YXztmsR4","privKey":"2NtX823dwkAT0jVkM6rEuhR9OQm8yv2n9txa9EPGCEs="},"lastRemoteEphemeralKey":"BcDHCibxYjpsqrEnrOlzExNlzCrHc8K+3s+hfmPA/959","previousCounter":0,"rootKey":"4G4/gP1YaNyXntJy75EVkSvvCEnHJyYvfMBWaaxpW70="},"indexInfo":{"baseKey":"BQ5eQTdfwmiYmQLm22A2p/vLSYzVN/NjY4qoXX5weHMl","baseKeyType":1,"closed":-1,"used":1687170845629,"created":1687170845629,"remoteIdentityKey":"BRj1uioBZHjcjacej4c3F13f8a0AUJ7z4v5rkkEXc5UF"},"_chains":{"Be6Y0AgMN9GOyn2AyLYGHQYbs3SHFoTbKGy5YXztmsR4":{"chainKey":{"counter":1,"key":"ftbv7RYMG8pEx1LeLm1bIOy3wNUMZxxQJiGwS8IdtZw="},"chainType":1,"messageKeys":{}}},"pendingPreKey":{"signedKeyId":2,"baseKey":"BQ5eQTdfwmiYmQLm22A2p/vLSYzVN/NjY4qoXX5weHMl","preKeyId":4694103}}},"version":"v1"}