{"_sessions":{"BfkJ2gpDqi4mMVLE/6hH/7pAvBZq3aL4ExjSZULv7BV9":{"registrationId":1375548159,"currentRatchet":{"ephemeralKeyPair":{"pubKey":"BcjHAscHKJxZBET1kHFtdIuMFysZe20IrvcaT3K5JkNP","privKey":"OPkkRD24ejr+thvWhsbSZ41yZFIiNulfDDZT/rcn+Ug="},"lastRemoteEphemeralKey":"BYkDnRAktNitDR5DAZRee+YwiaJjvuXqBLj8f/iOZHA6","previousCounter":0,"rootKey":"VXQrEtQaS86ka6iJ9pqSJdGUgBHLQXmSFfbGDywIeec="},"indexInfo":{"baseKey":"BfkJ2gpDqi4mMVLE/6hH/7pAvBZq3aL4ExjSZULv7BV9","baseKeyType":1,"closed":-1,"used":1687069148816,"created":1687069148816,"remoteIdentityKey":"BVMs0mkicx+TGfcp6zPTUdtx9ihe66j3WsOhrDypOt1k"},"_chains":{"BcjHAscHKJxZBET1kHFtdIuMFysZe20IrvcaT3K5JkNP":{"chainKey":{"counter":21,"key":"Y0V8okrTkPShZALDyIu52Slgt5kER1w+s8aDcqxjgPY="},"chainType":1,"messageKeys":{}}},"pendingPreKey":{"signedKeyId":2,"baseKey":"BfkJ2gpDqi4mMVLE/6hH/7pAvBZq3aL4ExjSZULv7BV9","preKeyId":5669453}}},"version":"v1"}