{"_sessions":{"BVbBcv5DZ1i04JwVzaAfnV+kO78tOmWPgJe5Kg+vAgYH":{"registrationId":1803105845,"currentRatchet":{"ephemeralKeyPair":{"pubKey":"BRtnlUKKj4fCfRaU0TvycGXKpxC8Il4PF1ekrmhy/G9T","privKey":"KNSLESxB1ndkRZd+Wue7TQmj8cWLPFiEFQSg6xXd018="},"lastRemoteEphemeralKey":"BUlyKbdFJPBvIrvXXUKqbJHMTJN6w269PWbY3tMsNztz","previousCounter":0,"rootKey":"YGtCP+k84mOymrhFK+IoTHJgIpOnfWktgCQOzSWgHEw="},"indexInfo":{"baseKey":"BVbBcv5DZ1i04JwVzaAfnV+kO78tOmWPgJe5Kg+vAgYH","baseKeyType":1,"closed":-1,"used":1687069190091,"created":1687069148860,"remoteIdentityKey":"BQE/uy0L8UNcop7pRuJ47W+SutXjz7ge1C+75PgD2Gk4"},"_chains":{"BUlyKbdFJPBvIrvXXUKqbJHMTJN6w269PWbY3tMsNztz":{"chainKey":{"counter":0,"key":"jv1kIE1hOLz1k0XuDvl7QnywP2AK/KcXsPky8KQE0jY="},"chainType":2,"messageKeys":{}},"BRtnlUKKj4fCfRaU0TvycGXKpxC8Il4PF1ekrmhy/G9T":{"chainKey":{"counter":20,"key":"3FIqampvcAxf6rE/Q7kpQWhDgq+/Ng/ybUOkowbZ1Hg="},"chainType":1,"messageKeys":{}}}}},"version":"v1"}