{"_sessions":{"BTJ9vYeXqYzPGysfIjiJT1Sddp41AFMO56uHw6VsFwEW":{"registrationId":438190589,"currentRatchet":{"ephemeralKeyPair":{"pubKey":"BfQKoiuFusRysa+ae7Y4B91D0oI+dzKwSVQzXzpyjggj","privKey":"eIg3lnJy7cbB3SnSE7rSJGISWtUHRY6n1LvikWrgY3A="},"lastRemoteEphemeralKey":"BdKMCSGu3roA8BiomyS1uxdkwlKTJAr4AwkjAGJgVjVm","previousCounter":0,"rootKey":"Pe10rsPOWsjz6bZzTUXpmKJKtu1l1PnQZbe4eZ+mMEI="},"indexInfo":{"baseKey":"BTJ9vYeXqYzPGysfIjiJT1Sddp41AFMO56uHw6VsFwEW","baseKeyType":2,"closed":-1,"used":1687184001174,"created":1687184001174,"remoteIdentityKey":"BTSquplqOAuVgboIK/dH7fJm3qp4SRxWIcAULcWMZWZc"},"_chains":{"BdKMCSGu3roA8BiomyS1uxdkwlKTJAr4AwkjAGJgVjVm":{"chainKey":{"counter":0,"key":"x9oFvYlJMrypnvQMIBv7YaDEW7VxD0apnGuMHt2k630="},"chainType":2,"messageKeys":{}},"BfQKoiuFusRysa+ae7Y4B91D0oI+dzKwSVQzXzpyjggj":{"chainKey":{"counter":-1,"key":"HQ8a+YA046CVo86o6x3FRO387/2s7PB6EkwDgdjWZJ8="},"chainType":1,"messageKeys":{}}}}},"version":"v1"}