{"_sessions":{"BXBHUoEAJLKOpKVolsfh9ahL5WL0XZLhJEbpE6Evp4ws":{"registrationId":495960526,"currentRatchet":{"ephemeralKeyPair":{"pubKey":"BT8xjTFfINo6Z/g7ODGsUhSt4gvG9gjOZ71LgojrRbA8","privKey":"iHLkkAHWIypB6LXw3I4LVzSwJs1VYyhUQfkJuRPWZV0="},"lastRemoteEphemeralKey":"BbjLehvCUpXy51JQH2TE24CnZ200JKWrQ0uRnF8x48F/","previousCounter":0,"rootKey":"wMj561ewGLsoQeAsGaEOnqCW4aRcDQyvojJmyAcESAc="},"indexInfo":{"baseKey":"BXBHUoEAJLKOpKVolsfh9ahL5WL0XZLhJEbpE6Evp4ws","baseKeyType":1,"closed":-1,"used":1687175365650,"created":1687170845886,"remoteIdentityKey":"BUeHlRQ+5g+N/Hwp53ej8D1LgLs10zpeNPq/yNv/5PNf"},"_chains":{"BbjLehvCUpXy51JQH2TE24CnZ200JKWrQ0uRnF8x48F/":{"chainKey":{"counter":0,"key":"y+Pgtnc1ELy1nFc28mu6nc1REyUTeJqqvjXhgPFe2hg="},"chainType":2,"messageKeys":{}},"BT8xjTFfINo6Z/g7ODGsUhSt4gvG9gjOZ71LgojrRbA8":{"chainKey":{"counter":0,"key":"t7jcNlgKu0N0iLvlgaoI3FxVkiv7WGDZId2wZJSgzWU="},"chainType":1,"messageKeys":{}}}}},"version":"v1"}