{"_sessions":{"BfPfV/q4GKN+/LkEXPSujkJHWvlaCVzINwNIOmq1JtER":{"registrationId":563377583,"currentRatchet":{"ephemeralKeyPair":{"pubKey":"BWzzZI3pma9gjbRpYnkDHXRtTX/ycFww1AEoNyoFOEBU","privKey":"wBzkWLezRC5g2PNyf9D8y2IaNrPGaHZO0BEhtNp2F3k="},"lastRemoteEphemeralKey":"BRy52ZjbvsvtpDVjEPWbJq2jujmA50qbA3ULehVB5wVM","previousCounter":0,"rootKey":"PrYNazTGWC3j7pE2FvKpDPspr2l7Waqo7F841VfhagE="},"indexInfo":{"baseKey":"BfPfV/q4GKN+/LkEXPSujkJHWvlaCVzINwNIOmq1JtER","baseKeyType":1,"closed":-1,"used":1687170991462,"created":1687170846089,"remoteIdentityKey":"Bb/QzrpCdan4dZ6JVuFXlA1Ft8+zH9yU1HkIRnf59D8j"},"_chains":{"BRy52ZjbvsvtpDVjEPWbJq2jujmA50qbA3ULehVB5wVM":{"chainKey":{"counter":0,"key":"bRGSx0zw9M5HLp9EHxhYaGp5PYPBOtcnWdai2azgm7w="},"chainType":2,"messageKeys":{}},"BWzzZI3pma9gjbRpYnkDHXRtTX/ycFww1AEoNyoFOEBU":{"chainKey":{"counter":0,"key":"UW+kM4Q0pJt8KIbWMTqNM97vvTU+viuNWzHYm9d1RLM="},"chainType":1,"messageKeys":{}}}}},"version":"v1"}