{"_sessions":{"BQgCyuqPjmThjruHen9+fFqZOmrRpC8LS/UQbx4ivixT":{"registrationId":753737297,"currentRatchet":{"ephemeralKeyPair":{"pubKey":"BZ1o/fPcCA+wP2QAjMrCsaU8y5s7YRJst3e4/20HNlNj","privKey":"KPBBJG3xF2zCByCqH9AmHhL2g3WBAQg8Ep8b+cv4Tkw="},"lastRemoteEphemeralKey":"BZecZlqp9MmcBvyAMjjdZbhjS/P7dfV1xIJrwwwWBskU","previousCounter":0,"rootKey":"3zUjsDf6ihw3ItwiY2aGorAny+bEw1iwZSneEOvUhUg="},"indexInfo":{"baseKey":"BQgCyuqPjmThjruHen9+fFqZOmrRpC8LS/UQbx4ivixT","baseKeyType":1,"closed":-1,"used":1687176248100,"created":1687176248100,"remoteIdentityKey":"BSaiTMq5+TsylgZbP2qrzuPjdgrggDTyYqZ0KARAWjFo"},"_chains":{"BZ1o/fPcCA+wP2QAjMrCsaU8y5s7YRJst3e4/20HNlNj":{"chainKey":{"counter":2,"key":"xlIUxgIwT4adCkeKOs+a/dwZUWwL3JkGzdlJ/rz8sVU="},"chainType":1,"messageKeys":{}}},"pendingPreKey":{"signedKeyId":2,"baseKey":"BQgCyuqPjmThjruHen9+fFqZOmrRpC8LS/UQbx4ivixT","preKeyId":7123356}}},"version":"v1"}