{"_sessions":{"BYznuO+m43C9vI0u7pIL9lFyKXboiGyjDfPYWf0gZlBS":{"registrationId":47790191,"currentRatchet":{"ephemeralKeyPair":{"pubKey":"BbXEjTyc/mFRo5tRCjYn7OHTculWAuMGLCIT0imCSkwR","privKey":"6AHSIsOVUANrklGoCctE+jSpfzi4AbH4zyd/i81gB0o="},"lastRemoteEphemeralKey":"BcQvx4MCM58Jd8xxhjNLxujM+FXgoIJjy+wQ8DpbcNFq","previousCounter":0,"rootKey":"ZZa/f+w7q5GVGncrcOpMBO1x6sQQ4ov2FWbvVIRZ6qI="},"indexInfo":{"baseKey":"BYznuO+m43C9vI0u7pIL9lFyKXboiGyjDfPYWf0gZlBS","baseKeyType":1,"closed":-1,"used":1687176706352,"created":1687170846155,"remoteIdentityKey":"BbM5eWOYp2vTYj0Fp4JeKWp9UkR8LnovYrRexEZFll1Y"},"_chains":{"BX3gPyizWQ0MpwFl4rAh50xKcB5W4T6mIOD0uzAgDMky":{"chainKey":{"counter":0},"chainType":2,"messageKeys":{}},"BcQvx4MCM58Jd8xxhjNLxujM+FXgoIJjy+wQ8DpbcNFq":{"chainKey":{"counter":0,"key":"n+bQwPrInw8SIjiJs2LKsVRrmhJi3CTaQ5BDv1xNISE="},"chainType":2,"messageKeys":{}},"BbXEjTyc/mFRo5tRCjYn7OHTculWAuMGLCIT0imCSkwR":{"chainKey":{"counter":-1,"key":"t8KuLrAGwxGpYI3BjZ9BsUZfyvRh3IHp2MOMTQt95Bw="},"chainType":1,"messageKeys":{}}}}},"version":"v1"}