{"_sessions":{"BRiK0tj18XRNBglRmBjhRYaYBHSkeDTeIrPu0Izk5w0p":{"registrationId":1060649635,"currentRatchet":{"ephemeralKeyPair":{"pubKey":"BdK0TpEdIG+Xb8YEJS8StpFlo3PmNyBf2DjKOOI4zf0n","privKey":"SDrtmbm/2s2UHyeDN9ySiq6tbRffFmEKDUX11pOGUmg="},"lastRemoteEphemeralKey":"BRo7HcHiu9US5sDdYoFFTTKVlyxUE35yG/+cys0rahls","previousCounter":0,"rootKey":"R4E/FDb3c7UbBZIIK0/1H9F26s3fBCijF6tMZrv8JlE="},"indexInfo":{"baseKey":"BRiK0tj18XRNBglRmBjhRYaYBHSkeDTeIrPu0Izk5w0p","baseKeyType":1,"closed":-1,"used":1687170845873,"created":1687170845873,"remoteIdentityKey":"BeopfCrnR0H41c4dcrrUrckT0nU2yOoFx/kvDLsNxTYy"},"_chains":{"BdK0TpEdIG+Xb8YEJS8StpFlo3PmNyBf2DjKOOI4zf0n":{"chainKey":{"counter":1,"key":"pGwMKHfkXhUTjWbMmBhIIZZnzSKJAdekI7xVlFelkaI="},"chainType":1,"messageKeys":{}}},"pendingPreKey":{"signedKeyId":0,"baseKey":"BRiK0tj18XRNBglRmBjhRYaYBHSkeDTeIrPu0Izk5w0p","preKeyId":2131599}}},"version":"v1"}