{"_sessions":{"BVCV06ucqS9E4iMH2FdDzZChwg9d8xDeDZazKtJdVTVM":{"registrationId":1878900981,"currentRatchet":{"ephemeralKeyPair":{"pubKey":"BWEYrIyiI7j9HEcsVCikRCaCjDfps+ZDT5nkHnoz4wce","privKey":"wK0kW+ZfjvMdAZKGPpv4ZjKL9cGv2j4m3+S1Lo4UBE8="},"lastRemoteEphemeralKey":"BcAMJYPNfoFrzQ1x5xtY4+AQfC2120CesLgPOYXr1RwK","previousCounter":0,"rootKey":"j1K1zjAGvwvKW20wjmoQhPvDUzm7wvTCgtF1ncV6NB8="},"indexInfo":{"baseKey":"BVCV06ucqS9E4iMH2FdDzZChwg9d8xDeDZazKtJdVTVM","baseKeyType":1,"closed":-1,"used":1687178255611,"created":1687178255611,"remoteIdentityKey":"Bf/w0jXcXfH2DqnxOFkALfhrdpvTcovgU+HxajgKllkt"},"_chains":{"BWEYrIyiI7j9HEcsVCikRCaCjDfps+ZDT5nkHnoz4wce":{"chainKey":{"counter":0,"key":"eSbNYh4roSGk2cgF2yMwRMU56ZzZ7Y0aSaewL73s7dY="},"chainType":1,"messageKeys":{}}},"pendingPreKey":{"signedKeyId":13,"baseKey":"BVCV06ucqS9E4iMH2FdDzZChwg9d8xDeDZazKtJdVTVM","preKeyId":13422193}}},"version":"v1"}