{"_sessions":{"BWAvvVHiXXeeR5lJfcX8FbJ6iiy4eNk1rA92ZJPYZt8T":{"registrationId":7997620,"currentRatchet":{"ephemeralKeyPair":{"pubKey":"BXGIMIOWU2mknxpNxgxCn2DybL+pjAHnm6sEHhBVjbZR","privKey":"oO5aJ7K7Y4kwl7ngXwQeJf8Z46Iej25FZ/TDx99j5WM="},"lastRemoteEphemeralKey":"Be0tiBFBRFR68P3mfcmn58e8xHeqLGgdVrFhQt+lkYoY","previousCounter":1,"rootKey":"dogMhHQqPFZRJ+/MVr+9ROBbkEL+p8RzSLn2Sn1heiM="},"indexInfo":{"baseKey":"BWAvvVHiXXeeR5lJfcX8FbJ6iiy4eNk1rA92ZJPYZt8T","baseKeyType":1,"closed":-1,"used":1687184001663,"created":1687170845504,"remoteIdentityKey":"Bb8HwtPii7/8E4LaUCB0MsVf2X5a4z+ih+B74r5PylQx"},"_chains":{"Be0tiBFBRFR68P3mfcmn58e8xHeqLGgdVrFhQt+lkYoY":{"chainKey":{"counter":0,"key":"8KEyQH2C5M/AHdCpuht7wtmkfEKd+mhgZF3ID7LQfik="},"chainType":2,"messageKeys":{}},"BXGIMIOWU2mknxpNxgxCn2DybL+pjAHnm6sEHhBVjbZR":{"chainKey":{"counter":-1,"key":"WD83MusvUc+LkzWoXxeY2SLzTG4HnuqoYd+Wsc7Lyvg="},"chainType":1,"messageKeys":{}}}}},"version":"v1"}