{"_sessions":{"BfBGJu9GKCOtH/kd4FLBzgOXA++n4HJx/OPNgPrcE7ds":{"registrationId":749214256,"currentRatchet":{"ephemeralKeyPair":{"pubKey":"BdKPTiJgq1tgswJRtZSgDp2NOGzzvjRezg4elfrYz0IQ","privKey":"SNdY/ylasEiWjcs90Xbc5aDae9ya3Nb/XWldOojxv3s="},"lastRemoteEphemeralKey":"BZBSycDgtBiiqYjRUxrgDcD6BoOApomeixIRwaM+cA4I","previousCounter":0,"rootKey":"wfkPs++hqwUO07AS3U0rQBWIJZqf8/t3YbxexKH0PHY="},"indexInfo":{"baseKey":"BfBGJu9GKCOtH/kd4FLBzgOXA++n4HJx/OPNgPrcE7ds","baseKeyType":1,"closed":-1,"used":1687171489627,"created":1687170811148,"remoteIdentityKey":"BUBHCsaoiGeqHwwpNmGSI18MDkp3Bj/cS/dQ7qHzbEA/"},"_chains":{"BZBSycDgtBiiqYjRUxrgDcD6BoOApomeixIRwaM+cA4I":{"chainKey":{"counter":0,"key":"PLwYSmknMK7mk6rK4GTqgU5EMFhlFFGoAy9aplyNO+I="},"chainType":2,"messageKeys":{}},"BdKPTiJgq1tgswJRtZSgDp2NOGzzvjRezg4elfrYz0IQ":{"chainKey":{"counter":-1,"key":"rRs/0nVFiW4jVLD0xyy3hcme58NzlVOCV4ko/jsuPpc="},"chainType":1,"messageKeys":{}}}}},"version":"v1"}