{"_sessions":{"BdXykrKrg8h5BhcXtaVKosAdxF0K62rq/5vxTWgr7Vc7":{"registrationId":865039363,"currentRatchet":{"ephemeralKeyPair":{"pubKey":"BafAe3w32IZQEY6KKSwSEmM0cKafoYrSOWcEmcnlpgUg","privKey":"YP7rCyTd6pziX4/02bHDXyIRLwZ8ylwBIAp4lxVUh0c="},"lastRemoteEphemeralKey":"BQYo+yh4LbOF4J8AETejZltll/RKTeK0E+yCa8MpYIwP","previousCounter":0,"rootKey":"l/0Ew2xNxk0bhndv8tNx97d/dEtKMKESWG/vNj06z0w="},"indexInfo":{"baseKey":"BdXykrKrg8h5BhcXtaVKosAdxF0K62rq/5vxTWgr7Vc7","baseKeyType":1,"closed":-1,"used":1687170845669,"created":1687170845669,"remoteIdentityKey":"BflfqlCRJRZoeE5oT79543kbux1/NY3L3c1zdXq/R3FO"},"_chains":{"BafAe3w32IZQEY6KKSwSEmM0cKafoYrSOWcEmcnlpgUg":{"chainKey":{"counter":1,"key":"kpJxGh1LrwfjSyuLLHkSFVsi+Tt4sznT5f6X9Vjmys4="},"chainType":1,"messageKeys":{}}},"pendingPreKey":{"signedKeyId":3,"baseKey":"BdXykrKrg8h5BhcXtaVKosAdxF0K62rq/5vxTWgr7Vc7","preKeyId":12680305}}},"version":"v1"}