{"_sessions":{"BQ2KIaiazoVmS4vtyJut1EQd4OS4QQ6x1VEsbyQR/Zxm":{"registrationId":1673069224,"currentRatchet":{"ephemeralKeyPair":{"pubKey":"BW7lXGU0suo0KLsdNW49jsow2Wv2lfc55Bg9eyFfZoF1","privKey":"qMr4bfs2+Qz1VLQEXwFd4CYmo4gEyk+V3qikD4D6uGY="},"lastRemoteEphemeralKey":"BQcSxSOeuKvSm9wl/Ot0Ye2kKfZf5bSztsSan4J7dUdk","previousCounter":0,"rootKey":"V/QlyQn9vMFQyJwB4cN/PFSorAqVJvaZmNdWIDxyW4E="},"indexInfo":{"baseKey":"BQ2KIaiazoVmS4vtyJut1EQd4OS4QQ6x1VEsbyQR/Zxm","baseKeyType":1,"closed":-1,"used":1687172060577,"created":1687170811139,"remoteIdentityKey":"BbJNOtCv6BsiBj3oC5BN23YGDmiLoGdH8dfijNFrha0i"},"_chains":{"BQcSxSOeuKvSm9wl/Ot0Ye2kKfZf5bSztsSan4J7dUdk":{"chainKey":{"counter":0,"key":"OaVLk+BOsKAsGgDG9SzV3Vr/09U+nH9FCL1b4gfs4E8="},"chainType":2,"messageKeys":{}},"BW7lXGU0suo0KLsdNW49jsow2Wv2lfc55Bg9eyFfZoF1":{"chainKey":{"counter":-1,"key":"FxUkOdDYxO85eBy5yq2Li/F0UTI37uxgu83IwFe8fMo="},"chainType":1,"messageKeys":{}}}}},"version":"v1"}