{"_sessions":{"BZX6Tego3pGCwz2CZqCc0Gw2FN0Rl9U1G9RQQQsffp9J":{"registrationId":1843654591,"currentRatchet":{"ephemeralKeyPair":{"pubKey":"BSPeA1eZhXmnncnQxIUukLSi0xib2YzJf6eZ8vvPB7Ue","privKey":"2Kl2lqb6t2J378HaDLvipIczWnlR/vFLBe3H0bFGwH4="},"lastRemoteEphemeralKey":"BQWwTRuj3NYnXt6pYutO/TlaHbrOykBBnkTQuEi7LKMQ","previousCounter":0,"rootKey":"5YytekxD9l2My7KXC1lCncsc0Ok3wjBqqOL3C9cXK3c="},"indexInfo":{"baseKey":"BZX6Tego3pGCwz2CZqCc0Gw2FN0Rl9U1G9RQQQsffp9J","baseKeyType":1,"closed":-1,"used":1687170845579,"created":1687170845579,"remoteIdentityKey":"BevsCnzGHdzCx2gnKnf3bU8sBUkdWiaEdYKkJ0luSRYr"},"_chains":{"BSPeA1eZhXmnncnQxIUukLSi0xib2YzJf6eZ8vvPB7Ue":{"chainKey":{"counter":1,"key":"RBvgg8PtMofxAKgXt23/iabFcWGAnufgPWxebE9XYZQ="},"chainType":1,"messageKeys":{}}},"pendingPreKey":{"signedKeyId":1,"baseKey":"BZX6Tego3pGCwz2CZqCc0Gw2FN0Rl9U1G9RQQQsffp9J","preKeyId":5036952}}},"version":"v1"}