{"_sessions":{"BZxbpqtQq51SbCme5HWecjTFjfocECghxNR6XVekShQl":{"registrationId":1409583267,"currentRatchet":{"ephemeralKeyPair":{"pubKey":"Besdze9T7uvrNESEhYlEYFzEm33V29guKj6xnXuKwdtE","privKey":"QBBNrPbopaTSZS94rlpe4DKhLEfqUi1M91HwLG/da2Q="},"lastRemoteEphemeralKey":"BURzaQNFrmpqCUP+wgoA3EquVqK1DdiS33twV23LOYwn","previousCounter":0,"rootKey":"1IOz9e7Qh923LhEXxsDncvuTyzPa3zgdTB1n03J89Eo="},"indexInfo":{"baseKey":"BZxbpqtQq51SbCme5HWecjTFjfocECghxNR6XVekShQl","baseKeyType":1,"closed":-1,"used":1687174147021,"created":1687174147021,"remoteIdentityKey":"BenwC3bPLTu1GyMlniU/X2BZ8NO8wnFCFBpfbRGAb/Yh"},"_chains":{"Besdze9T7uvrNESEhYlEYFzEm33V29guKj6xnXuKwdtE":{"chainKey":{"counter":0,"key":"j9LUXakWDPUOLnm7ZKIxD5WqjQxOzQOrPpL1AzGyEgU="},"chainType":1,"messageKeys":{}}},"pendingPreKey":{"signedKeyId":35,"baseKey":"BZxbpqtQq51SbCme5HWecjTFjfocECghxNR6XVekShQl","preKeyId":16272672}}},"version":"v1"}