{"_sessions":{"Becyu0SZXXHQFgKCAnoNHrmc81/vT6HXqV1c5FPjZz8D":{"registrationId":244648283,"currentRatchet":{"ephemeralKeyPair":{"pubKey":"BbVCsqoYQXGoT/d9cLfgwbPGO0y6SFeSpDoNDDbIEyVK","privKey":"OGZcXfWudroIZRPmdDS9DSsxnsVn5YVMZiYlcxWqq2k="},"lastRemoteEphemeralKey":"BTjftKW3jpDFYe5i8xQt6jig82EpLVqc9c5gXhnnk1M4","previousCounter":0,"rootKey":"Q5IhkLxfAtbjEKFypwxdsrSbUPelnpfYUn3/BtNDL0Q="},"indexInfo":{"baseKey":"Becyu0SZXXHQFgKCAnoNHrmc81/vT6HXqV1c5FPjZz8D","baseKeyType":2,"closed":1687069097085,"used":1687022380275,"created":1687022380275,"remoteIdentityKey":"BaDD9IWaHLYlPiPT2WJNyqcqCoquvgigVkj2C5gr7qAi"},"_chains":{"BTjftKW3jpDFYe5i8xQt6jig82EpLVqc9c5gXhnnk1M4":{"chainKey":{"counter":5,"key":"VMhzDKRpWwyPmNulnhnKbTU9ZnpK3gJhIo62Kla5hsQ="},"chainType":2,"messageKeys":{}},"BbVCsqoYQXGoT/d9cLfgwbPGO0y6SFeSpDoNDDbIEyVK":{"chainKey":{"counter":3,"key":"V2PF8IksSn88T1XrB3NcgZ98X6WpWn9hB+89JVIaVTY="},"chainType":1,"messageKeys":{}}}},"BZH8fmn+cFUwplZ4aPE58N7KL2cxJioZhdRVNnXfI7Fl":{"registrationId":244648283,"currentRatchet":{"ephemeralKeyPair":{"pubKey":"BR+Hpk9D9vGWZ+GtyE1iftBGBnZkDsT+ramOHQJqNCJV","privKey":"mA+R2pD0WupJywYtf6D++Bk/trW1cLpuhTIxzp4KRW4="},"lastRemoteEphemeralKey":"BZ+Zo2Kuo3T+7Ugg1RGRXNDS9abCLZ4wIDGywjNj+6MC","previousCounter":0,"rootKey":"t4ERzRY4wkP4upCDPwWA45erzVVlV+s0o/KBR08UQxw="},"indexInfo":{"baseKey":"BZH8fmn+cFUwplZ4aPE58N7KL2cxJioZhdRVNnXfI7Fl","baseKeyType":1,"closed":1687069103970,"used":1687069097083,"created":1687069097083,"remoteIdentityKey":"BaDD9IWaHLYlPiPT2WJNyqcqCoquvgigVkj2C5gr7qAi"},"_chains":{"BR+Hpk9D9vGWZ+GtyE1iftBGBnZkDsT+ramOHQJqNCJV":{"chainKey":{"counter":-1,"key":"NOev+uYrhFA3ov5dBlUMyRFk5WPH5FAfCyAwSypyYcY="},"chainType":1,"messageKeys":{}}},"pendingPreKey":{"signedKeyId":3,"baseKey":"BZH8fmn+cFUwplZ4aPE58N7KL2cxJioZhdRVNnXfI7Fl","preKeyId":10240324}},"Bc08VjG09fHQXRIKOcgUSMtd6ldIlRE4BofqTOZ7ttJb":{"registrationId":244648283,"currentRatchet":{"ephemeralKeyPair":{"pubKey":"BSR1JFrCA+7sqBDTR10X7xjJYsJz0icv0Ih0WORNJ+k4","privKey":"uFyqAlBCGYaXVh4mDU97y4RyUDuIdtw0DxukJfX2UHI="},"lastRemoteEphemeralKey":"BZ+Zo2Kuo3T+7Ugg1RGRXNDS9abCLZ4wIDGywjNj+6MC","previousCounter":0,"rootKey":"8kzuZO7ATmMptIdiVXK2K78rr5lr7PxgDYhgQBVDGkA="},"indexInfo":{"baseKey":"Bc08VjG09fHQXRIKOcgUSMtd6ldIlRE4BofqTOZ7ttJb","baseKeyType":1,"closed":1687069124612,"used":1687069103969,"created":1687069103969,"remoteIdentityKey":"BaDD9IWaHLYlPiPT2WJNyqcqCoquvgigVkj2C5gr7qAi"},"_chains":{"BSR1JFrCA+7sqBDTR10X7xjJYsJz0icv0Ih0WORNJ+k4":{"chainKey":{"counter":-1,"key":"dqFqhbtbNzKk7hz7SsYN7CFJt698jdAVamycCMHuZn8="},"chainType":1,"messageKeys":{}}},"pendingPreKey":{"signedKeyId":3,"baseKey":"Bc08VjG09fHQXRIKOcgUSMtd6ldIlRE4BofqTOZ7ttJb","preKeyId":10240908}},"BbJRNVCN/Uos4gAb0hrYVSCXBEKmnIkeIx5gtE0Vm78L":{"registrationId":244648283,"currentRatchet":{"ephemeralKeyPair":{"pubKey":"BYitjlL4qIQupfxJY5cttqOn4WioirxPVXcCW0ndnfA9","privKey":"sOST/fdApGvFBkctRklYqIlKmp31LF6mVzBflVXBh2E="},"lastRemoteEphemeralKey":"BZ+Zo2Kuo3T+7Ugg1RGRXNDS9abCLZ4wIDGywjNj+6MC","previousCounter":0,"rootKey":"Ts3DUM/z2jIFAZ4kf9BzWI4vQZSjV1pfYpa3tXgByRk="},"indexInfo":{"baseKey":"BbJRNVCN/Uos4gAb0hrYVSCXBEKmnIkeIx5gtE0Vm78L","baseKeyType":1,"closed":1687069149652,"used":1687069124611,"created":1687069124611,"remoteIdentityKey":"BaDD9IWaHLYlPiPT2WJNyqcqCoquvgigVkj2C5gr7qAi"},"_chains":{"BYitjlL4qIQupfxJY5cttqOn4WioirxPVXcCW0ndnfA9":{"chainKey":{"counter":-1,"key":"U8QMecV1K8EcpfDTFpy9T1HgsNaO9pk8aeMuZ+v3kkI="},"chainType":1,"messageKeys":{}}},"pendingPreKey":{"signedKeyId":3,"baseKey":"BbJRNVCN/Uos4gAb0hrYVSCXBEKmnIkeIx5gtE0Vm78L","preKeyId":10241034}},"Bd1FNwMtc5gHMEbJDbOfXeSj1Q3yqS7elryWe3hYmo8h":{"registrationId":244648283,"currentRatchet":{"ephemeralKeyPair":{"pubKey":"BdZDjo6Pxz3ckc97gllKxRgWb9Go+FFab1je33Q8rwdL","privKey":"yLO3rt6opnBdU5CiY1MLvJ08hAeAgAmxvKGfKn0FVWc="},"lastRemoteEphemeralKey":"BZ+Zo2Kuo3T+7Ugg1RGRXNDS9abCLZ4wIDGywjNj+6MC","previousCounter":0,"rootKey":"o/Ftwowv50yd/hZbodcAGIJt6w7OO3SPzEdU3nRZIPs="},"indexInfo":{"baseKey":"Bd1FNwMtc5gHMEbJDbOfXeSj1Q3yqS7elryWe3hYmo8h","baseKeyType":1,"closed":1687069207783,"used":1687069149650,"created":1687069149650,"remoteIdentityKey":"BaDD9IWaHLYlPiPT2WJNyqcqCoquvgigVkj2C5gr7qAi"},"_chains":{"BdZDjo6Pxz3ckc97gllKxRgWb9Go+FFab1je33Q8rwdL":{"chainKey":{"counter":-1,"key":"ZfRgzozmXolKRjMH6A9NqNuEbYqQS1yRKC7m48G2TDI="},"chainType":1,"messageKeys":{}}},"pendingPreKey":{"signedKeyId":3,"baseKey":"Bd1FNwMtc5gHMEbJDbOfXeSj1Q3yqS7elryWe3hYmo8h","preKeyId":10240317}},"BUrfL0WdU8wL3lkulefaMw4CVi/59Wx7bj0UJiONWQEm":{"registrationId":244648283,"currentRatchet":{"ephemeralKeyPair":{"pubKey":"BWjjHmZuJrl1CRxdEnBFf/rSDMqGPfa9Vx8TtHf3ZGtG","privKey":"uE1X5y06Cb+97tIznjFRtAWhB+2J94cxgmBG8kFTB24="},"lastRemoteEphemeralKey":"BZ+Zo2Kuo3T+7Ugg1RGRXNDS9abCLZ4wIDGywjNj+6MC","previousCounter":0,"rootKey":"YKQTiIirn+3MDyHQR4uu4qEbHLClJtpz9uPuOU9505k="},"indexInfo":{"baseKey":"BUrfL0WdU8wL3lkulefaMw4CVi/59Wx7bj0UJiONWQEm","baseKeyType":1,"closed":1687069218363,"used":1687069207782,"created":1687069207782,"remoteIdentityKey":"BaDD9IWaHLYlPiPT2WJNyqcqCoquvgigVkj2C5gr7qAi"},"_chains":{"BWjjHmZuJrl1CRxdEnBFf/rSDMqGPfa9Vx8TtHf3ZGtG":{"chainKey":{"counter":-1,"key":"lmZvGVp+IY04unnmjse1CrgtFnzKjRd4iLHKqY3Sekw="},"chainType":1,"messageKeys":{}}},"pendingPreKey":{"signedKeyId":3,"baseKey":"BUrfL0WdU8wL3lkulefaMw4CVi/59Wx7bj0UJiONWQEm","preKeyId":10240315}},"Bf+CwaGWFRadGQa4Owatmt2ujLoNyr1CA5Jbvz0CfaoK":{"registrationId":244648283,"currentRatchet":{"ephemeralKeyPair":{"pubKey":"Bd+QK1rHYGTBpz0uN8E4V/HYBAMVTAN7vKu+up95m/IQ","privKey":"gAe6CkWssQ2bFv+K+yRL8Np3L6RN7YUVk6Cx47qRplE="},"lastRemoteEphemeralKey":"BZ+Zo2Kuo3T+7Ugg1RGRXNDS9abCLZ4wIDGywjNj+6MC","previousCounter":0,"rootKey":"7RmX2K+3v/dEN4L8FUdrXkrn99T/xjBc/Cex88DABXs="},"indexInfo":{"baseKey":"Bf+CwaGWFRadGQa4Owatmt2ujLoNyr1CA5Jbvz0CfaoK","baseKeyType":1,"closed":1687069231684,"used":1687069218361,"created":1687069218361,"remoteIdentityKey":"BaDD9IWaHLYlPiPT2WJNyqcqCoquvgigVkj2C5gr7qAi"},"_chains":{"Bd+QK1rHYGTBpz0uN8E4V/HYBAMVTAN7vKu+up95m/IQ":{"chainKey":{"counter":-1,"key":"6vqc0DjifplWCSekoQUMif1k5aZ3Hf07GnkIYaLEHrs="},"chainType":1,"messageKeys":{}}},"pendingPreKey":{"signedKeyId":3,"baseKey":"Bf+CwaGWFRadGQa4Owatmt2ujLoNyr1CA5Jbvz0CfaoK","preKeyId":10240392}},"BYn2tkF1qex9kxge3EElF8e+TXlIx9zgrCXHjnauktsr":{"registrationId":244648283,"currentRatchet":{"ephemeralKeyPair":{"pubKey":"BSuA+evJghj22sqheZQ9fOqgxXaAWMwiSbB2PTRTvXUH","privKey":"cAhMa8E+J1IBhUAJCjwogp3cX5oRq0aNX74fKRoVwmk="},"lastRemoteEphemeralKey":"BZ+Zo2Kuo3T+7Ugg1RGRXNDS9abCLZ4wIDGywjNj+6MC","previousCounter":0,"rootKey":"OLTtSjzxJ188/yYIv+F/OkiTTUXSRK8psqf8CKfmwKE="},"indexInfo":{"baseKey":"BYn2tkF1qex9kxge3EElF8e+TXlIx9zgrCXHjnauktsr","baseKeyType":1,"closed":1687069239395,"used":1687069231682,"created":1687069231682,"remoteIdentityKey":"BaDD9IWaHLYlPiPT2WJNyqcqCoquvgigVkj2C5gr7qAi"},"_chains":{"BSuA+evJghj22sqheZQ9fOqgxXaAWMwiSbB2PTRTvXUH":{"chainKey":{"counter":-1,"key":"Rdr6K/co6hLE4hOT+VYkAWbUn1NF5bmBhOSHolC9uso="},"chainType":1,"messageKeys":{}}},"pendingPreKey":{"signedKeyId":3,"baseKey":"BYn2tkF1qex9kxge3EElF8e+TXlIx9zgrCXHjnauktsr","preKeyId":10240989}},"BZPU+lSDCf+Klcuc10yA7fhBeH3BiWVC8chB/AdKSOhh":{"registrationId":244648283,"currentRatchet":{"ephemeralKeyPair":{"pubKey":"BRiLlQUeKq8UXfFNoc1ZtElaA87c4D+ABfxLkt6vZH13","privKey":"cPHJ7CMLTrto7VTwBGr5A/YlvsES/7t+3nxbL9t80VM="},"lastRemoteEphemeralKey":"BZ+Zo2Kuo3T+7Ugg1RGRXNDS9abCLZ4wIDGywjNj+6MC","previousCounter":0,"rootKey":"Z8108ix0UEImzx0trIn3vNTlurl/pmrKApvS/O5rbCM="},"indexInfo":{"baseKey":"BZPU+lSDCf+Klcuc10yA7fhBeH3BiWVC8chB/AdKSOhh","baseKeyType":1,"closed":1687069245946,"used":1687069239394,"created":1687069239394,"remoteIdentityKey":"BaDD9IWaHLYlPiPT2WJNyqcqCoquvgigVkj2C5gr7qAi"},"_chains":{"BRiLlQUeKq8UXfFNoc1ZtElaA87c4D+ABfxLkt6vZH13":{"chainKey":{"counter":-1,"key":"dX0i8LGRDsw4mcuSKoypmfuO/spuUboZcWuohqAlavg="},"chainType":1,"messageKeys":{}}},"pendingPreKey":{"signedKeyId":3,"baseKey":"BZPU+lSDCf+Klcuc10yA7fhBeH3BiWVC8chB/AdKSOhh","preKeyId":10240967}},"BaArddokkNGagPPo+jgNwMwIVJLPA8Q1Q/mu5gLMSFlP":{"registrationId":244648283,"currentRatchet":{"ephemeralKeyPair":{"pubKey":"BYHgvonGtGBt4TQYOLP3JiZ6rvJduNXEbE44TntV1zU9","privKey":"8J6zaHgxNNC/vud2ZPuZXbcQRpGEixAoE0o06EXy3HA="},"lastRemoteEphemeralKey":"BZ+Zo2Kuo3T+7Ugg1RGRXNDS9abCLZ4wIDGywjNj+6MC","previousCounter":0,"rootKey":"tw+c3a+42TponJsTBtbTZqI51KDvm4ypy5eP7LhyHik="},"indexInfo":{"baseKey":"BaArddokkNGagPPo+jgNwMwIVJLPA8Q1Q/mu5gLMSFlP","baseKeyType":1,"closed":1687069251013,"used":1687069245943,"created":1687069245943,"remoteIdentityKey":"BaDD9IWaHLYlPiPT2WJNyqcqCoquvgigVkj2C5gr7qAi"},"_chains":{"BYHgvonGtGBt4TQYOLP3JiZ6rvJduNXEbE44TntV1zU9":{"chainKey":{"counter":-1,"key":"MsjWBI7aKNGDnr4G3lN6vx7JAaGCL1aYe9Cg0cm/ggc="},"chainType":1,"messageKeys":{}}},"pendingPreKey":{"signedKeyId":3,"baseKey":"BaArddokkNGagPPo+jgNwMwIVJLPA8Q1Q/mu5gLMSFlP","preKeyId":10240431}},"BUOfJxJM/eo9DqZVJN2q9VcfKCK1uqZeP9QuEnPj2ctN":{"registrationId":244648283,"currentRatchet":{"ephemeralKeyPair":{"pubKey":"BRqAV9goRGih22gwFlH1oQrkK/bRPGFUh4vSso5rmOQX","privKey":"IK+/dCV4ze8YB/g3bCr8SM9okknpZSMRsJCAfJGiNFU="},"lastRemoteEphemeralKey":"BZ+Zo2Kuo3T+7Ugg1RGRXNDS9abCLZ4wIDGywjNj+6MC","previousCounter":0,"rootKey":"udQcioztnYAU8lB5aEyYTA4SZkmDpQHMPIORjLO/Ab0="},"indexInfo":{"baseKey":"BUOfJxJM/eo9DqZVJN2q9VcfKCK1uqZeP9QuEnPj2ctN","baseKeyType":1,"closed":1687069256178,"used":1687069251009,"created":1687069251009,"remoteIdentityKey":"BaDD9IWaHLYlPiPT2WJNyqcqCoquvgigVkj2C5gr7qAi"},"_chains":{"BRqAV9goRGih22gwFlH1oQrkK/bRPGFUh4vSso5rmOQX":{"chainKey":{"counter":-1,"key":"E/Zo4daTv8SbS5A0LwmaRzJjGVx0f3hvabxzwQgnPWs="},"chainType":1,"messageKeys":{}}},"pendingPreKey":{"signedKeyId":3,"baseKey":"BUOfJxJM/eo9DqZVJN2q9VcfKCK1uqZeP9QuEnPj2ctN","preKeyId":10240403}},"BZBlw8MZYy0kikjH2g18Ui0euw2af4+U0YUG9691xSUa":{"registrationId":244648283,"currentRatchet":{"ephemeralKeyPair":{"pubKey":"BZGYxAQFgg2F/kPaBsU7kuAlBEeoIWY+1w6lnA99/JJm","privKey":"aELvV8V9PN+UwxeZHObs7y9ldURvWgxRVQiBv77+kXk="},"lastRemoteEphemeralKey":"BZ+Zo2Kuo3T+7Ugg1RGRXNDS9abCLZ4wIDGywjNj+6MC","previousCounter":0,"rootKey":"SbhpsFxasPX4p0xydSlBIuCusMJLg8nDPMw9Sly8uwQ="},"indexInfo":{"baseKey":"BZBlw8MZYy0kikjH2g18Ui0euw2af4+U0YUG9691xSUa","baseKeyType":1,"closed":1687069260681,"used":1687069256176,"created":1687069256176,"remoteIdentityKey":"BaDD9IWaHLYlPiPT2WJNyqcqCoquvgigVkj2C5gr7qAi"},"_chains":{"BZGYxAQFgg2F/kPaBsU7kuAlBEeoIWY+1w6lnA99/JJm":{"chainKey":{"counter":-1,"key":"1nnNnsom+nqPVtqU6xDeR67WLXXXvJsME2yASSJQ1Pc="},"chainType":1,"messageKeys":{}}},"pendingPreKey":{"signedKeyId":3,"baseKey":"BZBlw8MZYy0kikjH2g18Ui0euw2af4+U0YUG9691xSUa","preKeyId":10240360}},"BW2lPacU9VbTR1bUzCngU/O+fBzx7uxk/OBd8tVKpmcw":{"registrationId":244648283,"currentRatchet":{"ephemeralKeyPair":{"pubKey":"BfrqK76noTF5ULzk3CnrMmwFbmmiS8+X/hSyDm+hCrFs","privKey":"2Hj7U0hL2Ljao+pVB5a8kz9ZT9GQ6vdXANR8s7qp90M="},"lastRemoteEphemeralKey":"BZ+Zo2Kuo3T+7Ugg1RGRXNDS9abCLZ4wIDGywjNj+6MC","previousCounter":0,"rootKey":"THo1kybBdJFzvvJ7cb5qG+ukXmi4qOXYFuYXdTRM0WY="},"indexInfo":{"baseKey":"BW2lPacU9VbTR1bUzCngU/O+fBzx7uxk/OBd8tVKpmcw","baseKeyType":1,"closed":1687069266617,"used":1687069260679,"created":1687069260679,"remoteIdentityKey":"BaDD9IWaHLYlPiPT2WJNyqcqCoquvgigVkj2C5gr7qAi"},"_chains":{"BfrqK76noTF5ULzk3CnrMmwFbmmiS8+X/hSyDm+hCrFs":{"chainKey":{"counter":-1,"key":"4cyPcuRE7kb62nLOli9qHxf0YHwColMTDlj3M2Sxhug="},"chainType":1,"messageKeys":{}}},"pendingPreKey":{"signedKeyId":3,"baseKey":"BW2lPacU9VbTR1bUzCngU/O+fBzx7uxk/OBd8tVKpmcw","preKeyId":10240896}},"BdeTxXL4FadZRSC5M/t/+WEhYZaGduQ9ZuKQS2CH4sMJ":{"registrationId":244648283,"currentRatchet":{"ephemeralKeyPair":{"pubKey":"BevmofBc3tuBX9b7BVFMzLQGTHNFg5Gq+KokGzuu1VMn","privKey":"sJv6Kxe1xiBfU1y6Febejv5q2bkwDeOJCehjsKxghGw="},"lastRemoteEphemeralKey":"BZ+Zo2Kuo3T+7Ugg1RGRXNDS9abCLZ4wIDGywjNj+6MC","previousCounter":0,"rootKey":"07aCMG4HJfGpY0bYgiJ9QoVUzN0BejZVZLTx7Wzwbzo="},"indexInfo":{"baseKey":"BdeTxXL4FadZRSC5M/t/+WEhYZaGduQ9ZuKQS2CH4sMJ","baseKeyType":1,"closed":1687069272618,"used":1687069266614,"created":1687069266614,"remoteIdentityKey":"BaDD9IWaHLYlPiPT2WJNyqcqCoquvgigVkj2C5gr7qAi"},"_chains":{"BevmofBc3tuBX9b7BVFMzLQGTHNFg5Gq+KokGzuu1VMn":{"chainKey":{"counter":-1,"key":"/gnHXhcpJlLlXeRgT4eFzZpOisd5LZtlore+hnPoxB0="},"chainType":1,"messageKeys":{}}},"pendingPreKey":{"signedKeyId":3,"baseKey":"BdeTxXL4FadZRSC5M/t/+WEhYZaGduQ9ZuKQS2CH4sMJ","preKeyId":10240430}},"BWpAmzFuntftpc9JT97+caIRZSGgvc8OhOUxi6tBq3VB":{"registrationId":244648283,"currentRatchet":{"ephemeralKeyPair":{"pubKey":"BXCAe+10YuLwtdDI0rG5AZKOcpRG3RCkAPwOEsEkMUdE","privKey":"KLjZDmqz1BBrfJJlyGXM81n7LaVDBBQP6Z+B0hmP9Vc="},"lastRemoteEphemeralKey":"BZ+Zo2Kuo3T+7Ugg1RGRXNDS9abCLZ4wIDGywjNj+6MC","previousCounter":0,"rootKey":"4bCm2B+U6vdhdzpFJnS3RYb9mHV18SIHqVEq3+8iyLA="},"indexInfo":{"baseKey":"BWpAmzFuntftpc9JT97+caIRZSGgvc8OhOUxi6tBq3VB","baseKeyType":1,"closed":1687069277682,"used":1687069272617,"created":1687069272617,"remoteIdentityKey":"BaDD9IWaHLYlPiPT2WJNyqcqCoquvgigVkj2C5gr7qAi"},"_chains":{"BXCAe+10YuLwtdDI0rG5AZKOcpRG3RCkAPwOEsEkMUdE":{"chainKey":{"counter":-1,"key":"Utj0AiSmf4WusDsEPYNLRIsPZ+zR3ykc/EvLk5WTSXY="},"chainType":1,"messageKeys":{}}},"pendingPreKey":{"signedKeyId":3,"baseKey":"BWpAmzFuntftpc9JT97+caIRZSGgvc8OhOUxi6tBq3VB","preKeyId":10240940}},"BfZJsQ5kcLgcRS+aec7AdA+dyfDWy2UFqH62hWl1yGos":{"registrationId":244648283,"currentRatchet":{"ephemeralKeyPair":{"pubKey":"BTraYC/JioD+z3DwsnWFvelsYR4iF1u9D6xAE0eoDul+","privKey":"cMjIxF4s/bhNWngn0fFVUx6svmSSosDapke+aWZxBX8="},"lastRemoteEphemeralKey":"BZ+Zo2Kuo3T+7Ugg1RGRXNDS9abCLZ4wIDGywjNj+6MC","previousCounter":0,"rootKey":"Mxaw++sHMSeuKBGYVFrt4DMrj/ki6RBU6+niWY+ZN1I="},"indexInfo":{"baseKey":"BfZJsQ5kcLgcRS+aec7AdA+dyfDWy2UFqH62hWl1yGos","baseKeyType":1,"closed":1687069289120,"used":1687069277676,"created":1687069277676,"remoteIdentityKey":"BaDD9IWaHLYlPiPT2WJNyqcqCoquvgigVkj2C5gr7qAi"},"_chains":{"BTraYC/JioD+z3DwsnWFvelsYR4iF1u9D6xAE0eoDul+":{"chainKey":{"counter":-1,"key":"v70fGwJdgyJG6Et+nE3rSBMRVkFR2pPGpqCcSCGfbR0="},"chainType":1,"messageKeys":{}}},"pendingPreKey":{"signedKeyId":3,"baseKey":"BfZJsQ5kcLgcRS+aec7AdA+dyfDWy2UFqH62hWl1yGos","preKeyId":10241010}},"BcTdukMcU9P/B7W5ouCbYW/phGKhVwd9fXBX8/wIJr4O":{"registrationId":244648283,"currentRatchet":{"ephemeralKeyPair":{"pubKey":"BbPamyh36BtzbxsajZhTLoaU/AEcmCPYz4Q1svN9dZEv","privKey":"sLSANH48T45lRVMvK1gJ35xqUnXp/APfRfHWqGdInHY="},"lastRemoteEphemeralKey":"BZ+Zo2Kuo3T+7Ugg1RGRXNDS9abCLZ4wIDGywjNj+6MC","previousCounter":0,"rootKey":"vFrOQ7437cKTge1qOCXb4oY52tZ/cAHPdS+BEGhXrYg="},"indexInfo":{"baseKey":"BcTdukMcU9P/B7W5ouCbYW/phGKhVwd9fXBX8/wIJr4O","baseKeyType":1,"closed":1687069305405,"used":1687069289119,"created":1687069289119,"remoteIdentityKey":"BaDD9IWaHLYlPiPT2WJNyqcqCoquvgigVkj2C5gr7qAi"},"_chains":{"BbPamyh36BtzbxsajZhTLoaU/AEcmCPYz4Q1svN9dZEv":{"chainKey":{"counter":-1,"key":"PyWL99kjO0dZGMDqD6DeTsmOhRdns80UOOAkCNWivZo="},"chainType":1,"messageKeys":{}}},"pendingPreKey":{"signedKeyId":3,"baseKey":"BcTdukMcU9P/B7W5ouCbYW/phGKhVwd9fXBX8/wIJr4O","preKeyId":10240279}},"BfFQgGhIiTk9jHtza2hI+8TSBl0tXq+dM5rOQsK62GAy":{"registrationId":244648283,"currentRatchet":{"ephemeralKeyPair":{"pubKey":"BSmulGYmv+fx/leC1sbvksHBVFherNXTQfol83xcs2Uz","privKey":"ALmuQJ4PYJ3jFezwf2774rfjfgZ6nBineIo1n2nW7Vw="},"lastRemoteEphemeralKey":"BZ+Zo2Kuo3T+7Ugg1RGRXNDS9abCLZ4wIDGywjNj+6MC","previousCounter":0,"rootKey":"jU3xafMXhzWxAbksPcthRIkmYfzAgxXHuRe/M76p7rc="},"indexInfo":{"baseKey":"BfFQgGhIiTk9jHtza2hI+8TSBl0tXq+dM5rOQsK62GAy","baseKeyType":1,"closed":1687069309782,"used":1687069305402,"created":1687069305402,"remoteIdentityKey":"BaDD9IWaHLYlPiPT2WJNyqcqCoquvgigVkj2C5gr7qAi"},"_chains":{"BSmulGYmv+fx/leC1sbvksHBVFherNXTQfol83xcs2Uz":{"chainKey":{"counter":-1,"key":"wh4Enw0V7FqmG7nKhfMQqB4AFZ/tsq4n7cppvOX83ys="},"chainType":1,"messageKeys":{}}},"pendingPreKey":{"signedKeyId":3,"baseKey":"BfFQgGhIiTk9jHtza2hI+8TSBl0tXq+dM5rOQsK62GAy","preKeyId":10240980}},"BWN2W3VA9bpuPXWUicxx0GF6Wk1kVW3jFenAgqN05AYj":{"registrationId":244648283,"currentRatchet":{"ephemeralKeyPair":{"pubKey":"Bfe1eOj8CjDapx4dN2RiT7LX07GSSnhiTbe0sNMcbO0B","privKey":"0BoKklxtaCq50VqSAPhWOE2vbhiltMt1Bp/mDL6YmHc="},"lastRemoteEphemeralKey":"BZ+Zo2Kuo3T+7Ugg1RGRXNDS9abCLZ4wIDGywjNj+6MC","previousCounter":0,"rootKey":"DS0bafdbY1pkagpH0WfYl1bBHk7XtoA6aN6cRkYVDHo="},"indexInfo":{"baseKey":"BWN2W3VA9bpuPXWUicxx0GF6Wk1kVW3jFenAgqN05AYj","baseKeyType":1,"closed":1687069314845,"used":1687069309775,"created":1687069309775,"remoteIdentityKey":"BaDD9IWaHLYlPiPT2WJNyqcqCoquvgigVkj2C5gr7qAi"},"_chains":{"Bfe1eOj8CjDapx4dN2RiT7LX07GSSnhiTbe0sNMcbO0B":{"chainKey":{"counter":-1,"key":"ieqAGAlJHvs4x8LBc0oJ07Xm9gbeq7ver6o+9kj/AbQ="},"chainType":1,"messageKeys":{}}},"pendingPreKey":{"signedKeyId":3,"baseKey":"BWN2W3VA9bpuPXWUicxx0GF6Wk1kVW3jFenAgqN05AYj","preKeyId":10241047}},"BR4aq86sQ8WjKD9K7P4gNP+pyrVMeXtIeWU65fKf/iJN":{"registrationId":244648283,"currentRatchet":{"ephemeralKeyPair":{"pubKey":"BdC759qbdJ9jpG9iZ6nsKoyWzv1uigl5N97y4FnvU2oT","privKey":"SGxGNNgalCh9KjxvRfnbFTZNBYQYXuYSlTj4EGr+uEM="},"lastRemoteEphemeralKey":"BZ+Zo2Kuo3T+7Ugg1RGRXNDS9abCLZ4wIDGywjNj+6MC","previousCounter":0,"rootKey":"qIeUlFps2TYmVy8SLreGgO2HPdf8pJHlsmmGdL6deZE="},"indexInfo":{"baseKey":"BR4aq86sQ8WjKD9K7P4gNP+pyrVMeXtIeWU65fKf/iJN","baseKeyType":1,"closed":-1,"used":1687069314843,"created":1687069314843,"remoteIdentityKey":"BaDD9IWaHLYlPiPT2WJNyqcqCoquvgigVkj2C5gr7qAi"},"_chains":{"BdC759qbdJ9jpG9iZ6nsKoyWzv1uigl5N97y4FnvU2oT":{"chainKey":{"counter":1,"key":"IhvvpRFrqa6A4pGNn53pvUVmoS2ZeQOOZoas4i8uVXQ="},"chainType":1,"messageKeys":{}}},"pendingPreKey":{"signedKeyId":3,"baseKey":"BR4aq86sQ8WjKD9K7P4gNP+pyrVMeXtIeWU65fKf/iJN","preKeyId":10240375}}},"version":"v1"}