{"_sessions":{"BWQ2YhOl2tl41KANfQTrWPgWl8RlsB3Acd8FlchOBw5R":{"registrationId":1324474810,"currentRatchet":{"ephemeralKeyPair":{"pubKey":"BbcezYLgbGP8LAQVEn0/NfUBLXm2hO2C/aA/5UQouuVN","privKey":"YEGd5noQ4vCX/kbVF4ZI303+wSW90qbu/to0ljtmGE8="},"lastRemoteEphemeralKey":"BSAlDmwmAHkslkiFGg3pHhfiFGQLxxZxaLmv1mhISO8i","previousCounter":0,"rootKey":"CuaxCKN7WJc0FtV8eCPlKQhJ3F49wGqpKiBaIXzk6nQ="},"indexInfo":{"baseKey":"BWQ2YhOl2tl41KANfQTrWPgWl8RlsB3Acd8FlchOBw5R","baseKeyType":1,"closed":-1,"used":1687170846143,"created":1687170846143,"remoteIdentityKey":"BbelkxOh6kGw7iSk7QLgG81q2HKvHZQ1hame2ybQH6gL"},"_chains":{"BbcezYLgbGP8LAQVEn0/NfUBLXm2hO2C/aA/5UQouuVN":{"chainKey":{"counter":1,"key":"gx9IkWX0I66UKx8f85t6Pp3U/nxjymMBQuhOH0dPgmY="},"chainType":1,"messageKeys":{}}},"pendingPreKey":{"signedKeyId":21,"baseKey":"BWQ2YhOl2tl41KANfQTrWPgWl8RlsB3Acd8FlchOBw5R"}}},"version":"v1"}