{"_sessions":{"Bd7cciY3VaWKpbVwQ1x9/IGhVqK+y7Tqt+TWy5X1kfFk":{"registrationId":1880334700,"currentRatchet":{"ephemeralKeyPair":{"pubKey":"BWra+Be91Oeu2yUG4GhHm3LYrpk3KvcUSgOXRTOC8lZd","privKey":"0GQE0jjBczLhUBvFRBXuko7I45/u77xM+T0ecepinWw="},"lastRemoteEphemeralKey":"BZGTTKVsvh91c/Gw/BZvasHUpIamvhwlRCxsKHxUaE1k","previousCounter":0,"rootKey":"8/ug/56VEKsCNT4PmfvObsSYi3oqnVh2a+qiWtRt2Ns="},"indexInfo":{"baseKey":"Bd7cciY3VaWKpbVwQ1x9/IGhVqK+y7Tqt+TWy5X1kfFk","baseKeyType":1,"closed":-1,"used":1687174147041,"created":1687174147041,"remoteIdentityKey":"BeCQThK0t9dNDKVRZnc8OcCxjpviV8npKG7QXnsKuJ4d"},"_chains":{"BWra+Be91Oeu2yUG4GhHm3LYrpk3KvcUSgOXRTOC8lZd":{"chainKey":{"counter":0,"key":"MeAIyLyIlTkHLTfqHzdqnLRzc+DR3CswxyEqjOb68r8="},"chainType":1,"messageKeys":{}}},"pendingPreKey":{"signedKeyId":5,"baseKey":"Bd7cciY3VaWKpbVwQ1x9/IGhVqK+y7Tqt+TWy5X1kfFk","preKeyId":4491298}}},"version":"v1"}