{"_sessions":{"BawmLVlCtBw7pUxseH912nNCJC2CGvikKofdx2d8bsgZ":{"registrationId":1794025360,"currentRatchet":{"ephemeralKeyPair":{"pubKey":"Be7JnlgehZr14PnhCOjUeej/nP8iAbIIdMrgsZeljJVh","privKey":"cGqOzu35gcYu7nBxSf8ZgxzWEjC8ZbKxWm9ifk2f2U4="},"lastRemoteEphemeralKey":"BWUT7Wi+wkygOC2p/JJQBwAYsnoONHxsOrd/gPKyykJy","previousCounter":0,"rootKey":"YDhPfH5NRfAMJfy2V5Lk4PaqLslY0vBJJwpQMSUpM0s="},"indexInfo":{"baseKey":"BawmLVlCtBw7pUxseH912nNCJC2CGvikKofdx2d8bsgZ","baseKeyType":1,"closed":-1,"used":1687174534518,"created":1687170811084,"remoteIdentityKey":"BRIAGn2g1jemQUeplo2iad0gKEXhTSRNpg+Qw8Taael2"},"_chains":{"BWUT7Wi+wkygOC2p/JJQBwAYsnoONHxsOrd/gPKyykJy":{"chainKey":{"counter":0,"key":"aRlEuxL8HbFI5blC/AduSBNcg0jLZ7B3EITgVDlnyIc="},"chainType":2,"messageKeys":{}},"Be7JnlgehZr14PnhCOjUeej/nP8iAbIIdMrgsZeljJVh":{"chainKey":{"counter":-1,"key":"jl4kerKDpcHV8+hzckyk6RJJJNaVuaGKM2Rv36LmZvM="},"chainType":1,"messageKeys":{}}}}},"version":"v1"}