{"_sessions":{"BQcbl9oFj7KFn8caFRcn8BB0KIdRBcvfe1xvP33OXmRf":{"registrationId":753737297,"currentRatchet":{"ephemeralKeyPair":{"pubKey":"Ba4qcBDJ7s7tySbc2uYjAEqOUuef6MrSeBy5/1+Py9MY","privKey":"uAFAjdc9OBAvyusnGQb85yzFX5PKrbX8wKZh0/3+1UM="},"lastRemoteEphemeralKey":"BZecZlqp9MmcBvyAMjjdZbhjS/P7dfV1xIJrwwwWBskU","previousCounter":0,"rootKey":"C3Hz5gycFCk/Npmka1FvSQXKhHeqd6u6pe3335UIhRQ="},"indexInfo":{"baseKey":"BQcbl9oFj7KFn8caFRcn8BB0KIdRBcvfe1xvP33OXmRf","baseKeyType":1,"closed":-1,"used":1687069522437,"created":1687069522437,"remoteIdentityKey":"BSaiTMq5+TsylgZbP2qrzuPjdgrggDTyYqZ0KARAWjFo"},"_chains":{"Ba4qcBDJ7s7tySbc2uYjAEqOUuef6MrSeBy5/1+Py9MY":{"chainKey":{"counter":0,"key":"2gd1ErR861yIJimUnBVqsCxOB1asbL2lOHvGUf/hJlM="},"chainType":1,"messageKeys":{}}},"pendingPreKey":{"signedKeyId":2,"baseKey":"BQcbl9oFj7KFn8caFRcn8BB0KIdRBcvfe1xvP33OXmRf","preKeyId":7124110}}},"version":"v1"}