{"_sessions":{"BbGPBGUBLCtbOteYt2R5EJvDMM1dBqSfuWwrYo/4MMkB":{"registrationId":504851008,"currentRatchet":{"ephemeralKeyPair":{"pubKey":"BQLkNeME72jeEBikbm3jHFxQcX62gTgB0ZBP3H6R/mwY","privKey":"yNTu/BgUKP+i3htkKVJCAE5TWdvPXyEmSS7wXm1Q/Wc="},"lastRemoteEphemeralKey":"BRFrNFs7wtl5LbQaGxb+z/qRpHIu3Xb/CG7Ju4+yFJlF","previousCounter":0,"rootKey":"A/soTB8alLFlqEDlFWoMrqbzAtl3bkU1uNc7o36vPnM="},"indexInfo":{"baseKey":"BbGPBGUBLCtbOteYt2R5EJvDMM1dBqSfuWwrYo/4MMkB","baseKeyType":1,"closed":-1,"used":1687069123635,"created":1687069123635,"remoteIdentityKey":"BXuPmyQFxeWvOCCHPDwhsD4YTs2+zFW0E6smMkl7MpJw"},"_chains":{"BQLkNeME72jeEBikbm3jHFxQcX62gTgB0ZBP3H6R/mwY":{"chainKey":{"counter":0,"key":"m5xiflz2VD4dZyubblgLSzAnVJMfOB4Pw6imXUzvj3w="},"chainType":1,"messageKeys":{}}},"pendingPreKey":{"signedKeyId":9,"baseKey":"BbGPBGUBLCtbOteYt2R5EJvDMM1dBqSfuWwrYo/4MMkB","preKeyId":13398317}}},"version":"v1"}