{"_sessions":{"BQZXLb6W3+RQC6pfu8Rs8cLtFP8TrnLcHLLMm4Q6XzYt":{"registrationId":1329164840,"currentRatchet":{"ephemeralKeyPair":{"pubKey":"BRh3QuyxA/3etCeBIPK047EBkg+hvsEYr0cHpDflNPUk","privKey":"kE268FGD2eijzoPzwgUelFxmP16h0jMpzO3VjqAG228="},"lastRemoteEphemeralKey":"BZ1/arx67x2C0hm0w1Iz/YNA+tr5RgJG7+nP8neONi55","previousCounter":0,"rootKey":"UvoJSfYajzcEcPS567Iiq6CGALMTvD4b5HKiD0t/VIo="},"indexInfo":{"baseKey":"BQZXLb6W3+RQC6pfu8Rs8cLtFP8TrnLcHLLMm4Q6XzYt","baseKeyType":1,"closed":-1,"used":1687170845991,"created":1687170845991,"remoteIdentityKey":"Ba/uo22j2obdx7jo4U4jFvxW5h4FbwxHD0KlrrMnZ7gj"},"_chains":{"BRh3QuyxA/3etCeBIPK047EBkg+hvsEYr0cHpDflNPUk":{"chainKey":{"counter":1,"key":"1HQNdOLMzpUP1lkEjmPXzBGTq6SLexBtrfrfJ7WXZkQ="},"chainType":1,"messageKeys":{}}},"pendingPreKey":{"signedKeyId":13,"baseKey":"BQZXLb6W3+RQC6pfu8Rs8cLtFP8TrnLcHLLMm4Q6XzYt","preKeyId":4677476}}},"version":"v1"}