{"_sessions":{"BdbRG0/lt/9fgX//2rzguIvYhlFb5FpKs7E6mXIqNC5y":{"registrationId":244648283,"currentRatchet":{"ephemeralKeyPair":{"pubKey":"Becn8wR3zN2NKHY2W8HKRPUuasbswk5jNqlSeC0Y+upT","privKey":"6Oc/9ihQWbG3UIwNujd/jyQ7Vn6gbKuvThWu3nrp40c="},"lastRemoteEphemeralKey":"BbaN3Kd2hTbUClIyRYh0/Hfh76pEUw6XnVbbJtIJXnFJ","previousCounter":0,"rootKey":"etFuVpYzt35alWawBzkaluLjDC5lZpbZ/bwexgx73gQ="},"indexInfo":{"baseKey":"BdbRG0/lt/9fgX//2rzguIvYhlFb5FpKs7E6mXIqNC5y","baseKeyType":2,"closed":-1,"used":1687170825596,"created":1687170705229,"remoteIdentityKey":"BaDD9IWaHLYlPiPT2WJNyqcqCoquvgigVkj2C5gr7qAi"},"_chains":{"BWGZ53rfb0B9MBrSjNHO7KSwV73u/SyotvYd6NtdSPcO":{"chainKey":{"counter":5},"chainType":2,"messageKeys":{}},"BfrBbi4n8y9NqKhadPTT1PD3tkKyGuiTM43m7zg9wb1F":{"chainKey":{"counter":4},"chainType":2,"messageKeys":{}},"BbaN3Kd2hTbUClIyRYh0/Hfh76pEUw6XnVbbJtIJXnFJ":{"chainKey":{"counter":0,"key":"/RQrpwizc5Ca48921AiHp210T5d33QviN1E/o4q/iaE="},"chainType":2,"messageKeys":{}},"Becn8wR3zN2NKHY2W8HKRPUuasbswk5jNqlSeC0Y+upT":{"chainKey":{"counter":16,"key":"5qHmh4iv2H15clkRpfMwWuiAzVJVp352Hc0+IsTboKY="},"chainType":1,"messageKeys":{}}}}},"version":"v1"}