{"_sessions":{"BVkYg8BfYlC/Vj8n6OFh+ELeKtAzklOa2hSutl8fBaVB":{"registrationId":1772844359,"currentRatchet":{"ephemeralKeyPair":{"pubKey":"BRhWO3d/eIQJnYTp2wHGwsjCeYs5qL6EL1Nnd+fPdyx5","privKey":"eAJkznwGZmp3f3Xd28jZ7Zl5VYbNtBaSSeACfVC0MHg="},"lastRemoteEphemeralKey":"BelJI+rv78qaXJxboxXOggvF0vfksKT08wXI9Ix9wPIe","previousCounter":0,"rootKey":"5x/VM1ExycnYdH0xkAMPq+e+CDYUQzTt9BBcqfo4yj8="},"indexInfo":{"baseKey":"BVkYg8BfYlC/Vj8n6OFh+ELeKtAzklOa2hSutl8fBaVB","baseKeyType":1,"closed":-1,"used":1687174147005,"created":1687174147005,"remoteIdentityKey":"BfYUrS8EQuU7OKpEcOnuFtpPnVOwUtgqWdyeq+Amsi12"},"_chains":{"BRhWO3d/eIQJnYTp2wHGwsjCeYs5qL6EL1Nnd+fPdyx5":{"chainKey":{"counter":0,"key":"n84tjtmCdlpot8VlEq/oCUrsfP7t1iaoLPm2kQEIRoc="},"chainType":1,"messageKeys":{}}},"pendingPreKey":{"signedKeyId":10,"baseKey":"BVkYg8BfYlC/Vj8n6OFh+ELeKtAzklOa2hSutl8fBaVB","preKeyId":11570182}}},"version":"v1"}