{"_sessions":{"BcB9a3S81yoDZPvivurn00kLr65Oz4tuLRbdCJbd7X5L":{"registrationId":1437252160,"currentRatchet":{"ephemeralKeyPair":{"pubKey":"BXxk6uwxnhdePJzZJsHwz2rLMSFhwA2F73j7/0g5hKcJ","privKey":"OMn7uxAF4KfGOYGpglKzxmiQxSnXhNjmpoP6tQa1IGU="},"lastRemoteEphemeralKey":"BXcgiQB1Wv5MjXe98b69uUxsEL3WxKALn6fu205H4cR6","previousCounter":0,"rootKey":"2Przeb6nAq+IF4fu3jnSKF3PJsXMeHHK8CBLBJ4xmiw="},"indexInfo":{"baseKey":"BcB9a3S81yoDZPvivurn00kLr65Oz4tuLRbdCJbd7X5L","baseKeyType":1,"closed":-1,"used":1687069148849,"created":1687069148849,"remoteIdentityKey":"BXkGUviGqZeIJh/62oo7q+dtrGiN5RmD62xTdM3AtRx6"},"_chains":{"BXxk6uwxnhdePJzZJsHwz2rLMSFhwA2F73j7/0g5hKcJ":{"chainKey":{"counter":21,"key":"2f1ifepIln7xwOC5bOGpVMILTDru5xJWaXwkQEoJfKQ="},"chainType":1,"messageKeys":{}}},"pendingPreKey":{"signedKeyId":16,"baseKey":"BcB9a3S81yoDZPvivurn00kLr65Oz4tuLRbdCJbd7X5L","preKeyId":14508408}}},"version":"v1"}