{"_sessions":{"BUYIpxIKk0XqqOjWd4LXWOMaXWzk9ly4VJ2pw9ZEzzdG":{"registrationId":1564772229,"currentRatchet":{"ephemeralKeyPair":{"pubKey":"BfbFmhu+l6w84KmSfWxlofUIBKkQm8ApjuNSojVuvUU0","privKey":"CBLeBdacEg9j0RbCy7teEr65IhMzda0HJX5jG7v7qk4="},"lastRemoteEphemeralKey":"BUwWbdpQZHY4Us5B6GE7Crm1vje+17+QtifBVcks0LM8","previousCounter":0,"rootKey":"ysB2+Q7rTDi8r2KWzNtK/GrPH5QL5ZPHciHMmnbRUlc="},"indexInfo":{"baseKey":"BUYIpxIKk0XqqOjWd4LXWOMaXWzk9ly4VJ2pw9ZEzzdG","baseKeyType":1,"closed":-1,"used":1687069148863,"created":1687069148863,"remoteIdentityKey":"Bf2JoWLcdK/oYzkYInldDH45/IuelH1kVX5ZYLDdr+gv"},"_chains":{"BfbFmhu+l6w84KmSfWxlofUIBKkQm8ApjuNSojVuvUU0":{"chainKey":{"counter":21,"key":"5tP/eDAqFpIrTKaXteukld0XVYzdyHJRNM+8emk76Tg="},"chainType":1,"messageKeys":{}}},"pendingPreKey":{"signedKeyId":10,"baseKey":"BUYIpxIKk0XqqOjWd4LXWOMaXWzk9ly4VJ2pw9ZEzzdG","preKeyId":13924652}}},"version":"v1"}