{"_sessions":{"BZL+Y3b5Ktahmdk6eppjwGun89XbfCHANMHIMxlhZmYb":{"registrationId":2091376614,"currentRatchet":{"ephemeralKeyPair":{"pubKey":"BYecb1uG3pEUHCoLptstckOK/YzOvbPQ5qlYaD+3vMsG","privKey":"sK7ScjZiAtKCqwkg/tWgeS1CnX/aCFX/OJRH2N9FIGo="},"lastRemoteEphemeralKey":"BSL2rnfV21rkZWqqLDvYGZZK2KCb0aSq+bcB3m3pQ6g8","previousCounter":0,"rootKey":"4VYK0xAE/HkRMaYQXDJGKvYs6eiM9/ds1pcxmVSFHPw="},"indexInfo":{"baseKey":"BZL+Y3b5Ktahmdk6eppjwGun89XbfCHANMHIMxlhZmYb","baseKeyType":1,"closed":-1,"used":1687069123671,"created":1687069123671,"remoteIdentityKey":"BSY3wVQco2LuEA2qfQrBJD5MQizww1ScGmxA8LzwX3wB"},"_chains":{"BYecb1uG3pEUHCoLptstckOK/YzOvbPQ5qlYaD+3vMsG":{"chainKey":{"counter":0,"key":"d/6GUnJPXWXcFWdHDFcHgGrALvkMiQayjcmhI2eRjyE="},"chainType":1,"messageKeys":{}}},"pendingPreKey":{"signedKeyId":7,"baseKey":"BZL+Y3b5Ktahmdk6eppjwGun89XbfCHANMHIMxlhZmYb","preKeyId":8939245}}},"version":"v1"}