{"_sessions":{"BUUSwsyWJOkdLRCGXDstTWXKdvN9DPdNe6z2vt9eWYxz":{"registrationId":689051066,"currentRatchet":{"ephemeralKeyPair":{"pubKey":"BScEuRrCyNzCFlAB8KVBONVlvrwdrXX3m7+81tyrjM0d","privKey":"4MnQLAU9gKs6u5fESTp/0C06EBJkN4zNGvQ5nz6D7Vw="},"lastRemoteEphemeralKey":"BbuQkAMPsuWJe5Zigu9iMcHzI421cJp7PjfZbQP9ic5t","previousCounter":0,"rootKey":"Bht/jS3EZD5NAkzwb0sYO5tcfdcd3ZLdPDo5gQ8QgSc="},"indexInfo":{"baseKey":"BUUSwsyWJOkdLRCGXDstTWXKdvN9DPdNe6z2vt9eWYxz","baseKeyType":1,"closed":-1,"used":1687184001944,"created":1687170811022,"remoteIdentityKey":"BfJkZfByWWBD44b8+DFpqNYAlNRzOWGBB+ZIAnWVXJFD"},"_chains":{"BbuQkAMPsuWJe5Zigu9iMcHzI421cJp7PjfZbQP9ic5t":{"chainKey":{"counter":0,"key":"MqDc58BIJwU7mvAdFrtxu1MpFKqphzaPVJOTdoWSEKA="},"chainType":2,"messageKeys":{}},"BScEuRrCyNzCFlAB8KVBONVlvrwdrXX3m7+81tyrjM0d":{"chainKey":{"counter":-1,"key":"5slr6RUQjG2MGFERkZ3c1g+YSSG3nkgWERnQ9zVXmCw="},"chainType":1,"messageKeys":{}}}}},"version":"v1"}