{"_sessions":{"Ba9Bzc5IU8qo53810MONR1MPpDa2/J23gMOIrvC4N095":{"registrationId":371822271,"currentRatchet":{"ephemeralKeyPair":{"pubKey":"BYsrAXdiMQWOlC7bcTcEhXZBgAW24/T2ltgJzXgskqEN","privKey":"WPz2oiH4NyAIGTr1kOaD/0jvrRJ3kB5RD91hn8sihUk="},"lastRemoteEphemeralKey":"BScQ7uWJThViYbbRxHqEYBk1CIer0zORSWgF7737LzVA","previousCounter":2,"rootKey":"SBooSQ2wWogckGdG8k0zal8e5sd10tADpQ2xVyUIYww="},"indexInfo":{"baseKey":"Ba9Bzc5IU8qo53810MONR1MPpDa2/J23gMOIrvC4N095","baseKeyType":2,"closed":-1,"used":1687178253332,"created":1687170808437,"remoteIdentityKey":"BZJZDXobkWjbipxUV4nfIrYo0EzlLU7iYrEzmPOykvhF"},"_chains":{"BRla+kIzdpDAJkvwi43dyC39tpMKm3hDfHVPXa1SrKZO":{"chainKey":{"counter":0},"chainType":2,"messageKeys":{}},"BZnJV9Wm2lW+WN8aR+wIo91UiGOvqb8TGiz+Hp2g9qEm":{"chainKey":{"counter":0},"chainType":2,"messageKeys":{}},"BXOSB3+S0Fl+pouo56LlZ93LmRm9tTFW+l41IFqnzYJQ":{"chainKey":{"counter":0},"chainType":2,"messageKeys":{}},"BeSr/P0KQi2AQgy4wL+9JBXuaaWp5x777MnR0g55A9d8":{"chainKey":{"counter":2},"chainType":2,"messageKeys":{}},"BScQ7uWJThViYbbRxHqEYBk1CIer0zORSWgF7737LzVA":{"chainKey":{"counter":2,"key":"HEvHc3qAtWv3KqXroxOzqMoGKBjx8hNs1fDLYUfjJqk="},"chainType":2,"messageKeys":{}},"BYsrAXdiMQWOlC7bcTcEhXZBgAW24/T2ltgJzXgskqEN":{"chainKey":{"counter":0,"key":"sXldSKaa8XBfFzbeXhaLLqF75LCUkDLQ/AHtEfXuM/4="},"chainType":1,"messageKeys":{}}}}},"version":"v1"}