{"_sessions":{"Bay6MxL46sr7pnQLkc557WkV+hXvYyznqxrSOMYrMAhv":{"registrationId":100,"currentRatchet":{"ephemeralKeyPair":{"pubKey":"BSDAmzVAAMzP4ozCu7CLeAZo4nPFvoiMnKp1dIhefesC","privKey":"AIcxI7o4XOAkQ8VOdxhNcvpsu0YyXMZR5nQSJMG1iko="},"lastRemoteEphemeralKey":"BXvhcyCWTd3dzdCHIfuHy+NBJSt7Ri36A9eaq/UPPBZe","previousCounter":0,"rootKey":"5iU1wGcH0JS0Z0x63mM8lCdiTQkVFO+wYx9vc4PjZIY="},"indexInfo":{"baseKey":"Bay6MxL46sr7pnQLkc557WkV+hXvYyznqxrSOMYrMAhv","baseKeyType":1,"closed":-1,"used":1687176248085,"created":1687176248085,"remoteIdentityKey":"BRRPy4DME5ryYg/i0YzSteahgRHmkk5oVADXKPe0yIU2"},"_chains":{"BSDAmzVAAMzP4ozCu7CLeAZo4nPFvoiMnKp1dIhefesC":{"chainKey":{"counter":2,"key":"Pf8TGFASv05qOG7hkXKk7wnSouu7eUjfdyxtjqrHki4="},"chainType":1,"messageKeys":{}}},"pendingPreKey":{"signedKeyId":1,"baseKey":"Bay6MxL46sr7pnQLkc557WkV+hXvYyznqxrSOMYrMAhv","preKeyId":24}}},"version":"v1"}