{"_sessions":{"BQVMtJI4Mu2sKiQj1u+fBHF1jRELC3o1ujfa+UpO9JQI":{"registrationId":1673069224,"currentRatchet":{"ephemeralKeyPair":{"pubKey":"Bc3r1mgWQdCGO/LQCGQPe3aXcJWVcZYiT/4mTCkoTD0U","privKey":"aGWPCFEsJXDMHGZukG9aDBCJYxaLoX9+P7NvMP7qpFU="},"lastRemoteEphemeralKey":"Bb0cd3SHg5mB2oK8yISzkxZ8xThf50v70UTQIlV2wANP","previousCounter":0,"rootKey":"8W1GaqMjIjPGluFr9vMlNxr+qT265x63pMFRgJK8f/k="},"indexInfo":{"baseKey":"BQVMtJI4Mu2sKiQj1u+fBHF1jRELC3o1ujfa+UpO9JQI","baseKeyType":1,"closed":-1,"used":1687069148867,"created":1687069148867,"remoteIdentityKey":"BbJNOtCv6BsiBj3oC5BN23YGDmiLoGdH8dfijNFrha0i"},"_chains":{"Bc3r1mgWQdCGO/LQCGQPe3aXcJWVcZYiT/4mTCkoTD0U":{"chainKey":{"counter":21,"key":"hlk6sjELp1qw16evKbAaUdsuRc/FUQtnDSBXq0rEwBE="},"chainType":1,"messageKeys":{}}},"pendingPreKey":{"signedKeyId":0,"baseKey":"BQVMtJI4Mu2sKiQj1u+fBHF1jRELC3o1ujfa+UpO9JQI","preKeyId":317820}}},"version":"v1"}