{"_sessions":{"BfGgvsKa1W0qp826eNiLM42qHD9Kg7pwltkNF1DhYPIR":{"registrationId":605939882,"currentRatchet":{"ephemeralKeyPair":{"pubKey":"BUvwrwvTr4MfzEeDMe6o7UUxvhVOQsE95f2AxsF/cM0n","privKey":"GLMadhEalbJZl4Mv53yGuADw2aUpmaO1+ouHGwRQfVY="},"lastRemoteEphemeralKey":"BWBUSTj4qsKxb+9K4RRlCBtkmg/oxvL9wZrKXK1tzYls","previousCounter":0,"rootKey":"BCD2vQ6BuMELW6onmu11UXf84IJ2yqZWBsOeS2yN1xs="},"indexInfo":{"baseKey":"BfGgvsKa1W0qp826eNiLM42qHD9Kg7pwltkNF1DhYPIR","baseKeyType":1,"closed":-1,"used":1687069123659,"created":1687069123659,"remoteIdentityKey":"BQf4qEgjD8tIyM8UlOOLGEJFJzx+tX/6wiNy2yfu2C5G"},"_chains":{"BUvwrwvTr4MfzEeDMe6o7UUxvhVOQsE95f2AxsF/cM0n":{"chainKey":{"counter":0,"key":"g6ZCpFEFIEtCgM/SsIvW9xYsQH/pndcgk0RzASK3P04="},"chainType":1,"messageKeys":{}}},"pendingPreKey":{"signedKeyId":22,"baseKey":"BfGgvsKa1W0qp826eNiLM42qHD9Kg7pwltkNF1DhYPIR","preKeyId":8832542}}},"version":"v1"}