{"_sessions":{"BWGYK8jQUPQrhntzoHiEZj5yeizEwCBg8rjWhFiaN9Rg":{"registrationId":1389192777,"currentRatchet":{"ephemeralKeyPair":{"pubKey":"BVZpOB9zF18Kj2wlgiOLiW1mt85hQEWnMRx1gUP81lwD","privKey":"8A0hDOGz3xKn6qxUi0auKjke7z7Q49x44d3gt4Ee3Gg="},"lastRemoteEphemeralKey":"BWj5i2DEXD0UDLBxXXlgdevUlcSsIu60puXQG0bkGTBE","previousCounter":0,"rootKey":"kEw2ebhrYkrl9gdYrYrGq8Vdg4k6BJ7mHAX92b5b53w="},"indexInfo":{"baseKey":"BWGYK8jQUPQrhntzoHiEZj5yeizEwCBg8rjWhFiaN9Rg","baseKeyType":1,"closed":-1,"used":1687170845912,"created":1687170845912,"remoteIdentityKey":"BQTBsGlA/iUjsLQ/MAtl5xrYnF3PG/aaFC2Y2Fqoo2F9"},"_chains":{"BVZpOB9zF18Kj2wlgiOLiW1mt85hQEWnMRx1gUP81lwD":{"chainKey":{"counter":1,"key":"fyB67eX2cqkZ4I2iyQrll9RTbYjTsb1A3/f76mPzp50="},"chainType":1,"messageKeys":{}}},"pendingPreKey":{"signedKeyId":10,"baseKey":"BWGYK8jQUPQrhntzoHiEZj5yeizEwCBg8rjWhFiaN9Rg","preKeyId":11775352}}},"version":"v1"}