{"_sessions":{"BbEPh1RYZ7KKyiULXd+Gp8ZE9vDv1bDFL/ogHwVfSVBn":{"registrationId":569021917,"currentRatchet":{"ephemeralKeyPair":{"pubKey":"BQ0tIe9/VPiq48oUm/43vEZQvmBq1PUKLwi4ybF1CKdD","privKey":"2NybJHWeuUwK/eUFvhNqXaLlpOK8JhneBEFMxBzJsGE="},"lastRemoteEphemeralKey":"BX+quV0ZO3rfp8aTrKFf5jcUEJUy+8+/Zmn3Tayf8bx0","previousCounter":0,"rootKey":"4ZIbMsbreFTjO1wK4CMpT/FP3GRijFw2ElS9k5r6Upc="},"indexInfo":{"baseKey":"BbEPh1RYZ7KKyiULXd+Gp8ZE9vDv1bDFL/ogHwVfSVBn","baseKeyType":1,"closed":-1,"used":1687170845789,"created":1687170845789,"remoteIdentityKey":"BTPdzVjBjHsFSGdpOjswMtmMuxcJFUGCblsIxbmmYWoX"},"_chains":{"BQ0tIe9/VPiq48oUm/43vEZQvmBq1PUKLwi4ybF1CKdD":{"chainKey":{"counter":1,"key":"7LI1qzn8+10Wa9m/uXhWm+DYK6v6DXxMWgFMxHd7PTE="},"chainType":1,"messageKeys":{}}},"pendingPreKey":{"signedKeyId":0,"baseKey":"BbEPh1RYZ7KKyiULXd+Gp8ZE9vDv1bDFL/ogHwVfSVBn","preKeyId":3600131}}},"version":"v1"}