{"_sessions":{"BT2DEjZlMVGMimEjAp/N0HUZTVD3EzFN4oWj+NxxDSpX":{"registrationId":290556323,"currentRatchet":{"ephemeralKeyPair":{"pubKey":"BQlphVLbv4ZMoFyixl85Cp6X4pu6nj1FA3g1WdHeAX84","privKey":"yC5szPWf4tv28oYnnM4TXpgHKYre1DjeQeg9N59De1c="},"lastRemoteEphemeralKey":"BYIdu5Xf0FXXTQF524ki8G53eOKohZDnOVm4i9Ldn5ZM","previousCounter":0,"rootKey":"MmLObcDe/OCNdHH7b5FijpaisQ7xUauRSlM3aAc1MVE="},"indexInfo":{"baseKey":"BT2DEjZlMVGMimEjAp/N0HUZTVD3EzFN4oWj+NxxDSpX","baseKeyType":1,"closed":-1,"used":1687170845589,"created":1687170845589,"remoteIdentityKey":"BaC+lco5kSksD6UmcsZSrsROYob13d3vPFNbPtBusvYp"},"_chains":{"BQlphVLbv4ZMoFyixl85Cp6X4pu6nj1FA3g1WdHeAX84":{"chainKey":{"counter":1,"key":"ZnHn46Yj7P0V96b0MDrAQewfeX4z2TDYVIs8GA2s74k="},"chainType":1,"messageKeys":{}}},"pendingPreKey":{"signedKeyId":16,"baseKey":"BT2DEjZlMVGMimEjAp/N0HUZTVD3EzFN4oWj+NxxDSpX","preKeyId":2578587}}},"version":"v1"}