{"_sessions":{"BaG3sbeYAnvJpD9FlNfoLBi/iGNBe5M8CSrGrspvBUU/":{"registrationId":390664300,"currentRatchet":{"ephemeralKeyPair":{"pubKey":"BWgVHlk6CmunNUp65lqkjMwW1JCgR2vi2yZIbReZ2+tu","privKey":"QIpbleS3zujgy7Xnhpu74V3JiH6iHImcmLo1JuQwJ1I="},"lastRemoteEphemeralKey":"BZrEfUh3CCt5KcG8Zns0FhghSCZGiHcG+WlfGZvkEn1T","previousCounter":0,"rootKey":"LN7gVkRcgtr/PH9ggIzTvC3AuJa+dRc+igBRw7/3B7g="},"indexInfo":{"baseKey":"BaG3sbeYAnvJpD9FlNfoLBi/iGNBe5M8CSrGrspvBUU/","baseKeyType":1,"closed":-1,"used":1687170811173,"created":1687170811173,"remoteIdentityKey":"BUurES9r9kUNwHyALxGbxNCqvI2OdlhMepyjPlJpr+og"},"_chains":{"BWgVHlk6CmunNUp65lqkjMwW1JCgR2vi2yZIbReZ2+tu":{"chainKey":{"counter":0,"key":"zskMmqrfNQ+d5PxkEyEJa2nM4Uleo7imzKFWu5C9ZgY="},"chainType":1,"messageKeys":{}}},"pendingPreKey":{"signedKeyId":2,"baseKey":"BaG3sbeYAnvJpD9FlNfoLBi/iGNBe5M8CSrGrspvBUU/","preKeyId":3125468}}},"version":"v1"}