{"_sessions":{"BWFTkfAzibdNZdwIE2dcjOjkhybOy6u765q1G2NHzR5G":{"registrationId":1759892745,"currentRatchet":{"ephemeralKeyPair":{"pubKey":"BfwSFtin00guTPwuiLOM/CcDAbeAcGTtl6ArCN3PeMR5","privKey":"oLtJb2w1jUxm7IdWHjl+LgXXV784X++JmyAUGbUwP0g="},"lastRemoteEphemeralKey":"BfADD4NrD8qdlr802UzuTn8jLy2d8mVyxbK/xc3ATp5E","previousCounter":0,"rootKey":"2GOxlZP3wy469MYrCGSwJYYNbsrLDu6AiZ6edNba0a8="},"indexInfo":{"baseKey":"BWFTkfAzibdNZdwIE2dcjOjkhybOy6u765q1G2NHzR5G","baseKeyType":1,"closed":-1,"used":1687170935816,"created":1687170845478,"remoteIdentityKey":"BTpreh2s6j+y65J8jvS0Dji2lPr6Rgwas4EK5Ch6ZwAI"},"_chains":{"BfADD4NrD8qdlr802UzuTn8jLy2d8mVyxbK/xc3ATp5E":{"chainKey":{"counter":0,"key":"7D/b9yu6Mpybowel6kXrNTbc17fGfCI5QyOL59Bqhhk="},"chainType":2,"messageKeys":{}},"BfwSFtin00guTPwuiLOM/CcDAbeAcGTtl6ArCN3PeMR5":{"chainKey":{"counter":0,"key":"KerS7oIqgIKjUamb5Of8NykGxCMHwd1X1yv+o9oXpg8="},"chainType":1,"messageKeys":{}}}}},"version":"v1"}