{"_sessions":{"BWVNnyE3LG5XW1l+MG0ekZ7xPp9EWS4jeSxYinzWbiZB":{"registrationId":5720,"currentRatchet":{"ephemeralKeyPair":{"pubKey":"BXUTEArRYMLzmtKjfKSH8uslp1SdDluM3LHlNvRlmhQB","privKey":"SLIoP8TszgY0S53oNmbo2k0abGCUivVVNRd0yqu1nnE="},"lastRemoteEphemeralKey":"BT4GYEUfQFNZVVKMufP4axPFc1fXj+UQb8+fkkavJcFc","previousCounter":0,"rootKey":"6Pg320J4WX2poA5axaNNpXGATZPb3EBCjVXSArpxYjg="},"indexInfo":{"baseKey":"BWVNnyE3LG5XW1l+MG0ekZ7xPp9EWS4jeSxYinzWbiZB","baseKeyType":1,"closed":-1,"used":1687174146882,"created":1687174146882,"remoteIdentityKey":"BQWEonuxbGXHmmQkE+kL83Msx0ukatwfGxmIZS1InspS"},"_chains":{"BXUTEArRYMLzmtKjfKSH8uslp1SdDluM3LHlNvRlmhQB":{"chainKey":{"counter":0,"key":"xLJVoQS4wXZK974vN72nOar0xc6EeEsGzn0BjtS+XyI="},"chainType":1,"messageKeys":{}}},"pendingPreKey":{"signedKeyId":1,"baseKey":"BWVNnyE3LG5XW1l+MG0ekZ7xPp9EWS4jeSxYinzWbiZB","preKeyId":917}}},"version":"v1"}