{"_sessions":{"BTGBeXABlJYfjXBfvRn5SJ3C4j8ziCmY7oErvC+occNj":{"registrationId":981769893,"currentRatchet":{"ephemeralKeyPair":{"pubKey":"BcfHlvVHCjFD2C2y0VQ6uSYB6hcobAk2uVPIgsT95EBO","privKey":"8MK1txDdRcr4S2WtIC/+ktSUPnIRhZ4MCLFJGL4Z9Hw="},"lastRemoteEphemeralKey":"BX/6AGjV9H4El0XUxYw2kKm61tbw4Q7G3cQCDkS/s2ww","previousCounter":0,"rootKey":"Wp6qUd8Zbg8g4C5AXOLHXu8fKDlFJ1ndOhosVPRBxDA="},"indexInfo":{"baseKey":"BTGBeXABlJYfjXBfvRn5SJ3C4j8ziCmY7oErvC+occNj","baseKeyType":1,"closed":-1,"used":1687170846168,"created":1687170846168,"remoteIdentityKey":"BULvra6kYaOcvdFNx0VfeCozKgux2MqxEAAMEVIyyFlK"},"_chains":{"BcfHlvVHCjFD2C2y0VQ6uSYB6hcobAk2uVPIgsT95EBO":{"chainKey":{"counter":1,"key":"PMgEHuAf7Z5YgIYe2US6LoBs7SHjxFtUJryblf8/X6k="},"chainType":1,"messageKeys":{}}},"pendingPreKey":{"signedKeyId":1,"baseKey":"BTGBeXABlJYfjXBfvRn5SJ3C4j8ziCmY7oErvC+occNj","preKeyId":1190255}}},"version":"v1"}