{"_sessions":{"BXrXM/lFJIX0xS8hm/aeIw2xMiHTr8D8KaNin6wlQbpZ":{"registrationId":14390,"currentRatchet":{"ephemeralKeyPair":{"pubKey":"BW3Py8mQv5AVqJaTANb571rJ8BAUFKZezigQnY7Tqd8k","privKey":"sDfZ7c6cekI1YtKoFrDKJrwZE3zqys/nMSf/1q/PBW4="},"lastRemoteEphemeralKey":"BY7BUg9Kt21bEDV/ciZqLjtLZX2P3UvjX+BLge37Z6QV","previousCounter":0,"rootKey":"jp0mK6P9Z6XyScEPr4CQxjH+bcfsKJ7i1axPV6uercM="},"indexInfo":{"baseKey":"BXrXM/lFJIX0xS8hm/aeIw2xMiHTr8D8KaNin6wlQbpZ","baseKeyType":1,"closed":-1,"used":1687174146868,"created":1687174146868,"remoteIdentityKey":"BYKgM/0ZzcDaLtN/SySG1fIebHbNc4Q478H8Ebc+FfIi"},"_chains":{"BW3Py8mQv5AVqJaTANb571rJ8BAUFKZezigQnY7Tqd8k":{"chainKey":{"counter":0,"key":"plcrZ0aOq6ZmP2i3rPj1cO/yguqLALZyySz2ocZSkTU="},"chainType":1,"messageKeys":{}}},"pendingPreKey":{"signedKeyId":1,"baseKey":"BXrXM/lFJIX0xS8hm/aeIw2xMiHTr8D8KaNin6wlQbpZ","preKeyId":920}}},"version":"v1"}