{"_sessions":{"BahX8s91Wey4WuTwzhhPZ4BpdkkYaO5NB9R8TG1wZIJT":{"registrationId":41509281,"currentRatchet":{"ephemeralKeyPair":{"pubKey":"BRgoXvwww/rNHZuZ6EjdxDJwp6ruTAO+c3LAyxJ8qKcM","privKey":"KABgxt9EgepFCdjQoaHwt8Bu3l+I5JGMqMvWbvAJlHk="},"lastRemoteEphemeralKey":"Bev6h3EmIXO7XIpRvKwh+ox+22NKPP9uqS3VCuhq2/h0","previousCounter":19,"rootKey":"Wu1H5OZE+jFZAjfdOGOi63PGUcNRQ/cgK7J2q0V+tPA="},"indexInfo":{"baseKey":"BahX8s91Wey4WuTwzhhPZ4BpdkkYaO5NB9R8TG1wZIJT","baseKeyType":1,"closed":-1,"used":1687069319642,"created":1687069148856,"remoteIdentityKey":"BRNrQL2Lch1YfPkdcKi7JSI2Ic07mrZ/WpLqjciD7NEp"},"_chains":{"Bev6h3EmIXO7XIpRvKwh+ox+22NKPP9uqS3VCuhq2/h0":{"chainKey":{"counter":0,"key":"txKFuDOrOPUPbk/KisDN5hK8fRH9YcD8hrI7wsGTa70="},"chainType":2,"messageKeys":{}},"BRgoXvwww/rNHZuZ6EjdxDJwp6ruTAO+c3LAyxJ8qKcM":{"chainKey":{"counter":1,"key":"CYIuJM0ue52RrCIY/E9aSaSi9/xXBD4EUsBYLj1mS6M="},"chainType":1,"messageKeys":{}}}}},"version":"v1"}