{"_sessions":{"BdA194vICcH3SD9fFYpL3XYC9C73j3atbokq1u4G1r8P":{"registrationId":1358904639,"currentRatchet":{"ephemeralKeyPair":{"pubKey":"BUogDZLZj2W0yacsIHXsLKHc/GHUBWrr6WayiuSDNPtA","privKey":"gI4QeNNFWTq9FsoJc0se1h7jKpSbCig1rzgX8W1wmnc="},"lastRemoteEphemeralKey":"Bf+dl0/MwPSfXjmSLZAV+XVfagmW3DwscjouTJ1BZ2Ve","previousCounter":0,"rootKey":"n7RvEezxS+Wyzyw6NjvRDsXAI09iSIq2DsbJjo21dFg="},"indexInfo":{"baseKey":"BdA194vICcH3SD9fFYpL3XYC9C73j3atbokq1u4G1r8P","baseKeyType":1,"closed":-1,"used":1687170845777,"created":1687170845777,"remoteIdentityKey":"BXNOu2PaEvT8P+C2Me8+KjpfV6LVK2WvK1HyMNl3FGsz"},"_chains":{"BUogDZLZj2W0yacsIHXsLKHc/GHUBWrr6WayiuSDNPtA":{"chainKey":{"counter":1,"key":"Cn49pMEzc1hDFY2lhAIjnOzxzQx6bMX9IcsfzJfNxwY="},"chainType":1,"messageKeys":{}}},"pendingPreKey":{"signedKeyId":1,"baseKey":"BdA194vICcH3SD9fFYpL3XYC9C73j3atbokq1u4G1r8P","preKeyId":10953142}}},"version":"v1"}