{"_sessions":{"BWaT01ef0Hkxqqsg7h7rBw/Uqx+xZu0bBBI70jBIsIgj":{"registrationId":1797889710,"currentRatchet":{"ephemeralKeyPair":{"pubKey":"BQDCHRJEJpYskK7+J55M2L+rWg1hBEL+suNF9lyEIaFk","privKey":"KBv0bqb+7rBU2Vt9gzlBiFzzPsn0bE+Whz5/Wrknu3M="},"lastRemoteEphemeralKey":"BSYVrwFxs8gkh1GYcS/qjYQcKKnPHric2AHu9sTDHE0e","previousCounter":0,"rootKey":"QBFmaVYfyl5EcsBtWK/5ThqgyyUhlA1ouTAb78400r4="},"indexInfo":{"baseKey":"BWaT01ef0Hkxqqsg7h7rBw/Uqx+xZu0bBBI70jBIsIgj","baseKeyType":1,"closed":-1,"used":1687069096094,"created":1687069096094,"remoteIdentityKey":"BdCSyCD+X7UY5sESHqpi5ueVvEGqeNGyC+dOwOpl3gFI"},"_chains":{"BQDCHRJEJpYskK7+J55M2L+rWg1hBEL+suNF9lyEIaFk":{"chainKey":{"counter":1,"key":"k2NM60/2ADRyqJlt+QhuFtKy/0k7AW7EMs+UbUJYxtQ="},"chainType":1,"messageKeys":{}}},"pendingPreKey":{"signedKeyId":2,"baseKey":"BWaT01ef0Hkxqqsg7h7rBw/Uqx+xZu0bBBI70jBIsIgj","preKeyId":6811523}}},"version":"v1"}