{"_sessions":{"BVkbjOYPsGRYVn+jFgFJmlE1rVhekH2ybYNjP+9C4gdV":{"registrationId":463654758,"currentRatchet":{"ephemeralKeyPair":{"pubKey":"BWvWy7S884mO9hLo21qDPFlJWdCoM3fV6U6Fw8z7F9U9","privKey":"UGSD6utF8aSYaZKsTOabNw2C7mNqRuJS4GHKeHNtQ1g="},"lastRemoteEphemeralKey":"BQthSp/czPm0jepRHEFLLr89cgOVrE3XaGwRujc8KyhO","previousCounter":0,"rootKey":"PGniklRxVQzTivR5xJj89z6N0WKtVQNCRkVfdS+HSPU="},"indexInfo":{"baseKey":"BVkbjOYPsGRYVn+jFgFJmlE1rVhekH2ybYNjP+9C4gdV","baseKeyType":1,"closed":-1,"used":1687173301930,"created":1687170810928,"remoteIdentityKey":"BSj9TLX8V8vwMYkMUuVGtnznb7Qtn7/vbqoE7ct7OrRA"},"_chains":{"BQthSp/czPm0jepRHEFLLr89cgOVrE3XaGwRujc8KyhO":{"chainKey":{"counter":0,"key":"iTcWeDNTcT4UyGtsyQgTM6JtmXdLADYEoX/OXhRuZ/M="},"chainType":2,"messageKeys":{}},"BWvWy7S884mO9hLo21qDPFlJWdCoM3fV6U6Fw8z7F9U9":{"chainKey":{"counter":-1,"key":"HOxQ1QAEmnta4H9IkJX4xeEe0lmhr5W/MI2DZ4tKRMA="},"chainType":1,"messageKeys":{}}}}},"version":"v1"}