{"_sessions":{"BeTo1gigMBieXUKJGAxhSr5xwxTH0n1tE/ZrdV8XsUEe":{"registrationId":900165816,"currentRatchet":{"ephemeralKeyPair":{"pubKey":"BYTKtjdGFWX2z5fYr6Sy3PslXQinE6twzdtLDiptNi4+","privKey":"CPVvlivrI2p6ax5zKpY8qRf40rUE8JE6cbCMfnER5Vo="},"lastRemoteEphemeralKey":"BaJe0oez2G3r8IF29z8LxmMVkCmyZvk2KgXG9i4iDI4n","previousCounter":0,"rootKey":"NRjAspz+XfkozEb6lTYUvYadiFQ4qqec+cdOK8BgGp4="},"indexInfo":{"baseKey":"BeTo1gigMBieXUKJGAxhSr5xwxTH0n1tE/ZrdV8XsUEe","baseKeyType":1,"closed":-1,"used":1687069148807,"created":1687069148807,"remoteIdentityKey":"BZiC3wklmcyWiSZmK3AdwaFoMqNFNrGyGP7+PRDtVUBS"},"_chains":{"BYTKtjdGFWX2z5fYr6Sy3PslXQinE6twzdtLDiptNi4+":{"chainKey":{"counter":21,"key":"6HG+A3mtWAXbXF7xxpjuHcvK8fAFdxH5vYSyzhP7H2I="},"chainType":1,"messageKeys":{}}},"pendingPreKey":{"signedKeyId":0,"baseKey":"BeTo1gigMBieXUKJGAxhSr5xwxTH0n1tE/ZrdV8XsUEe","preKeyId":11050522}}},"version":"v1"}