{"_sessions":{"BSaN+Hd7arVa/nIITkeeJgQAuzeXJd0AdHuxCC2mtLYk":{"registrationId":1799993397,"currentRatchet":{"ephemeralKeyPair":{"pubKey":"Bb76glk2f4a9Mb7hQu45bFGwNicHhpXWrhRpAj6YyBRr","privKey":"yMREKXPOFFSgKodh7y2AaF+AY3Pi4KXbJnUHb1F96FI="},"lastRemoteEphemeralKey":"BdMZ39IrxKZ+1bTEmNH0OaTXODeBle2ptflLpHD2v3QM","previousCounter":0,"rootKey":"bpCBSU74ToZ6V2iMN/3goqyBBkkiDWKtdjyATK+2ROM="},"indexInfo":{"baseKey":"BSaN+Hd7arVa/nIITkeeJgQAuzeXJd0AdHuxCC2mtLYk","baseKeyType":1,"closed":-1,"used":1687170845538,"created":1687170845538,"remoteIdentityKey":"BZKaaWs2ZvY7Nu2z4weRtZagywAPxTcGO0XP8NoYUu4l"},"_chains":{"Bb76glk2f4a9Mb7hQu45bFGwNicHhpXWrhRpAj6YyBRr":{"chainKey":{"counter":1,"key":"Rrpjutxc1yEeAZyjrkW/bZXeaIvRHAZNlnHzVFaNOG8="},"chainType":1,"messageKeys":{}}},"pendingPreKey":{"signedKeyId":12,"baseKey":"BSaN+Hd7arVa/nIITkeeJgQAuzeXJd0AdHuxCC2mtLYk","preKeyId":4296858}}},"version":"v1"}