{"_sessions":{"BXXo0LGAZZXsxvKKIHaPJUmFKmHsFH5/5jxHA6Sy9cdD":{"registrationId":1391228432,"currentRatchet":{"ephemeralKeyPair":{"pubKey":"BZua7jFC4DMdAFNFmEShUpL5XFngc+aeNsjhQtlsy61F","privKey":"mNe50E4zmqsm0uLeitB4JRbt/yDQhhXpD2hrJg11W10="},"lastRemoteEphemeralKey":"Bf0OT34vduiGv0ADHGZEnvMDTwqZTJtsBvsLe0XOhYlG","previousCounter":0,"rootKey":"QJQENM8x67K5OHTQw4nXOYFrh4SjyPSz/rZpGRFU3lk="},"indexInfo":{"baseKey":"BXXo0LGAZZXsxvKKIHaPJUmFKmHsFH5/5jxHA6Sy9cdD","baseKeyType":1,"closed":-1,"used":1687170845814,"created":1687170845814,"remoteIdentityKey":"BQHxVsqO4MUPYK1XpgMZfGmi1xq4Hqt4YVvQPpsM/ZE5"},"_chains":{"BZua7jFC4DMdAFNFmEShUpL5XFngc+aeNsjhQtlsy61F":{"chainKey":{"counter":1,"key":"96Umi3Vwt7Lu1KFt3NjJOYLRsJz4OYd+zO7NUN8XEco="},"chainType":1,"messageKeys":{}}},"pendingPreKey":{"signedKeyId":2,"baseKey":"BXXo0LGAZZXsxvKKIHaPJUmFKmHsFH5/5jxHA6Sy9cdD","preKeyId":9438378}}},"version":"v1"}