{"_sessions":{"BTSMOxfiuwPyueuuuq7m4+mhm+krErC9IIG0RkPr4CVV":{"registrationId":261265803,"currentRatchet":{"ephemeralKeyPair":{"pubKey":"BSOgmIUN6+YY2ZRsxqABIYi96vWxWUSEXPyESGufhSkq","privKey":"gCgQWUPqPevgtPuMPac1Kp2WUxvcna4DrYXRXx/voEg="},"lastRemoteEphemeralKey":"BenHr33ksoJK0ywKz1c7ySocbV7i54VCI1mdESe4Za07","previousCounter":0,"rootKey":"X1FqIVGvn7lHbiFzBqZ08p33NX8vH2vOCOE1L70FvnM="},"indexInfo":{"baseKey":"BTSMOxfiuwPyueuuuq7m4+mhm+krErC9IIG0RkPr4CVV","baseKeyType":1,"closed":-1,"used":1687069096086,"created":1687069096086,"remoteIdentityKey":"BRvcsW5Yab/yJSZlN+VO0tL1IUuvpv+mJU8/KQVJXwwu"},"_chains":{"BSOgmIUN6+YY2ZRsxqABIYi96vWxWUSEXPyESGufhSkq":{"chainKey":{"counter":23,"key":"aTwe2ZgtwAaAQ6jj262rrjwgmi4S56PQE0lQ0VC+0kQ="},"chainType":1,"messageKeys":{}}},"pendingPreKey":{"signedKeyId":2,"baseKey":"BTSMOxfiuwPyueuuuq7m4+mhm+krErC9IIG0RkPr4CVV","preKeyId":7006644}}},"version":"v1"}