{"_sessions":{"BQm4SMT0OO57BBpoDfWEA97Azw0D53aLr8Mvv7ebDmQB":{"registrationId":1603546380,"currentRatchet":{"ephemeralKeyPair":{"pubKey":"BRaumS/rvWbZrRMnbX91oFDNSUPYVq6LoWZvUVsWGIoJ","privKey":"8AG1Hq6egOQXymXZRv4YLfgrLCEeIXkfH235mx+f3GM="},"lastRemoteEphemeralKey":"BbsVvL7xOPCeR4VzHvgOHp4QuIktS0BkICetxhgQDkdu","previousCounter":0,"rootKey":"tR8pGYwT+5q4uy6WxM9u97wpNgi//WkItxJyFa1hFpw="},"indexInfo":{"baseKey":"BQm4SMT0OO57BBpoDfWEA97Azw0D53aLr8Mvv7ebDmQB","baseKeyType":2,"closed":-1,"used":1687184001083,"created":1687184001083,"remoteIdentityKey":"BUfjZa79zl7K7mmjcFGUIVW115bZEmi4XrgtO/PZYtgG"},"_chains":{"BbsVvL7xOPCeR4VzHvgOHp4QuIktS0BkICetxhgQDkdu":{"chainKey":{"counter":0,"key":"ZcstB/PueRmfRmCjSqU1vyfhtSdbWSBf/EvgbVr+pek="},"chainType":2,"messageKeys":{}},"BRaumS/rvWbZrRMnbX91oFDNSUPYVq6LoWZvUVsWGIoJ":{"chainKey":{"counter":-1,"key":"vp5vwTy5muFoFflny41XbKzadetpDtzspL4LKf5wWyA="},"chainType":1,"messageKeys":{}}}}},"version":"v1"}