{"_sessions":{"BeEIp7Eh8ahPDeVbAn0UKzz3G8NitTSpI13PkyM0YhRY":{"registrationId":544283478,"currentRatchet":{"ephemeralKeyPair":{"pubKey":"BRhtS65FKLSoXFGyfc3O2bIZ1OwWnjXWiB/peWxCgn0k","privKey":"OG5nZVG9yIXnPqhm/cW9D77qaS0jvDeycicqQdlNgFY="},"lastRemoteEphemeralKey":"BWAYj0yadK5JjQa6WGCH+aO8njUGiFMsiVCzGhVmMil/","previousCounter":0,"rootKey":"tMQEm3Dnx7VoqUWPBINpylLlfWtULy0rflZMLcynRTI="},"indexInfo":{"baseKey":"BeEIp7Eh8ahPDeVbAn0UKzz3G8NitTSpI13PkyM0YhRY","baseKeyType":2,"closed":-1,"used":1687171754165,"created":1687171754165,"remoteIdentityKey":"BQMjQq1kWqVe2QrW51m0pBWap4Kgh6b35+Z7n5nNJrN4"},"_chains":{"BWAYj0yadK5JjQa6WGCH+aO8njUGiFMsiVCzGhVmMil/":{"chainKey":{"counter":0,"key":"5jt5JvUXDBlwR/svdHIt1C+1v4wRoLwYI3yOmE8TmSo="},"chainType":2,"messageKeys":{}},"BRhtS65FKLSoXFGyfc3O2bIZ1OwWnjXWiB/peWxCgn0k":{"chainKey":{"counter":-1,"key":"rqB2ZA1OuvjEopgnAwQ/YtwufPN2L4M3egd/YUvkjcw="},"chainType":1,"messageKeys":{}}}}},"version":"v1"}