{"_sessions":{"BaqD5PlpKDMdbu2s/fD6HbQm+XUp0xGlPsVw4NzdMKEE":{"registrationId":1680589995,"currentRatchet":{"ephemeralKeyPair":{"pubKey":"BXKVjMnF5yAumJepBlShUk+Kp8SG5zq1DGDlvJn5W/Mc","privKey":"gIFASdIfwiUdP01Zw6MET9233+EKGscvwXM3utn9CVE="},"lastRemoteEphemeralKey":"Be48NqVGqbIMuhdUVMOg0mYSKBd1+LJWVLCPslkmqmhD","previousCounter":0,"rootKey":"6F/IvnLm+Gr2sTJ/5fj6ZcpuKw6Ux3Q16HXUghqy4Xw="},"indexInfo":{"baseKey":"BaqD5PlpKDMdbu2s/fD6HbQm+XUp0xGlPsVw4NzdMKEE","baseKeyType":1,"closed":-1,"used":1687069096063,"created":1687069096063,"remoteIdentityKey":"Bfukb7HUhcDOMA8xHx6M12T9/hInfC+KcozlUxeUpwkc"},"_chains":{"BXKVjMnF5yAumJepBlShUk+Kp8SG5zq1DGDlvJn5W/Mc":{"chainKey":{"counter":1,"key":"GRoAoOoKnCOOk6DD4pm1Y3C1N8KnWvo6ivC5SZOBL5o="},"chainType":1,"messageKeys":{}}},"pendingPreKey":{"signedKeyId":40,"baseKey":"BaqD5PlpKDMdbu2s/fD6HbQm+XUp0xGlPsVw4NzdMKEE","preKeyId":15658822}}},"version":"v1"}