{"_sessions":{"BVtmn75z9OGhquYmixIVWBaJNrTPdyKTfmg6BtKJ+N5A":{"registrationId":492537460,"currentRatchet":{"ephemeralKeyPair":{"pubKey":"BQl1rcdOJleQl4XqrBWC+9yxTvtwss5u9nXYadCsrhMp","privKey":"WJ3DMqkZ3TUmG6y9v5Ov/xSsVLtqfROcgjgsNia2JWk="},"lastRemoteEphemeralKey":"BbF0QiV6wrTOSqwvlHgFhO4NtA8Ih8EV4gt+i4sTKjEg","previousCounter":0,"rootKey":"LUpUaQtQAqXO4VDZEkNTScsQJQfUqnwAXVAykNNmcHQ="},"indexInfo":{"baseKey":"BVtmn75z9OGhquYmixIVWBaJNrTPdyKTfmg6BtKJ+N5A","baseKeyType":1,"closed":-1,"used":1687183999946,"created":1687179719758,"remoteIdentityKey":"Bf460vj/+09MsgG/Jf1L2AvMzgmSHlQh4mv8pxTCEUpl"},"_chains":{"BbF0QiV6wrTOSqwvlHgFhO4NtA8Ih8EV4gt+i4sTKjEg":{"chainKey":{"counter":0,"key":"5LzRQcfaFxqZ43OYtkWk0QTl/QP+Fq4BiOGKZCb82IU="},"chainType":2,"messageKeys":{}},"BQl1rcdOJleQl4XqrBWC+9yxTvtwss5u9nXYadCsrhMp":{"chainKey":{"counter":-1,"key":"RW7GTg/ZpK+ZW/wRkkgvZqVJC8wreQA0sqlmYdKcgn8="},"chainType":1,"messageKeys":{}}}}},"version":"v1"}