{"_sessions":{"BfL6W85haMUXcToyInTd2C3qzeDb6YgHgSGL82B6gOgZ":{"registrationId":480619012,"currentRatchet":{"ephemeralKeyPair":{"pubKey":"BW+NeoIz+mUnZhVCV1D80wgJvSCvXcyyIyimajdhZEBH","privKey":"cL61NwdyJ63SckbW1p7JGHoMwYDE0FRuZuHzWb3/zXg="},"lastRemoteEphemeralKey":"Ba4z0v2PSODx+suij5Mub2ZTAXhMARFr5M7k1zATpPMo","previousCounter":0,"rootKey":"OFKz8/v/Zz7qNK87EQ/AxcUJNDN+imiC4bQLDzqGPGA="},"indexInfo":{"baseKey":"BfL6W85haMUXcToyInTd2C3qzeDb6YgHgSGL82B6gOgZ","baseKeyType":1,"closed":-1,"used":1687069096055,"created":1687069096055,"remoteIdentityKey":"BaVan90jqaXtn3FBL4usLnZZ/h4IBPie6WaWZp3n13ss"},"_chains":{"BW+NeoIz+mUnZhVCV1D80wgJvSCvXcyyIyimajdhZEBH":{"chainKey":{"counter":1,"key":"uANbCh8xbfrsB4rxouS22Tt2joXQ+OHnIFL/WZvGVIY="},"chainType":1,"messageKeys":{}}},"pendingPreKey":{"signedKeyId":16,"baseKey":"BfL6W85haMUXcToyInTd2C3qzeDb6YgHgSGL82B6gOgZ","preKeyId":722238}}},"version":"v1"}