{"_sessions":{"BSVdbViy7Nra0iEnlbbZ95Lu1tDg11PA5MV1PVt4KAZA":{"registrationId":1670556452,"currentRatchet":{"ephemeralKeyPair":{"pubKey":"Ba+WxkVNI14ilE8k6Xom0S6BokFcIxfI7szNuPkvCqNk","privKey":"kPEWPa7Ye8qpLImo9prFlCSZucXhpX5ucyem7dckrmA="},"lastRemoteEphemeralKey":"BWUt3M5P84Rzi/XBpPUX6CxRkrX1JoljXnVBToFr8hFW","previousCounter":0,"rootKey":"RL9FEpWefGeeLYFtzqN82W5PJC5LkHIkm7EWCmAdEaY="},"indexInfo":{"baseKey":"BSVdbViy7Nra0iEnlbbZ95Lu1tDg11PA5MV1PVt4KAZA","baseKeyType":1,"closed":-1,"used":1687069123663,"created":1687069123663,"remoteIdentityKey":"BbgJJ7wAFDy3jc4DbS5XopYtG0YmHoDDdHi6hIm1GT9q"},"_chains":{"Ba+WxkVNI14ilE8k6Xom0S6BokFcIxfI7szNuPkvCqNk":{"chainKey":{"counter":0,"key":"E5fn4j+bBeoWP88x7k7WPEuip8WyjQ0W4Z9tw0xVSu8="},"chainType":1,"messageKeys":{}}},"pendingPreKey":{"signedKeyId":21,"baseKey":"BSVdbViy7Nra0iEnlbbZ95Lu1tDg11PA5MV1PVt4KAZA","preKeyId":4110150}}},"version":"v1"}