{"_sessions":{"BSXzm+bJQxSITFYVy0nhaqEe8Dtv//1hCW+PUdYsf/Rr":{"registrationId":1123576828,"currentRatchet":{"ephemeralKeyPair":{"pubKey":"BfrIg4GLvZSav8kQSq1JI+Xh7pY6ttRa/+B8vr/XJ7hp","privKey":"mF7BeDGTN/+rPCRLdo0F2QUQnGJ7NclXTx2HiN7UakE="},"lastRemoteEphemeralKey":"BfZpR8OXJDHa+5mPe92ZAt95YlibxQ4FDFgrHOz4DDcg","previousCounter":0,"rootKey":"3CmbmX00gh28nLynJFSJxlfVSqDiidaEEryl/lF/5Gc="},"indexInfo":{"baseKey":"BSXzm+bJQxSITFYVy0nhaqEe8Dtv//1hCW+PUdYsf/Rr","baseKeyType":1,"closed":-1,"used":1687170846182,"created":1687170846182,"remoteIdentityKey":"BU6bl2nredfyhKrDiRn9W+lGnNVXjNSh8eevqYPP/H02"},"_chains":{"BfrIg4GLvZSav8kQSq1JI+Xh7pY6ttRa/+B8vr/XJ7hp":{"chainKey":{"counter":1,"key":"9/cfLpAJkxs/gwlzAk+CMGv8WMOyfbbkYlT2lhf5UKI="},"chainType":1,"messageKeys":{}}},"pendingPreKey":{"signedKeyId":4,"baseKey":"BSXzm+bJQxSITFYVy0nhaqEe8Dtv//1hCW+PUdYsf/Rr","preKeyId":161842}}},"version":"v1"}