{"_sessions":{"BUv665C7ETpGucWnVYqB3AcXdi9klS2m9LJpVl1gwutv":{"registrationId":906396334,"currentRatchet":{"ephemeralKeyPair":{"pubKey":"BbMLO7LhnbpYD1Jut+lvyLs+mCFMDntTXOxNAcIef4o/","privKey":"CFcLNWFVVHHHkqHyhoMnsZ8U4wvtY1zxYlJWuMUbom8="},"lastRemoteEphemeralKey":"BWogbj96wAiioVgztvQkP7nVKaAU3mNM6EuY/f/iUkZh","previousCounter":0,"rootKey":"jhp3cHvb3yrBOxgOZwjMq0v8KWWnJc6XDg8r4yNPBuE="},"indexInfo":{"baseKey":"BUv665C7ETpGucWnVYqB3AcXdi9klS2m9LJpVl1gwutv","baseKeyType":2,"closed":-1,"used":1687178636632,"created":1687178636632,"remoteIdentityKey":"BUQ7FOUD46OzRuC5csx+73SPB8Tl2kh1V2vM+/+bDwtO"},"_chains":{"BWogbj96wAiioVgztvQkP7nVKaAU3mNM6EuY/f/iUkZh":{"chainKey":{"counter":0,"key":"c/Iu2Sp0cKAis0mLYz21r0a2KORL2k25jOA6h3qEWCs="},"chainType":2,"messageKeys":{}},"BbMLO7LhnbpYD1Jut+lvyLs+mCFMDntTXOxNAcIef4o/":{"chainKey":{"counter":-1,"key":"NMwUQWU29VJyoANnqL5bERxAhQLbv37YV28BqMBMF+s="},"chainType":1,"messageKeys":{}}}}},"version":"v1"}