{"_sessions":{"BeXA5u1zbMQuHeiwT4dNrkL7xB6qcQX5VOVSh4vKNMhX":{"registrationId":1254780652,"currentRatchet":{"ephemeralKeyPair":{"pubKey":"BZ/3HovelwacEcB5iTPBlo9Y457nNbzoVe1PPc8hGn4W","privKey":"6JMxXMkhLA6MlhYeWW0cOzDCtotjLcV4qx56aTVz1mI="},"lastRemoteEphemeralKey":"BVzcvO692F2ZTggTyQYuiC4JpMZG1zcz4zHThr7Wk2EI","previousCounter":0,"rootKey":"SqVPe60qq8qSmp1fAY0Jpf35Tb+Eu7CXwwJnn36vkcw="},"indexInfo":{"baseKey":"BeXA5u1zbMQuHeiwT4dNrkL7xB6qcQX5VOVSh4vKNMhX","baseKeyType":1,"closed":-1,"used":1687170845719,"created":1687170845719,"remoteIdentityKey":"BSxTKQshVQ4rlzganiBAlAFYbt9mKo8wkCsyYzYoeqkp"},"_chains":{"BZ/3HovelwacEcB5iTPBlo9Y457nNbzoVe1PPc8hGn4W":{"chainKey":{"counter":1,"key":"Wk4bmForxrqE6/SZk94p4fGfI533EC1qiYxaXciNl4g="},"chainType":1,"messageKeys":{}}},"pendingPreKey":{"signedKeyId":4,"baseKey":"BeXA5u1zbMQuHeiwT4dNrkL7xB6qcQX5VOVSh4vKNMhX","preKeyId":9112035}}},"version":"v1"}