{"_sessions":{"BR79p9XJ/OlrGVvNaGw5cUEVxdBPs9JoJ/IPVKC5aMJg":{"registrationId":2018315843,"currentRatchet":{"ephemeralKeyPair":{"pubKey":"BdkJNN7EnTDeEliTaXppHyXZqGge+arc49qZHyyE5K5A","privKey":"yMLukH82YlcQq/JE1pADtpKEfc2df34hQDCz8bPNB04="},"lastRemoteEphemeralKey":"BYS1GT+Ed0M9YBBmYgaT95lz7y0j1qvpSj0Or8sS0P1T","previousCounter":0,"rootKey":"NgUSxTJufOPs4xAbc5dvhiD2R6gepiLuawfFqavVJq0="},"indexInfo":{"baseKey":"BR79p9XJ/OlrGVvNaGw5cUEVxdBPs9JoJ/IPVKC5aMJg","baseKeyType":1,"closed":-1,"used":1687170845952,"created":1687170845952,"remoteIdentityKey":"BZsroUkQ7c0K1E3rI4Tu/hKLFEpUozeBFwVkZ3XILDMf"},"_chains":{"BdkJNN7EnTDeEliTaXppHyXZqGge+arc49qZHyyE5K5A":{"chainKey":{"counter":1,"key":"tSHUrofJte/v+gpnxdRbPp3eLs6GcVhJu15ESyGECBY="},"chainType":1,"messageKeys":{}}},"pendingPreKey":{"signedKeyId":18,"baseKey":"BR79p9XJ/OlrGVvNaGw5cUEVxdBPs9JoJ/IPVKC5aMJg","preKeyId":12654659}}},"version":"v1"}