{"_sessions":{"BWexJruNddQyVgq55kLJyHsfcRMRNNe6C0O0RznoFq8G":{"registrationId":742562419,"currentRatchet":{"ephemeralKeyPair":{"pubKey":"BcRgZFMSKE4nB/42RZ8V4RWab/NiwdniwQrmYAVM7ZYF","privKey":"2FETi5s7/0NIDF/8n+pabyzVOCiVFLL/E+plkQ7I7VE="},"lastRemoteEphemeralKey":"BRjrMvKHxwbyIomHPup0ushhHqaHQpha3jaZG6/+u9xM","previousCounter":0,"rootKey":"b08LsDuwHUdFDUGGTV7h4ulkCordYhMnIqOvm8S2Zlk="},"indexInfo":{"baseKey":"BWexJruNddQyVgq55kLJyHsfcRMRNNe6C0O0RznoFq8G","baseKeyType":1,"closed":-1,"used":1687069096067,"created":1687069096067,"remoteIdentityKey":"BZ0GxJgDUYllKtKNvqyVrCfmDYX9IBj96cmJtYd4/tMX"},"_chains":{"BcRgZFMSKE4nB/42RZ8V4RWab/NiwdniwQrmYAVM7ZYF":{"chainKey":{"counter":1,"key":"U1q8dA4uaazZWsbDhwN86o9TipTVgqhfgmXMeninjH0="},"chainType":1,"messageKeys":{}}},"pendingPreKey":{"signedKeyId":4,"baseKey":"BWexJruNddQyVgq55kLJyHsfcRMRNNe6C0O0RznoFq8G","preKeyId":14308}}},"version":"v1"}