{"_sessions":{"BeW+lMSLkn6/AFWfNpT+7VB/60GE9QoqtoT5gQ0x1Xw8":{"registrationId":1821705948,"currentRatchet":{"ephemeralKeyPair":{"pubKey":"BZxNNHcdndm/zUz+uySAnwacajS6i4vl3AddhU8YLCEm","privKey":"yD1DJ2oOHEubvYtIBJ2GB5wdvLCIH9KbeMsSfm2ZrlA="},"lastRemoteEphemeralKey":"BTxYfHsCYIF4ihFAQVd/WlyHqQGhqg5dXUftfWv+4uoq","previousCounter":0,"rootKey":"F05lp911aJVzbRW/rcOHujI3wSw2g8JGsvu/l/WxhFM="},"indexInfo":{"baseKey":"BeW+lMSLkn6/AFWfNpT+7VB/60GE9QoqtoT5gQ0x1Xw8","baseKeyType":1,"closed":-1,"used":1687170846046,"created":1687170846046,"remoteIdentityKey":"BdvtNhCUkHKuKkA7OroyqOj3BWn4FaNHi6dd6rGwMF5/"},"_chains":{"BZxNNHcdndm/zUz+uySAnwacajS6i4vl3AddhU8YLCEm":{"chainKey":{"counter":1,"key":"FGELNgVysakAQPmgOnEmOi1QktR4TMTfHok9xI4qjzw="},"chainType":1,"messageKeys":{}}},"pendingPreKey":{"signedKeyId":9,"baseKey":"BeW+lMSLkn6/AFWfNpT+7VB/60GE9QoqtoT5gQ0x1Xw8","preKeyId":8616305}}},"version":"v1"}