{"_sessions":{"BSRT90l6eh5C7gka2txx0G732xlUBQneLAxNoF8dksAT":{"registrationId":1868243820,"currentRatchet":{"ephemeralKeyPair":{"pubKey":"BSTloMPfUcYMqqhqsLUcv72iMNSgkEtNlvYxmNR0uS8l","privKey":"wOp0/MNgSiEq53jG6Px6Z/LUhGxN9OQrFpyh+bdci1g="},"lastRemoteEphemeralKey":"BUAXmHngqUffUZRxm1vtlyS7oqLCb3Mk9Gly9//s9mdP","previousCounter":0,"rootKey":"NdypNdUfun4JvR1ftQZjP9rKAHn/HI1+2hMbIbUL6fE="},"indexInfo":{"baseKey":"BSRT90l6eh5C7gka2txx0G732xlUBQneLAxNoF8dksAT","baseKeyType":1,"closed":-1,"used":1687174146912,"created":1687174146912,"remoteIdentityKey":"BXpUJwP4jOaUI4fbB/94zY3OFlTRTl2/tAWtnxNaIStR"},"_chains":{"BSTloMPfUcYMqqhqsLUcv72iMNSgkEtNlvYxmNR0uS8l":{"chainKey":{"counter":0,"key":"QK4qM9HTbjrYZ9hlWFpfNxoO1WmHivbGSZz1d4/+QWI="},"chainType":1,"messageKeys":{}}},"pendingPreKey":{"signedKeyId":3,"baseKey":"BSRT90l6eh5C7gka2txx0G732xlUBQneLAxNoF8dksAT","preKeyId":16618815}}},"version":"v1"}