{"_sessions":{"Bexwza5HHkdDtMVNWmVM4yu+KXjikjgX7y9VfDaDZD96":{"registrationId":2111966710,"currentRatchet":{"ephemeralKeyPair":{"pubKey":"BWqnrpz1CLkX0MB/GaVS/xIU5xSNRdBy6kN2eWgwaakf","privKey":"uCLrPj3OPB+ka1cxQr9pZxAcP0o+vmofFlV8hS3tEF8="},"lastRemoteEphemeralKey":"BaniK05PsN89sB8ngYM+40b/G/jkwvAnMIettaWWJCUD","previousCounter":0,"rootKey":"+u0A7N6GAIa/83MB4bwyWMM5+HbA6ertNweuYm/Q+YM="},"indexInfo":{"baseKey":"Bexwza5HHkdDtMVNWmVM4yu+KXjikjgX7y9VfDaDZD96","baseKeyType":1,"closed":-1,"used":1687170845838,"created":1687170845838,"remoteIdentityKey":"BaFkGHsCrZa/yRaYxKSmHRvMApBsBs/b1gwioEpaLqlS"},"_chains":{"BWqnrpz1CLkX0MB/GaVS/xIU5xSNRdBy6kN2eWgwaakf":{"chainKey":{"counter":1,"key":"YUDQCYXHvNRA8H46SJKtbUrcK4IAFaHoy4hTOmp0+dA="},"chainType":1,"messageKeys":{}}},"pendingPreKey":{"signedKeyId":0,"baseKey":"Bexwza5HHkdDtMVNWmVM4yu+KXjikjgX7y9VfDaDZD96","preKeyId":16725472}}},"version":"v1"}