{"_sessions":{"BX9DJGvHcxmokBBK5yVuOR+D2K3+8YB5F3IcZe5jAYVy":{"registrationId":1397928979,"currentRatchet":{"ephemeralKeyPair":{"pubKey":"BefEW5KWLpiU6vKs35KCoWSd83GfTN9b7jbW9xQDad1C","privKey":"ML8UxkPQ7SF41m70VFDeOqrk1GhspKRV1INpsv3kDk0="},"lastRemoteEphemeralKey":"BZwYj0/cJHbNrb8mXq1CBFlJKTlSFLbdOXAu+3UhZ1lc","previousCounter":0,"rootKey":"ES+5gEF0wtKpggP0+iHXIMB/x97TeoNOa0C4ANDOP2A="},"indexInfo":{"baseKey":"BX9DJGvHcxmokBBK5yVuOR+D2K3+8YB5F3IcZe5jAYVy","baseKeyType":1,"closed":-1,"used":1687174146957,"created":1687174146957,"remoteIdentityKey":"BTOTu4E/Hh2jaDmEQIAITVKf6ePHjIOYf+GoIJvzXLNT"},"_chains":{"BefEW5KWLpiU6vKs35KCoWSd83GfTN9b7jbW9xQDad1C":{"chainKey":{"counter":0,"key":"NBsFbm4TV6zEVtBTyAEg66iiRN9nmwGXaIVrPinbrJs="},"chainType":1,"messageKeys":{}}},"pendingPreKey":{"signedKeyId":4,"baseKey":"BX9DJGvHcxmokBBK5yVuOR+D2K3+8YB5F3IcZe5jAYVy","preKeyId":3822221}}},"version":"v1"}