{"_sessions":{"Bd1Z1p/FqsG0NucFJoeL/x8l+XP9NyQ9INCGLyUnI0Mx":{"registrationId":1742940104,"currentRatchet":{"ephemeralKeyPair":{"pubKey":"BXWalJbCJ+aAI323R2khZUz8sVTYuaJ2Gl3oiiv50M0R","privKey":"mMvEAt9jrWKfIy82jOCXSNyO/ZMJLdkTq+n9QbPkRVI="},"lastRemoteEphemeralKey":"Be5C2fMmgU2pCnu45NiB0p0dLB2I/hnJIYruf2v9e2UL","previousCounter":0,"rootKey":"bDRP7LbUVRQP+sH1udfsV+74oqyJD3aZwXODZq+li1o="},"indexInfo":{"baseKey":"Bd1Z1p/FqsG0NucFJoeL/x8l+XP9NyQ9INCGLyUnI0Mx","baseKeyType":1,"closed":-1,"used":1687170845437,"created":1687170845437,"remoteIdentityKey":"Bcm8xGL2iAJHb460ARPtg3nmZXcdKbABaD4VF/pEGuUP"},"_chains":{"BXWalJbCJ+aAI323R2khZUz8sVTYuaJ2Gl3oiiv50M0R":{"chainKey":{"counter":1,"key":"G/poda5jk8zmBhdJhSbaqgcD174ddBi/XZdrncsoSgU="},"chainType":1,"messageKeys":{}}},"pendingPreKey":{"signedKeyId":20,"baseKey":"Bd1Z1p/FqsG0NucFJoeL/x8l+XP9NyQ9INCGLyUnI0Mx","preKeyId":16142981}}},"version":"v1"}