{"_sessions":{"BWdufkte/tg+/TzC4QVtH2M1GuHZHdlPO1HrRIWEG7tM":{"registrationId":1608490797,"currentRatchet":{"ephemeralKeyPair":{"pubKey":"Bbf+rchrS2wrx5paMgvLmKn1PCUooE6QGzjdlFgk/F4c","privKey":"WM/U6s/qMv7DW3k5O43w48NDkrX11/n1c9EWc1iGcEE="},"lastRemoteEphemeralKey":"BXQyFp75S9UW3ec8Q3rI/SwNTSqYnhSfJmuySFJp9LoE","previousCounter":0,"rootKey":"pLeMrSIqREv91jBb9xCesI+5OnY4/iNQ9l1HkoZBOic="},"indexInfo":{"baseKey":"BWdufkte/tg+/TzC4QVtH2M1GuHZHdlPO1HrRIWEG7tM","baseKeyType":1,"closed":-1,"used":1687174241661,"created":1687170810993,"remoteIdentityKey":"BSxlpyKtXkFDJD/T+Kvl3zo12/Dl8oE1ZI7onvXH2h4X"},"_chains":{"BXQyFp75S9UW3ec8Q3rI/SwNTSqYnhSfJmuySFJp9LoE":{"chainKey":{"counter":1,"key":"YKS/7mEHPujtmk0WhSD/gbUbvSgBoYyCmpQRCd/gTbw="},"chainType":2,"messageKeys":{}},"Bbf+rchrS2wrx5paMgvLmKn1PCUooE6QGzjdlFgk/F4c":{"chainKey":{"counter":-1,"key":"IrRHmjCJIIZK7e5/37dQS7pdlTr5/ghvBo9tJ2Q5gPI="},"chainType":1,"messageKeys":{}}}}},"version":"v1"}