{"_sessions":{"BclaGYTY3AtmUMiFryFfxoS8aRrKBWJ149oyd9cuzJBU":{"registrationId":527955766,"currentRatchet":{"ephemeralKeyPair":{"pubKey":"BSoaMhLOTq1bt5IBR/WzMcL3B/w62zEohuQ6VOnpWNNS","privKey":"eLb0HsX+pB5iXDFvWQQ8tYbAS7C5ouhrnO6WfM7qOH8="},"lastRemoteEphemeralKey":"Bf9yjftnYQ8m6QbcYlVgNmBfeVIEPSNv2m3X+eGOdm43","previousCounter":0,"rootKey":"08HZNFsxOuVav+5s+hkoV8lFpbTNMBz/2YPdhjtIem0="},"indexInfo":{"baseKey":"BclaGYTY3AtmUMiFryFfxoS8aRrKBWJ149oyd9cuzJBU","baseKeyType":1,"closed":1687174579259,"used":1687170845924,"created":1687170845924,"remoteIdentityKey":"BRHE7RF4fz63DsBzc+7FdrdOHdXS7BMirHYBdX1WIiZT"},"_chains":{"BSoaMhLOTq1bt5IBR/WzMcL3B/w62zEohuQ6VOnpWNNS":{"chainKey":{"counter":0,"key":"DWVJ8tB1IcvyHVIZsBeWWzIIFBln2zZab70eBv4d334="},"chainType":1,"messageKeys":{}}},"pendingPreKey":{"signedKeyId":0,"baseKey":"BclaGYTY3AtmUMiFryFfxoS8aRrKBWJ149oyd9cuzJBU","preKeyId":988022}},"Bc+r1Mi24ZUCoQmVKSVDkX+4/o0tn7I/Y+Ah3DYT4n9y":{"registrationId":527955766,"currentRatchet":{"ephemeralKeyPair":{"pubKey":"BQkUJ+8c3wbYf27EaBkKGNPYMXttiFu8Nry1p27s5bQy","privKey":"CG4GSMn19KlTPLquszS0QJttopX1JVkfSLjPMVQeO2g="},"lastRemoteEphemeralKey":"Bf9yjftnYQ8m6QbcYlVgNmBfeVIEPSNv2m3X+eGOdm43","previousCounter":0,"rootKey":"7yzRvoBO3SVfGLezh4fn58xEsR91kORzG47pzBSBt/M="},"indexInfo":{"baseKey":"Bc+r1Mi24ZUCoQmVKSVDkX+4/o0tn7I/Y+Ah3DYT4n9y","baseKeyType":1,"closed":1687174591420,"used":1687174579181,"created":1687174579181,"remoteIdentityKey":"BRHE7RF4fz63DsBzc+7FdrdOHdXS7BMirHYBdX1WIiZT"},"_chains":{"BQkUJ+8c3wbYf27EaBkKGNPYMXttiFu8Nry1p27s5bQy":{"chainKey":{"counter":-1,"key":"UkRApR9026hnbyePA/DCUEiTO3Cay38HUTZHUuXzR5c="},"chainType":1,"messageKeys":{}}},"pendingPreKey":{"signedKeyId":0,"baseKey":"Bc+r1Mi24ZUCoQmVKSVDkX+4/o0tn7I/Y+Ah3DYT4n9y","preKeyId":987838}},"BcVUIVnPy8AFCcbV8wvL3sDtxXNEtPMw5jMe2uyYnOdU":{"registrationId":527955766,"currentRatchet":{"ephemeralKeyPair":{"pubKey":"BVCn73cfvO/G41PxxxY4Yu7dCU9UCSdH0iyJDqJ0sQtA","privKey":"CHBjedrFX4ItGHZUKn5MnvIYLXI7uwCVBCeHh6gP6nQ="},"lastRemoteEphemeralKey":"Bf9yjftnYQ8m6QbcYlVgNmBfeVIEPSNv2m3X+eGOdm43","previousCounter":0,"rootKey":"dV+tJb+sszSmsAusUIYT5LqZakJX+fiH4fturXRZxBM="},"indexInfo":{"baseKey":"BcVUIVnPy8AFCcbV8wvL3sDtxXNEtPMw5jMe2uyYnOdU","baseKeyType":1,"closed":1687174591754,"used":1687174591392,"created":1687174591392,"remoteIdentityKey":"BRHE7RF4fz63DsBzc+7FdrdOHdXS7BMirHYBdX1WIiZT"},"_chains":{"BVCn73cfvO/G41PxxxY4Yu7dCU9UCSdH0iyJDqJ0sQtA":{"chainKey":{"counter":-1,"key":"z+gUXzuOAb4x26bgg5tudEy16XWUpUV1GvO54EyBqKI="},"chainType":1,"messageKeys":{}}},"pendingPreKey":{"signedKeyId":0,"baseKey":"BcVUIVnPy8AFCcbV8wvL3sDtxXNEtPMw5jMe2uyYnOdU","preKeyId":988049}},"Bf42FJ0t2exSP8hbUN+a/oiwZB+qacZc9gC1K8rSsixc":{"registrationId":527955766,"currentRatchet":{"ephemeralKeyPair":{"pubKey":"BQETBXKTvEg1a8AyWI0K1Rv3IChFmQ/D3+Y2tXDI3JYv","privKey":"6NprEmU94xexJaqB1Gwcm6SokPaRBjpc5/3flwchEXc="},"lastRemoteEphemeralKey":"Bf9yjftnYQ8m6QbcYlVgNmBfeVIEPSNv2m3X+eGOdm43","previousCounter":0,"rootKey":"eZK9zpDG67PfzKIg8qglfeowwCGp+hb+aH3VbWiCLD0="},"indexInfo":{"baseKey":"Bf42FJ0t2exSP8hbUN+a/oiwZB+qacZc9gC1K8rSsixc","baseKeyType":1,"closed":1687174592310,"used":1687174591751,"created":1687174591751,"remoteIdentityKey":"BRHE7RF4fz63DsBzc+7FdrdOHdXS7BMirHYBdX1WIiZT"},"_chains":{"BQETBXKTvEg1a8AyWI0K1Rv3IChFmQ/D3+Y2tXDI3JYv":{"chainKey":{"counter":-1,"key":"WajZAnUx6/O/4uTukUxoeBMe/4BYeII2gT6wfos8hrs="},"chainType":1,"messageKeys":{}}},"pendingPreKey":{"signedKeyId":0,"baseKey":"Bf42FJ0t2exSP8hbUN+a/oiwZB+qacZc9gC1K8rSsixc","preKeyId":988030}},"BZcIqGtxKzJwAUmqdyUcqcYiclJfXfiwZ8GVqZM3W35+":{"registrationId":527955766,"currentRatchet":{"ephemeralKeyPair":{"pubKey":"BTcFPzIQkY0XMEhWqWYZw5YflSmAttWjU3/VMCaQieth","privKey":"mDc33y/VrghlFz9qJopJGyG4O77fC4dw2zylDyACkGE="},"lastRemoteEphemeralKey":"Bf9yjftnYQ8m6QbcYlVgNmBfeVIEPSNv2m3X+eGOdm43","previousCounter":0,"rootKey":"Cv5pHn0WCSCE8CRnAZEzZyL/BmY04r4ujE/lV+W4Dqo="},"indexInfo":{"baseKey":"BZcIqGtxKzJwAUmqdyUcqcYiclJfXfiwZ8GVqZM3W35+","baseKeyType":1,"closed":1687174592703,"used":1687174592293,"created":1687174592293,"remoteIdentityKey":"BRHE7RF4fz63DsBzc+7FdrdOHdXS7BMirHYBdX1WIiZT"},"_chains":{"BTcFPzIQkY0XMEhWqWYZw5YflSmAttWjU3/VMCaQieth":{"chainKey":{"counter":-1,"key":"kArjMuofdYZitODUkCA54rQ8TrgWsaCYvvbtvcnqkas="},"chainType":1,"messageKeys":{}}},"pendingPreKey":{"signedKeyId":0,"baseKey":"BZcIqGtxKzJwAUmqdyUcqcYiclJfXfiwZ8GVqZM3W35+","preKeyId":988126}},"BVK99r078cu9ePn9chaVKs/wtbZcz6PIHUiKbuB0Fagk":{"registrationId":527955766,"currentRatchet":{"ephemeralKeyPair":{"pubKey":"BVVFgYLqKIu1iNHGUMKcgzpgqs3Q4gjY94TCasylXV8V","privKey":"IEYscdqIfzNK+z/AjK087aLMmk4bpYNPbPoUHoerSHc="},"lastRemoteEphemeralKey":"Bf9yjftnYQ8m6QbcYlVgNmBfeVIEPSNv2m3X+eGOdm43","previousCounter":0,"rootKey":"4A9+OrYA3DOqoCiKdehAtC7GxnqTPN/Kvdy+Pnu7ces="},"indexInfo":{"baseKey":"BVK99r078cu9ePn9chaVKs/wtbZcz6PIHUiKbuB0Fagk","baseKeyType":1,"closed":1687174593098,"used":1687174592689,"created":1687174592689,"remoteIdentityKey":"BRHE7RF4fz63DsBzc+7FdrdOHdXS7BMirHYBdX1WIiZT"},"_chains":{"BVVFgYLqKIu1iNHGUMKcgzpgqs3Q4gjY94TCasylXV8V":{"chainKey":{"counter":-1,"key":"ew8M8bKT38fTHRCM7wr+avI6b45MH99BA19h/4D4X7c="},"chainType":1,"messageKeys":{}}},"pendingPreKey":{"signedKeyId":0,"baseKey":"BVK99r078cu9ePn9chaVKs/wtbZcz6PIHUiKbuB0Fagk","preKeyId":987994}},"BfM15bw1nVh1efz7J/bPPURHBbKEllf/FvJpWp0LSNNv":{"registrationId":527955766,"currentRatchet":{"ephemeralKeyPair":{"pubKey":"BcGvZMIaMpkdp2dvyltV6aoo1RuODGySoyh+X40JLk4a","privKey":"IH4l4zJ0V4k4OBYW0v8uLOCf6FMDNNpqawwhw2c6Gn0="},"lastRemoteEphemeralKey":"Bf9yjftnYQ8m6QbcYlVgNmBfeVIEPSNv2m3X+eGOdm43","previousCounter":0,"rootKey":"qPAr1e92qDSUqKZ6T2mq+WuIur7nIIeoSVoSFT5BlEs="},"indexInfo":{"baseKey":"BfM15bw1nVh1efz7J/bPPURHBbKEllf/FvJpWp0LSNNv","baseKeyType":1,"closed":1687174593554,"used":1687174593095,"created":1687174593095,"remoteIdentityKey":"BRHE7RF4fz63DsBzc+7FdrdOHdXS7BMirHYBdX1WIiZT"},"_chains":{"BcGvZMIaMpkdp2dvyltV6aoo1RuODGySoyh+X40JLk4a":{"chainKey":{"counter":-1,"key":"iApCvStkY7SQanowzCJVvrjbSKs+G29cTyBp2dRevtM="},"chainType":1,"messageKeys":{}}},"pendingPreKey":{"signedKeyId":0,"baseKey":"BfM15bw1nVh1efz7J/bPPURHBbKEllf/FvJpWp0LSNNv","preKeyId":988003}},"BajlZtq2jWEDhq0fJ4VXKSRXAW1+4H+7hDEIpISVxoNL":{"registrationId":527955766,"currentRatchet":{"ephemeralKeyPair":{"pubKey":"BcIy5jUitpjy73MlsnZ5u7oeZwhmqThE3wiBsWSY9FtO","privKey":"OGFNafGYA0dc1IUB61NSLTjvM4wpMeJMoIQ0cUBl2UA="},"lastRemoteEphemeralKey":"Bf9yjftnYQ8m6QbcYlVgNmBfeVIEPSNv2m3X+eGOdm43","previousCounter":0,"rootKey":"Z6MVTLM1I5EzH/dteabOpcjg1Q/dhx1CpfrUWS+wXfg="},"indexInfo":{"baseKey":"BajlZtq2jWEDhq0fJ4VXKSRXAW1+4H+7hDEIpISVxoNL","baseKeyType":1,"closed":1687174594156,"used":1687174593528,"created":1687174593528,"remoteIdentityKey":"BRHE7RF4fz63DsBzc+7FdrdOHdXS7BMirHYBdX1WIiZT"},"_chains":{"BcIy5jUitpjy73MlsnZ5u7oeZwhmqThE3wiBsWSY9FtO":{"chainKey":{"counter":-1,"key":"RdgJZhPCCXj3QF6t4PBSqXjXB6Oc5f+rWfx1JNK5Ghs="},"chainType":1,"messageKeys":{}}},"pendingPreKey":{"signedKeyId":0,"baseKey":"BajlZtq2jWEDhq0fJ4VXKSRXAW1+4H+7hDEIpISVxoNL","preKeyId":987925}},"BW4hUWjx1W7ItRF7xWmO/ugydF44Vb6/VIQm+6MdKEVJ":{"registrationId":527955766,"currentRatchet":{"ephemeralKeyPair":{"pubKey":"BYeKyEc9JL/ZQP8yZoQh//53HHLCfeBv+8lQy5Hp0Vke","privKey":"mDmUPq0FN1iDgSNgPx0NJu/Qb/VZcxeuQlsFfzrOZHw="},"lastRemoteEphemeralKey":"Bf9yjftnYQ8m6QbcYlVgNmBfeVIEPSNv2m3X+eGOdm43","previousCounter":0,"rootKey":"u+jSzE18qIpg9RKnNMQFXd7UBFDPaGr219tA9WtBS60="},"indexInfo":{"baseKey":"BW4hUWjx1W7ItRF7xWmO/ugydF44Vb6/VIQm+6MdKEVJ","baseKeyType":1,"closed":1687174594620,"used":1687174594137,"created":1687174594137,"remoteIdentityKey":"BRHE7RF4fz63DsBzc+7FdrdOHdXS7BMirHYBdX1WIiZT"},"_chains":{"BYeKyEc9JL/ZQP8yZoQh//53HHLCfeBv+8lQy5Hp0Vke":{"chainKey":{"counter":-1,"key":"DZR2mhAYTiLy+8LJfhIKR0FHOhEG/WVkmfO9uHHeYZQ="},"chainType":1,"messageKeys":{}}},"pendingPreKey":{"signedKeyId":0,"baseKey":"BW4hUWjx1W7ItRF7xWmO/ugydF44Vb6/VIQm+6MdKEVJ","preKeyId":988142}},"BYCXifA3JM0pK3BL2dGUldANeU33lYThitlJkFkVbBxc":{"registrationId":527955766,"currentRatchet":{"ephemeralKeyPair":{"pubKey":"BQ/7H7kF2YyFF3+MR2NQLqMhlNBnbqX6G6mwxKgMcHJ/","privKey":"2FFgK0zWT7V6SjVcbDuIu5x2xU78bXFZ1JOKZG+hgWk="},"lastRemoteEphemeralKey":"Bf9yjftnYQ8m6QbcYlVgNmBfeVIEPSNv2m3X+eGOdm43","previousCounter":0,"rootKey":"uEFJ77uHHM/qrhgqUI/oLTXHdYTP6f2ysmP8YmZfFDw="},"indexInfo":{"baseKey":"BYCXifA3JM0pK3BL2dGUldANeU33lYThitlJkFkVbBxc","baseKeyType":1,"closed":1687174595163,"used":1687174594614,"created":1687174594614,"remoteIdentityKey":"BRHE7RF4fz63DsBzc+7FdrdOHdXS7BMirHYBdX1WIiZT"},"_chains":{"BQ/7H7kF2YyFF3+MR2NQLqMhlNBnbqX6G6mwxKgMcHJ/":{"chainKey":{"counter":-1,"key":"1qyKGhA05NCBO80gvPin9pQwW0z/ikLS9fd+nZMXckg="},"chainType":1,"messageKeys":{}}},"pendingPreKey":{"signedKeyId":0,"baseKey":"BYCXifA3JM0pK3BL2dGUldANeU33lYThitlJkFkVbBxc","preKeyId":987903}},"BX5GMU6kFByA8jF+uvJh8jTzeLFDc0utPjvw23sfLSp4":{"registrationId":527955766,"currentRatchet":{"ephemeralKeyPair":{"pubKey":"BV7hN693AD6S+2XMw5bFT134SeVPXzwOGZNaWdPN5vdj","privKey":"YDtTdky03Wo9DoLJkegBC2pPktyiiFkTyYQ3pbx5Hmc="},"lastRemoteEphemeralKey":"Bf9yjftnYQ8m6QbcYlVgNmBfeVIEPSNv2m3X+eGOdm43","previousCounter":0,"rootKey":"jwuNJRhIdF6oQLcnlrrpl0VI4hzmK4ictwoccoLml1U="},"indexInfo":{"baseKey":"BX5GMU6kFByA8jF+uvJh8jTzeLFDc0utPjvw23sfLSp4","baseKeyType":1,"closed":1687174595645,"used":1687174595157,"created":1687174595157,"remoteIdentityKey":"BRHE7RF4fz63DsBzc+7FdrdOHdXS7BMirHYBdX1WIiZT"},"_chains":{"BV7hN693AD6S+2XMw5bFT134SeVPXzwOGZNaWdPN5vdj":{"chainKey":{"counter":-1,"key":"q+ykgf9ibTq09AI1EhY9/Fb/WNt4EK75AdSmI2NQKso="},"chainType":1,"messageKeys":{}}},"pendingPreKey":{"signedKeyId":0,"baseKey":"BX5GMU6kFByA8jF+uvJh8jTzeLFDc0utPjvw23sfLSp4","preKeyId":988005}},"BauVAQVLXYxNHalzN4d+xzInG3M4gUjTD1a/2cIfDCdd":{"registrationId":527955766,"currentRatchet":{"ephemeralKeyPair":{"pubKey":"BakVZdme2XhN5BLulxCDUgSjCNd25Knum+vWjOuGvR8R","privKey":"AEPkhO1mhtMTeqAcYIczkRs00EoRwoDdLH77Zsd4cGY="},"lastRemoteEphemeralKey":"Bf9yjftnYQ8m6QbcYlVgNmBfeVIEPSNv2m3X+eGOdm43","previousCounter":0,"rootKey":"bA6X8TgGwNaJByE1mH8d+8bUDyWOy2SZV5KqutXaPF8="},"indexInfo":{"baseKey":"BauVAQVLXYxNHalzN4d+xzInG3M4gUjTD1a/2cIfDCdd","baseKeyType":1,"closed":1687174596071,"used":1687174595634,"created":1687174595634,"remoteIdentityKey":"BRHE7RF4fz63DsBzc+7FdrdOHdXS7BMirHYBdX1WIiZT"},"_chains":{"BakVZdme2XhN5BLulxCDUgSjCNd25Knum+vWjOuGvR8R":{"chainKey":{"counter":-1,"key":"q6RtXpcjLL0CqsykcH7tDu8l9PweYwHX5xZO0dszvIQ="},"chainType":1,"messageKeys":{}}},"pendingPreKey":{"signedKeyId":0,"baseKey":"BauVAQVLXYxNHalzN4d+xzInG3M4gUjTD1a/2cIfDCdd","preKeyId":988054}},"BU/6yBT/gWrRbyJDR0E+isVY36fYP0AODKAoYuIViC9F":{"registrationId":527955766,"currentRatchet":{"ephemeralKeyPair":{"pubKey":"BRFSw7AqTX4z8hjLHenLo5J21qYxzkKkZGXa/oQiU7Ub","privKey":"iBGUIYwRPs9WaIciSsWWg8gFIVyG77cWfZhcX2fxNX0="},"lastRemoteEphemeralKey":"Bf9yjftnYQ8m6QbcYlVgNmBfeVIEPSNv2m3X+eGOdm43","previousCounter":0,"rootKey":"fFdLSkQwoNoIteikNaDOD93lf9hmotkVOBXfysqoURY="},"indexInfo":{"baseKey":"BU/6yBT/gWrRbyJDR0E+isVY36fYP0AODKAoYuIViC9F","baseKeyType":1,"closed":1687174596533,"used":1687174596067,"created":1687174596067,"remoteIdentityKey":"BRHE7RF4fz63DsBzc+7FdrdOHdXS7BMirHYBdX1WIiZT"},"_chains":{"BRFSw7AqTX4z8hjLHenLo5J21qYxzkKkZGXa/oQiU7Ub":{"chainKey":{"counter":-1,"key":"L7p2XuZNDOE62OqFI3XPy33YbQzVsgCkX8D0NGfo/S8="},"chainType":1,"messageKeys":{}}},"pendingPreKey":{"signedKeyId":0,"baseKey":"BU/6yBT/gWrRbyJDR0E+isVY36fYP0AODKAoYuIViC9F","preKeyId":987992}},"BR3DsQHl0cI6ReI61SZU9YhReb42MaLPjHvdMCiVF9wd":{"registrationId":527955766,"currentRatchet":{"ephemeralKeyPair":{"pubKey":"BaaDknC3clxnFVDAbI8LBybnwSGi+ZqbKkHJogEm8rd5","privKey":"0JP5Ja1c5fKCgH8/UUlWgP+kcRiDDHT8kMDfNrhHoGw="},"lastRemoteEphemeralKey":"Bf9yjftnYQ8m6QbcYlVgNmBfeVIEPSNv2m3X+eGOdm43","previousCounter":0,"rootKey":"udFLxRgitzWRz6VDvLAbkI8r5/oVWyGqrxLYSWrKS3Y="},"indexInfo":{"baseKey":"BR3DsQHl0cI6ReI61SZU9YhReb42MaLPjHvdMCiVF9wd","baseKeyType":1,"closed":1687174597035,"used":1687174596477,"created":1687174596477,"remoteIdentityKey":"BRHE7RF4fz63DsBzc+7FdrdOHdXS7BMirHYBdX1WIiZT"},"_chains":{"BaaDknC3clxnFVDAbI8LBybnwSGi+ZqbKkHJogEm8rd5":{"chainKey":{"counter":-1,"key":"7XSNi3vcVfAFDOYGbt4tb8wSSsb6DTANybeY9i9CivM="},"chainType":1,"messageKeys":{}}},"pendingPreKey":{"signedKeyId":0,"baseKey":"BR3DsQHl0cI6ReI61SZU9YhReb42MaLPjHvdMCiVF9wd","preKeyId":988006}},"BfpuEmPBGEVdkE1ycEfgCUDT2YA3XAiI75S1229BxclO":{"registrationId":527955766,"currentRatchet":{"ephemeralKeyPair":{"pubKey":"BTfRFQABoXl0s4Y3SWsL8NCOXSwKPbT2SsLsAGFePylu","privKey":"+FCkDESh28fLkdIJ+YITXC63lIOr+S/cSFHlTSHvm1I="},"lastRemoteEphemeralKey":"Bf9yjftnYQ8m6QbcYlVgNmBfeVIEPSNv2m3X+eGOdm43","previousCounter":0,"rootKey":"Qv118sbedZH55txVcTcXqHDYOlHwC50uenZDt4Qio/M="},"indexInfo":{"baseKey":"BfpuEmPBGEVdkE1ycEfgCUDT2YA3XAiI75S1229BxclO","baseKeyType":1,"closed":1687174597761,"used":1687174597031,"created":1687174597031,"remoteIdentityKey":"BRHE7RF4fz63DsBzc+7FdrdOHdXS7BMirHYBdX1WIiZT"},"_chains":{"BTfRFQABoXl0s4Y3SWsL8NCOXSwKPbT2SsLsAGFePylu":{"chainKey":{"counter":-1,"key":"gyk3Fz7XjRiwUBCAKcynN7grv4/j/4uS8KKoc1WZZHg="},"chainType":1,"messageKeys":{}}},"pendingPreKey":{"signedKeyId":0,"baseKey":"BfpuEmPBGEVdkE1ycEfgCUDT2YA3XAiI75S1229BxclO","preKeyId":988027}},"BRWJ3+u1luDJ0TT3h9Ac2RJxqMBleEsFtbLybYuM63Me":{"registrationId":527955766,"currentRatchet":{"ephemeralKeyPair":{"pubKey":"BdxuF6TRpPVcU63ATfRReIud1DyS9DKoqG8HSZtX+3Yc","privKey":"oIG2keAZTtFbsV2v/5paSkHWtDs9oC2rputRFTUFRFM="},"lastRemoteEphemeralKey":"Bf9yjftnYQ8m6QbcYlVgNmBfeVIEPSNv2m3X+eGOdm43","previousCounter":0,"rootKey":"48rDLc/sSiBXyGA9s+XyRluflu0IlTnExZoBftOX7zs="},"indexInfo":{"baseKey":"BRWJ3+u1luDJ0TT3h9Ac2RJxqMBleEsFtbLybYuM63Me","baseKeyType":1,"closed":1687174598118,"used":1687174597755,"created":1687174597755,"remoteIdentityKey":"BRHE7RF4fz63DsBzc+7FdrdOHdXS7BMirHYBdX1WIiZT"},"_chains":{"BdxuF6TRpPVcU63ATfRReIud1DyS9DKoqG8HSZtX+3Yc":{"chainKey":{"counter":-1,"key":"1gzNDGLWTvfpA+yylIpcEobLMf/ifirqMoVIR2/gI8g="},"chainType":1,"messageKeys":{}}},"pendingPreKey":{"signedKeyId":0,"baseKey":"BRWJ3+u1luDJ0TT3h9Ac2RJxqMBleEsFtbLybYuM63Me","preKeyId":988108}},"BbLzjb/3ppcjCF+WvE2iNvMm81dmykvP7k3iI7eHYtk6":{"registrationId":527955766,"currentRatchet":{"ephemeralKeyPair":{"pubKey":"BX3Fq82llRnrr7kHmP6nwfM9uhlStro6o4f5DZk8j4Ep","privKey":"YBDfIQOAjg82MwU541BDHvNFcU4xkarXL7PP2fH6k2g="},"lastRemoteEphemeralKey":"Bf9yjftnYQ8m6QbcYlVgNmBfeVIEPSNv2m3X+eGOdm43","previousCounter":0,"rootKey":"Twjg3mgtJlpPHlcbIPJxmkFOhn8jgHxVwyQ5pL/tRaI="},"indexInfo":{"baseKey":"BbLzjb/3ppcjCF+WvE2iNvMm81dmykvP7k3iI7eHYtk6","baseKeyType":1,"closed":1687174598516,"used":1687174598111,"created":1687174598111,"remoteIdentityKey":"BRHE7RF4fz63DsBzc+7FdrdOHdXS7BMirHYBdX1WIiZT"},"_chains":{"BX3Fq82llRnrr7kHmP6nwfM9uhlStro6o4f5DZk8j4Ep":{"chainKey":{"counter":-1,"key":"1ljqp3bS/HbZ/mXZQqeUPSt8+saGF7DlEKsk2RhgO7Q="},"chainType":1,"messageKeys":{}}},"pendingPreKey":{"signedKeyId":0,"baseKey":"BbLzjb/3ppcjCF+WvE2iNvMm81dmykvP7k3iI7eHYtk6","preKeyId":987949}},"Bd561HiNzHvi5vbEDntvWMTKKeflDUhtm09rhNuKN/QR":{"registrationId":527955766,"currentRatchet":{"ephemeralKeyPair":{"pubKey":"Bc53ZhTyQ5aWvBvCaoYpM0HkaHPHvfmY1ze66KNTrw09","privKey":"QEcDBbkv82/DkprGQUhf7dGvtCngYbsXXf74D9ZjH1A="},"lastRemoteEphemeralKey":"Bf9yjftnYQ8m6QbcYlVgNmBfeVIEPSNv2m3X+eGOdm43","previousCounter":0,"rootKey":"8RXgi1nF3LCm1c3WJjaYK5okoK8P6S9wRPD8bGvxZZw="},"indexInfo":{"baseKey":"Bd561HiNzHvi5vbEDntvWMTKKeflDUhtm09rhNuKN/QR","baseKeyType":1,"closed":1687174599309,"used":1687174598506,"created":1687174598506,"remoteIdentityKey":"BRHE7RF4fz63DsBzc+7FdrdOHdXS7BMirHYBdX1WIiZT"},"_chains":{"Bc53ZhTyQ5aWvBvCaoYpM0HkaHPHvfmY1ze66KNTrw09":{"chainKey":{"counter":-1,"key":"caJYNqiibqLq67C06RIw/HyMi5rbxsRrn4H15hWDHnA="},"chainType":1,"messageKeys":{}}},"pendingPreKey":{"signedKeyId":0,"baseKey":"Bd561HiNzHvi5vbEDntvWMTKKeflDUhtm09rhNuKN/QR","preKeyId":988023}},"BY34cOhFAwKA7SF+xerH76Moj0a9s3XRM/BuEoZRWuBG":{"registrationId":527955766,"currentRatchet":{"ephemeralKeyPair":{"pubKey":"BelqsgOIbQocmy2XSOvTSUaW75uZgya31bv0tjVzWsgC","privKey":"oMCKZzalNmgBa/fJ1skfP62AZ9WuvOWWtWi5c/8ZSUE="},"lastRemoteEphemeralKey":"Bf9yjftnYQ8m6QbcYlVgNmBfeVIEPSNv2m3X+eGOdm43","previousCounter":0,"rootKey":"3HLhXBSIexaN2hhK7j6OpKIYdeflMfvB0T2ul6dqohs="},"indexInfo":{"baseKey":"BY34cOhFAwKA7SF+xerH76Moj0a9s3XRM/BuEoZRWuBG","baseKeyType":1,"closed":1687174599730,"used":1687174599304,"created":1687174599304,"remoteIdentityKey":"BRHE7RF4fz63DsBzc+7FdrdOHdXS7BMirHYBdX1WIiZT"},"_chains":{"BelqsgOIbQocmy2XSOvTSUaW75uZgya31bv0tjVzWsgC":{"chainKey":{"counter":-1,"key":"OOjpnfhpgOG2yHnDiJb9EoaCDbPqraC8gDEvHNkaNNw="},"chainType":1,"messageKeys":{}}},"pendingPreKey":{"signedKeyId":0,"baseKey":"BY34cOhFAwKA7SF+xerH76Moj0a9s3XRM/BuEoZRWuBG","preKeyId":987861}},"BbWA+1jSoZq03aEDXj59g/YVL7JCUDfAx7jBbUZn7a9k":{"registrationId":527955766,"currentRatchet":{"ephemeralKeyPair":{"pubKey":"BVnz0WqYnmU+h988mQH9PjgB/TUP+29xb1y0riyDn4Z7","privKey":"sA/v/1cW52Wha8cow6eQLhn/qd14E422hLQnNIYPe0c="},"lastRemoteEphemeralKey":"Bf9yjftnYQ8m6QbcYlVgNmBfeVIEPSNv2m3X+eGOdm43","previousCounter":0,"rootKey":"WglBqPJwWOEKhlL5yJJx10IDbIqm5uiMgvE7OqL8THk="},"indexInfo":{"baseKey":"BbWA+1jSoZq03aEDXj59g/YVL7JCUDfAx7jBbUZn7a9k","baseKeyType":1,"closed":1687174600166,"used":1687174599726,"created":1687174599726,"remoteIdentityKey":"BRHE7RF4fz63DsBzc+7FdrdOHdXS7BMirHYBdX1WIiZT"},"_chains":{"BVnz0WqYnmU+h988mQH9PjgB/TUP+29xb1y0riyDn4Z7":{"chainKey":{"counter":-1,"key":"1d3M9Vys/YF47qzzXYH2qTFGWI+S1ZWh5VaXQnJ8Yqk="},"chainType":1,"messageKeys":{}}},"pendingPreKey":{"signedKeyId":0,"baseKey":"BbWA+1jSoZq03aEDXj59g/YVL7JCUDfAx7jBbUZn7a9k","preKeyId":987771}},"BYgjHI64O7gOuZnt8SC7C/jP+rEVvJ60T48aJSesDrZf":{"registrationId":527955766,"currentRatchet":{"ephemeralKeyPair":{"pubKey":"Ba3e4nd9oj7iUuD0Xq+QOGwjje3SNePALYInuWEunCcL","privKey":"CFIhZ3YNWihWFL1dzkcphRj7blEmE7QktvHAagkrK0E="},"lastRemoteEphemeralKey":"Bf9yjftnYQ8m6QbcYlVgNmBfeVIEPSNv2m3X+eGOdm43","previousCounter":0,"rootKey":"DqaB/663xH3fHxDxsGse5PFaljEaGFPouuNOyGrrpUc="},"indexInfo":{"baseKey":"BYgjHI64O7gOuZnt8SC7C/jP+rEVvJ60T48aJSesDrZf","baseKeyType":1,"closed":1687174600548,"used":1687174600161,"created":1687174600161,"remoteIdentityKey":"BRHE7RF4fz63DsBzc+7FdrdOHdXS7BMirHYBdX1WIiZT"},"_chains":{"Ba3e4nd9oj7iUuD0Xq+QOGwjje3SNePALYInuWEunCcL":{"chainKey":{"counter":-1,"key":"GLq0Crxi/vwSVvWaGGDwRN3tEhQrZN9O4QXejT+VGx8="},"chainType":1,"messageKeys":{}}},"pendingPreKey":{"signedKeyId":0,"baseKey":"BYgjHI64O7gOuZnt8SC7C/jP+rEVvJ60T48aJSesDrZf","preKeyId":988025}},"BcKcIri3YRDYwYS9wfbh/QTd6xC7hGQx0XWqdP7mehld":{"registrationId":527955766,"currentRatchet":{"ephemeralKeyPair":{"pubKey":"BW/ar+nCOms9u07UnUodRp789Hf0Mhjj8SjDK3c3nFkq","privKey":"wDQIzMLHy93xwkXtjRYCGKPTsuxwK7Zyps8MtmJ6NmA="},"lastRemoteEphemeralKey":"Bf9yjftnYQ8m6QbcYlVgNmBfeVIEPSNv2m3X+eGOdm43","previousCounter":0,"rootKey":"P31upXylBczV7ql2uYdQ+OMhMERBC0jpFXdqKo8VTQ8="},"indexInfo":{"baseKey":"BcKcIri3YRDYwYS9wfbh/QTd6xC7hGQx0XWqdP7mehld","baseKeyType":1,"closed":1687174600898,"used":1687174600482,"created":1687174600482,"remoteIdentityKey":"BRHE7RF4fz63DsBzc+7FdrdOHdXS7BMirHYBdX1WIiZT"},"_chains":{"BW/ar+nCOms9u07UnUodRp789Hf0Mhjj8SjDK3c3nFkq":{"chainKey":{"counter":-1,"key":"zs3sAce20rPEnGWMq2wWwu9dpc/Gm3XK060CGpOUolk="},"chainType":1,"messageKeys":{}}},"pendingPreKey":{"signedKeyId":0,"baseKey":"BcKcIri3YRDYwYS9wfbh/QTd6xC7hGQx0XWqdP7mehld","preKeyId":988302}},"BbkeXM0FXifeBuUy/vRVS082TeFUd3DH/Q/RX+Ymmtt8":{"registrationId":527955766,"currentRatchet":{"ephemeralKeyPair":{"pubKey":"BQZ48/JjUH+N+D0C+9gsWwwQsf2m9moDAgj8emWXI+oW","privKey":"kNQryWqMGgaEIn25ZccUh1U+qbdd9CNEcl4W/kC4XHc="},"lastRemoteEphemeralKey":"Bf9yjftnYQ8m6QbcYlVgNmBfeVIEPSNv2m3X+eGOdm43","previousCounter":0,"rootKey":"z0aMaF8sOMCPptrNJ/F2v2jLIJ2CCDfcHQOYRAKOxIY="},"indexInfo":{"baseKey":"BbkeXM0FXifeBuUy/vRVS082TeFUd3DH/Q/RX+Ymmtt8","baseKeyType":1,"closed":1687174601205,"used":1687174600870,"created":1687174600870,"remoteIdentityKey":"BRHE7RF4fz63DsBzc+7FdrdOHdXS7BMirHYBdX1WIiZT"},"_chains":{"BQZ48/JjUH+N+D0C+9gsWwwQsf2m9moDAgj8emWXI+oW":{"chainKey":{"counter":-1,"key":"0G3dWjXqPvKgnYgJOGKz4gqfwBiyms+eMsjyWyV2/IM="},"chainType":1,"messageKeys":{}}},"pendingPreKey":{"signedKeyId":0,"baseKey":"BbkeXM0FXifeBuUy/vRVS082TeFUd3DH/Q/RX+Ymmtt8","preKeyId":988032}},"BbjWqEguQjmAmBMepUz0N//Hs8gpz+0gfhKEgv4Qw9Yf":{"registrationId":527955766,"currentRatchet":{"ephemeralKeyPair":{"pubKey":"BXBz0WmQXUTd2kjXqgONFQj1bPg98c0/w7GjfC17u1Na","privKey":"0M3QHSU62mdeefDOGMo6wiZ4hSSPXYVe6pLrGE8Vp3o="},"lastRemoteEphemeralKey":"Bf9yjftnYQ8m6QbcYlVgNmBfeVIEPSNv2m3X+eGOdm43","previousCounter":0,"rootKey":"IRjeSi9nWV5NUASAlTy/bQeJisMdMCdubxkOLeXMR+8="},"indexInfo":{"baseKey":"BbjWqEguQjmAmBMepUz0N//Hs8gpz+0gfhKEgv4Qw9Yf","baseKeyType":1,"closed":1687174601646,"used":1687174601201,"created":1687174601201,"remoteIdentityKey":"BRHE7RF4fz63DsBzc+7FdrdOHdXS7BMirHYBdX1WIiZT"},"_chains":{"BXBz0WmQXUTd2kjXqgONFQj1bPg98c0/w7GjfC17u1Na":{"chainKey":{"counter":-1,"key":"CKUHmc/CEV/SPkwGbf62yXbnKiYERDvItl1LxxsdME0="},"chainType":1,"messageKeys":{}}},"pendingPreKey":{"signedKeyId":0,"baseKey":"BbjWqEguQjmAmBMepUz0N//Hs8gpz+0gfhKEgv4Qw9Yf","preKeyId":988012}},"Bff6P5s/W5Zj9Z7zxcyhnta83JwiL7YOTRJrKm/frdQ4":{"registrationId":527955766,"currentRatchet":{"ephemeralKeyPair":{"pubKey":"Beqw1IzfqV2/lr7PXDcoRCKdq0lFAOms32p/b4YQakNP","privKey":"WJRCHvovCQJi6eyio9mtEXhvBgUpNy6wN/uvPixki3Y="},"lastRemoteEphemeralKey":"Bf9yjftnYQ8m6QbcYlVgNmBfeVIEPSNv2m3X+eGOdm43","previousCounter":0,"rootKey":"kCGLSLwzrpOtBD6X8C/sGPzMW7WkxD+yfjQ9iPdo8iU="},"indexInfo":{"baseKey":"Bff6P5s/W5Zj9Z7zxcyhnta83JwiL7YOTRJrKm/frdQ4","baseKeyType":1,"closed":1687174601951,"used":1687174601576,"created":1687174601576,"remoteIdentityKey":"BRHE7RF4fz63DsBzc+7FdrdOHdXS7BMirHYBdX1WIiZT"},"_chains":{"Beqw1IzfqV2/lr7PXDcoRCKdq0lFAOms32p/b4YQakNP":{"chainKey":{"counter":-1,"key":"ucF/KwWptAuuECx6rqk6ZcYqC6yupvzpOKRAXR+19lk="},"chainType":1,"messageKeys":{}}},"pendingPreKey":{"signedKeyId":0,"baseKey":"Bff6P5s/W5Zj9Z7zxcyhnta83JwiL7YOTRJrKm/frdQ4","preKeyId":987700}},"BU0ovOfzhdkR+WFxlUkKTQFqht7IxP1aEg1sCkTglq5w":{"registrationId":527955766,"currentRatchet":{"ephemeralKeyPair":{"pubKey":"BaLlLNxtnS7lCek0oWscYGymcFRO2zb4z3PiQ5o46Ywb","privKey":"sPdTpcyi1c2MmHfAe/FTS+T2eoDMHGJREz3P9tedOGA="},"lastRemoteEphemeralKey":"Bf9yjftnYQ8m6QbcYlVgNmBfeVIEPSNv2m3X+eGOdm43","previousCounter":0,"rootKey":"U6WYUE+vUQNC5HWA8k78jgPht0WOdMW9Ik4bCz6gd3w="},"indexInfo":{"baseKey":"BU0ovOfzhdkR+WFxlUkKTQFqht7IxP1aEg1sCkTglq5w","baseKeyType":1,"closed":1687174602293,"used":1687174601943,"created":1687174601943,"remoteIdentityKey":"BRHE7RF4fz63DsBzc+7FdrdOHdXS7BMirHYBdX1WIiZT"},"_chains":{"BaLlLNxtnS7lCek0oWscYGymcFRO2zb4z3PiQ5o46Ywb":{"chainKey":{"counter":-1,"key":"oTteC1CuuOu6oEeoyj2Tt1B9cO75HRqjqm/vuMid6go="},"chainType":1,"messageKeys":{}}},"pendingPreKey":{"signedKeyId":0,"baseKey":"BU0ovOfzhdkR+WFxlUkKTQFqht7IxP1aEg1sCkTglq5w","preKeyId":987972}},"BQFqp8uWZerdIqH6JPJ84UGbef4TBleQ+iaqYGIBZiZb":{"registrationId":527955766,"currentRatchet":{"ephemeralKeyPair":{"pubKey":"BV030g2XJ0aIWZdXdiAfOwvLTicivtgI9lrQibvCdi8n","privKey":"YL5ELXoSX5xCDLIse4ZhiPEP0cEmZe2furVb26Ca9EM="},"lastRemoteEphemeralKey":"Bf9yjftnYQ8m6QbcYlVgNmBfeVIEPSNv2m3X+eGOdm43","previousCounter":0,"rootKey":"RC7DOvK0s/5migIeJFf+SUO13dDoNwsJD4xd0kcFE7M="},"indexInfo":{"baseKey":"BQFqp8uWZerdIqH6JPJ84UGbef4TBleQ+iaqYGIBZiZb","baseKeyType":1,"closed":-1,"used":1687174602289,"created":1687174602289,"remoteIdentityKey":"BRHE7RF4fz63DsBzc+7FdrdOHdXS7BMirHYBdX1WIiZT"},"_chains":{"BV030g2XJ0aIWZdXdiAfOwvLTicivtgI9lrQibvCdi8n":{"chainKey":{"counter":0,"key":"Hxwb3gd1DXpLwMKTkBDfbv/+KwAlyBHR2y7KNUExP+I="},"chainType":1,"messageKeys":{}}},"pendingPreKey":{"signedKeyId":0,"baseKey":"BQFqp8uWZerdIqH6JPJ84UGbef4TBleQ+iaqYGIBZiZb","preKeyId":987959}}},"version":"v1"}