{"_sessions":{"BToep+5LDUJa4/5XkqGmUrEgIYCL9euXq25qfYTakkMh":{"registrationId":827503806,"currentRatchet":{"ephemeralKeyPair":{"pubKey":"BWmAOwIwib9iBrm7CDFJNx2uQ/rz20IOzCaCvM9O/MkR","privKey":"GLndibcCxNsf7w3xSww3HLRwQnizs8/sdpzJ6bdmBnY="},"lastRemoteEphemeralKey":"BQ7HEjIUGBOyEMMknWRl4oCwM8I2Zw2yBbVu+UgTfFoi","previousCounter":0,"rootKey":"zYNVDAkqlXUIHiyqhdFwT0qm8qOUg0NNiWAJuKJZsfw="},"indexInfo":{"baseKey":"BToep+5LDUJa4/5XkqGmUrEgIYCL9euXq25qfYTakkMh","baseKeyType":1,"closed":-1,"used":1687170845658,"created":1687170845658,"remoteIdentityKey":"BfBc5iTQGJYWHrE6HP/63AMUhLs4RwgrUBVodeob+XFi"},"_chains":{"BWmAOwIwib9iBrm7CDFJNx2uQ/rz20IOzCaCvM9O/MkR":{"chainKey":{"counter":1,"key":"isYDH+yO8ROyoy+KWJZjHppFqyXPVXLmN9LK8p+zBgg="},"chainType":1,"messageKeys":{}}},"pendingPreKey":{"signedKeyId":23,"baseKey":"BToep+5LDUJa4/5XkqGmUrEgIYCL9euXq25qfYTakkMh","preKeyId":6066520}}},"version":"v1"}