{"_sessions":{"BSo93BMT7Ou854E+KbCgWmYA2u6vbXYQVDYnEUT7Oj1Z":{"registrationId":1375548159,"currentRatchet":{"ephemeralKeyPair":{"pubKey":"Bclj/BI/SI8on8vx38LZgbUWnkGyuOhrXZGmF9q/1wIx","privKey":"kDD32rBIqhaJ0ADBDzZyDdCyWK/4126K1g6K/Rc4DVk="},"lastRemoteEphemeralKey":"BYCwAKWrftgq9XMmMEQLKaZeY23G0Nz8MWrnRlNHTloN","previousCounter":0,"rootKey":"6uYQT3eqQLW2+a8FNBS3OBCgUR+Hd5NrsbmlqZS77C4="},"indexInfo":{"baseKey":"BSo93BMT7Ou854E+KbCgWmYA2u6vbXYQVDYnEUT7Oj1Z","baseKeyType":1,"closed":-1,"used":1687174293219,"created":1687170810942,"remoteIdentityKey":"BVMs0mkicx+TGfcp6zPTUdtx9ihe66j3WsOhrDypOt1k"},"_chains":{"BYCwAKWrftgq9XMmMEQLKaZeY23G0Nz8MWrnRlNHTloN":{"chainKey":{"counter":2,"key":"ohn1oUCQBRsIWtFRoZamc39cCLW65m0wWfzQsF0oGsg="},"chainType":2,"messageKeys":{}},"Bclj/BI/SI8on8vx38LZgbUWnkGyuOhrXZGmF9q/1wIx":{"chainKey":{"counter":-1,"key":"/sbBf/MZO+os371Ik1VJbAAhwxHUSGg6l2sgSLNdi+c="},"chainType":1,"messageKeys":{}}}}},"version":"v1"}