{"_sessions":{"BTq11LDHdBw+1BOtMSEXM32SIpqvoTyqz/MG4u/wWmYK":{"registrationId":772114392,"currentRatchet":{"ephemeralKeyPair":{"pubKey":"BZDRR37SpXySRWD7OPbRXJ0oShUZme8IZeVsqEN9690Y","privKey":"II2hHLlOmgbbnn7ZbHp7NZr2jzwyK/Rvqmu+WitvI2c="},"lastRemoteEphemeralKey":"BeQLtnrlsGpEqYTwgQvHWRALwrZH5bsPepQcEcS4nfVK","previousCounter":0,"rootKey":"d/uPuozOhSr4YOKVTkmLAzRdZAB3srLYiR4yc6cLGx0="},"indexInfo":{"baseKey":"BTq11LDHdBw+1BOtMSEXM32SIpqvoTyqz/MG4u/wWmYK","baseKeyType":1,"closed":-1,"used":1687170810964,"created":1687170810964,"remoteIdentityKey":"BcNOHvM0cLZZlM90T814pHRGmrPiJFb8nYKzpZpk/Hcl"},"_chains":{"BZDRR37SpXySRWD7OPbRXJ0oShUZme8IZeVsqEN9690Y":{"chainKey":{"counter":0,"key":"RcFGBX/Cp1xZ75eXhcwcI+SsnHuiUCA0wNJezf5qcHQ="},"chainType":1,"messageKeys":{}}},"pendingPreKey":{"signedKeyId":3,"baseKey":"BTq11LDHdBw+1BOtMSEXM32SIpqvoTyqz/MG4u/wWmYK","preKeyId":12491317}}},"version":"v1"}