{"_sessions":{"BVQjLJXWf+qYYW4GJuRckRpyX4cFCX6T557AWyUnIfsp":{"registrationId":1746423601,"currentRatchet":{"ephemeralKeyPair":{"pubKey":"Bfu2UDmdX64B92K4bl/xh+6xe7mpnfsBpNY7XykLNBIZ","privKey":"kJtWLkyclx0xV4dP184JKtG7fEycIDCr2ZNdIWE2cEU="},"lastRemoteEphemeralKey":"BX/LQcp0Q+B6b9rQH7bZHQlTp7GwzQ7H4wg0TuA9o/Z+","previousCounter":0,"rootKey":"J2Sy49mFR7QorM3e5dh6eqZ5B/G/1BYnlosGLe37mK0="},"indexInfo":{"baseKey":"BVQjLJXWf+qYYW4GJuRckRpyX4cFCX6T557AWyUnIfsp","baseKeyType":1,"closed":-1,"used":1687170845937,"created":1687170845937,"remoteIdentityKey":"BX/LoRz6XoHf9X5uWj7WDmPIBqmsZxrFLej74nvDkwEY"},"_chains":{"Bfu2UDmdX64B92K4bl/xh+6xe7mpnfsBpNY7XykLNBIZ":{"chainKey":{"counter":1,"key":"yTXPyeaLaxP9c+uZCWxrLDutIy0xNvo145JI8ifAxVs="},"chainType":1,"messageKeys":{}}},"pendingPreKey":{"signedKeyId":7,"baseKey":"BVQjLJXWf+qYYW4GJuRckRpyX4cFCX6T557AWyUnIfsp","preKeyId":5365593}}},"version":"v1"}