{"_sessions":{"BdAo0ULme4atKk0pj8mTLKquaYNTe6hJCKUr8R1J3uge":{"registrationId":8547,"currentRatchet":{"ephemeralKeyPair":{"pubKey":"BZzv5fnHfHrWHWklC2jbavqLCSShZRzySD35N8oytbgH","privKey":"WN4M+40n+HIfApmdNmjfc1FDwnoIfrKZURqXcrvTu2o="},"lastRemoteEphemeralKey":"BXEe/qSUm6mty2Zp6RL1kXkE6oemoopOjR2HBZMZLQZU","previousCounter":0,"rootKey":"4HM3yB8ab4Hi+fQ0eZ0UAnjUUQJK+ynZ9oVM6XPxPWQ="},"indexInfo":{"baseKey":"BdAo0ULme4atKk0pj8mTLKquaYNTe6hJCKUr8R1J3uge","baseKeyType":1,"closed":-1,"used":1687069123643,"created":1687069123643,"remoteIdentityKey":"BU0q2wZQOCGLZHueNZmyEwAfS2LJtT93N2Sn4g6vfBUJ"},"_chains":{"BZzv5fnHfHrWHWklC2jbavqLCSShZRzySD35N8oytbgH":{"chainKey":{"counter":0,"key":"N7nAC1agDV3bsarXkMn1O9hShE+zJ7THoq96vitl7xU="},"chainType":1,"messageKeys":{}}},"pendingPreKey":{"signedKeyId":1,"baseKey":"BdAo0ULme4atKk0pj8mTLKquaYNTe6hJCKUr8R1J3uge","preKeyId":1004}}},"version":"v1"}