{"_sessions":{"BXVLjgb3px32Zf9BlwnhsF/lRzLfvOjhqHCh5p/DpAQP":{"registrationId":1359877987,"currentRatchet":{"ephemeralKeyPair":{"pubKey":"BVsKQD97HRH0LkzmFWitG+eqQc3N9jB06IeXCclBgZ9w","privKey":"8Br9bEyWz/DT/p3GR66eNqjQvU4v3eJD5G5bzIKLHGo="},"lastRemoteEphemeralKey":"BTiQcu2cVqecv+pVoPbGPMP5YTFhRBYoialGRFcdK08v","previousCounter":0,"rootKey":"tsgoo79vUkXZ7vlqwas1BXchU8GXL3QaXfcMztFNu9Y="},"indexInfo":{"baseKey":"BXVLjgb3px32Zf9BlwnhsF/lRzLfvOjhqHCh5p/DpAQP","baseKeyType":1,"closed":-1,"used":1687178255594,"created":1687178255594,"remoteIdentityKey":"BfT5m3kwoFbW1zFI9nD6PUPtlsObFyn/EF7BHvFRxVtQ"},"_chains":{"BVsKQD97HRH0LkzmFWitG+eqQc3N9jB06IeXCclBgZ9w":{"chainKey":{"counter":0,"key":"ZFm2E687VP9yPEvsprM/vlYmYtf/KTIhp6MAjI1U2SA="},"chainType":1,"messageKeys":{}}},"pendingPreKey":{"signedKeyId":10,"baseKey":"BXVLjgb3px32Zf9BlwnhsF/lRzLfvOjhqHCh5p/DpAQP","preKeyId":7922509}}},"version":"v1"}