{"_sessions":{"BVA9iPT+xEJzj+Xbb4ZVQs6knJkoFIK8YXzazGj1HMNb":{"registrationId":315481038,"currentRatchet":{"ephemeralKeyPair":{"pubKey":"BV96B193ytPM1/w2IxL2pFMDL3JIF5Wy2NwQ+Vuy4vRK","privKey":"YB1A1M3nGz68jBkl11Ul+ZXcGGmbdcCUFPwuyMaK5Hs="},"lastRemoteEphemeralKey":"BUWCeD2DKMfOhdsn6xjbLSBRx9s/PJWRDslSCKIhPDlo","previousCounter":0,"rootKey":"U2D2SaEaW3+HEU21Oi8zSI/QRvXyuq/i8jbgHck9DtI="},"indexInfo":{"baseKey":"BVA9iPT+xEJzj+Xbb4ZVQs6knJkoFIK8YXzazGj1HMNb","baseKeyType":1,"closed":-1,"used":1687170845564,"created":1687170845564,"remoteIdentityKey":"BQ7VqnbFK1NMn/1Upedk1UGvIvDoM97hLgzwHoPLMqEk"},"_chains":{"BV96B193ytPM1/w2IxL2pFMDL3JIF5Wy2NwQ+Vuy4vRK":{"chainKey":{"counter":1,"key":"SKMm5Fd/1hNZ4IuesUDVaOWlTXN1H5APQQkl677dsFY="},"chainType":1,"messageKeys":{}}},"pendingPreKey":{"signedKeyId":2,"baseKey":"BVA9iPT+xEJzj+Xbb4ZVQs6knJkoFIK8YXzazGj1HMNb","preKeyId":13656452}}},"version":"v1"}