{"_sessions":{"BfvDux1lUACIroE69nXzIwphuyqzM3lNr5xkCj26itJ2":{"registrationId":1467472621,"currentRatchet":{"ephemeralKeyPair":{"pubKey":"Bdcro1aWav/zzaI0/E4gxTITVHM+Z3T8gYQA91iPyRQM","privKey":"UMG620bzIHxMhFCGgwu4mzyeAGmnteXCo6Ha+vHnR0k="},"lastRemoteEphemeralKey":"BXZe4O27dlUEvT2hfMKNKaR+vlRzyHJwsh3/FjiBORET","previousCounter":0,"rootKey":"vk3VhS8J5sYfiO08Xn+FJq9216/yXxk5wgrG1fMkH2U="},"indexInfo":{"baseKey":"BfvDux1lUACIroE69nXzIwphuyqzM3lNr5xkCj26itJ2","baseKeyType":2,"closed":1687069096905,"used":1687069122466,"created":1687069057531,"remoteIdentityKey":"BbeRk4y3NRTv9OCQm7mjMWtK2SYRKVy2ea6kMN4/5qIb"},"_chains":{"BZJR8CXPIqi8V5ujvF29pDyxNGUdhW/7gku/bwWICjAq":{"chainKey":{"counter":0},"chainType":2,"messageKeys":{}},"BRR1RjuzYxiBhttWqR6t1S4l2CSAlVWGCytkTaAYJKoq":{"chainKey":{"counter":0},"chainType":2,"messageKeys":{}},"BR+Kwwizu+2I8QshPXtFJprRf5hQMrSo083QQIZqcG8f":{"chainKey":{"counter":1},"chainType":2,"messageKeys":{}},"BXZe4O27dlUEvT2hfMKNKaR+vlRzyHJwsh3/FjiBORET":{"chainKey":{"counter":1,"key":"a0/76InAEStg2q2piUX2bgcnJ6cPjOxYIN38VeLnQns="},"chainType":2,"messageKeys":{}},"Bdcro1aWav/zzaI0/E4gxTITVHM+Z3T8gYQA91iPyRQM":{"chainKey":{"counter":-1,"key":"lKczO17ZOJ1nE6OBH7GEFYrOmPPP+19VZEClLuK6+qU="},"chainType":1,"messageKeys":{}}}},"Bb/OJzIyU40ll4By5pDUASStIq+EObI3Azs2oytjscJz":{"registrationId":1467472621,"currentRatchet":{"ephemeralKeyPair":{"pubKey":"BZGLfNAYsaN+gmdCpEzyUMTsHoNjIpc6BBOUOdM/6eto","privKey":"+Da4j+dY9jKUIGRxV3wtUOAQDq6veApNXBIMFwA3NV8="},"lastRemoteEphemeralKey":"BXZe4O27dlUEvT2hfMKNKaR+vlRzyHJwsh3/FjiBORET","previousCounter":-1,"rootKey":"u7P7dTgG3U4xoQasO4xRX3UlyzXeKrUDHbHPUGztZ0Q="},"indexInfo":{"baseKey":"Bb/OJzIyU40ll4By5pDUASStIq+EObI3Azs2oytjscJz","baseKeyType":1,"closed":1687069104151,"used":1687069096903,"created":1687069096903,"remoteIdentityKey":"BbeRk4y3NRTv9OCQm7mjMWtK2SYRKVy2ea6kMN4/5qIb"},"_chains":{"BXZe4O27dlUEvT2hfMKNKaR+vlRzyHJwsh3/FjiBORET":{"chainKey":{"counter":1,"key":"8IV9juG1EFXnqiw3wSh6l4rM+0IAJiYCcFsuLyKO+6Y="},"chainType":2,"messageKeys":{"0":"1YZaX2GHeIxsk76JRbWWG8lB7sgh4lXhZp1wOCBDXLw="}},"BZGLfNAYsaN+gmdCpEzyUMTsHoNjIpc6BBOUOdM/6eto":{"chainKey":{"counter":-1,"key":"+R5l7ZOeTNgHjfFPIoeBwgCnmrDTwbGxcxbB5Vx1nbg="},"chainType":1,"messageKeys":{}}},"pendingPreKey":{"signedKeyId":10,"baseKey":"Bb/OJzIyU40ll4By5pDUASStIq+EObI3Azs2oytjscJz","preKeyId":15056094}},"Be8jyyE9VWyQbq/F2MfBcW5TuXFeUUWXuj/yCFoHIQk4":{"registrationId":1467472621,"currentRatchet":{"ephemeralKeyPair":{"pubKey":"BTwpplo6F8FhYIyuGPtI17RSufhFIUUp4EBA3M1REWRk","privKey":"IChaQwwA9sMWQWumDgBYWM/WzYIiZjdFbP+4K0W0mXw="},"lastRemoteEphemeralKey":"BXZe4O27dlUEvT2hfMKNKaR+vlRzyHJwsh3/FjiBORET","previousCounter":-1,"rootKey":"euZHemk2BqfRKUO50CqD6wmiUuoBS7y8/TxrFW6Ax3w="},"indexInfo":{"baseKey":"Be8jyyE9VWyQbq/F2MfBcW5TuXFeUUWXuj/yCFoHIQk4","baseKeyType":1,"closed":1687069124791,"used":1687069104149,"created":1687069104149,"remoteIdentityKey":"BbeRk4y3NRTv9OCQm7mjMWtK2SYRKVy2ea6kMN4/5qIb"},"_chains":{"BXZe4O27dlUEvT2hfMKNKaR+vlRzyHJwsh3/FjiBORET":{"chainKey":{"counter":1,"key":"WZIYR2JECqOldIAxKM1SoS+5ANy8IKn/1iEJxZDTH8M="},"chainType":2,"messageKeys":{"0":"UyFypOWRtSdd+G/Ci3SLlnLraIsYUeWptPr23NTE0K8="}},"BTwpplo6F8FhYIyuGPtI17RSufhFIUUp4EBA3M1REWRk":{"chainKey":{"counter":-1,"key":"K4JQJ0SKunbCFg+J8/yof4dSKo4ym5UYaeHmHRAXsBo="},"chainType":1,"messageKeys":{}}},"pendingPreKey":{"signedKeyId":10,"baseKey":"Be8jyyE9VWyQbq/F2MfBcW5TuXFeUUWXuj/yCFoHIQk4","preKeyId":15055990}},"BWVWveEYwKNWWNaxFvE9uxTXGhAo0CFbN+6hkKQctrlj":{"registrationId":1467472621,"currentRatchet":{"ephemeralKeyPair":{"pubKey":"BXGIkyOzZnDeLVLef1NVTUn1vpMDG2j+/P1Bg1sAGuN+","privKey":"oEbOtvqj+dFnHmGkH/mTwXRpWVZPsMht5mimaWaAgnk="},"lastRemoteEphemeralKey":"BTMyjYicJKTbh1Q92PJUnZgz2Kr4wpp6gVqitQuShnMI","previousCounter":0,"rootKey":"zXEAclV4WSK+VHNXmGn/2pXk+QsGgJ69KjQGjb5riCE="},"indexInfo":{"baseKey":"BWVWveEYwKNWWNaxFvE9uxTXGhAo0CFbN+6hkKQctrlj","baseKeyType":1,"closed":-1,"used":1687069124789,"created":1687069124789,"remoteIdentityKey":"BbeRk4y3NRTv9OCQm7mjMWtK2SYRKVy2ea6kMN4/5qIb"},"_chains":{"BXGIkyOzZnDeLVLef1NVTUn1vpMDG2j+/P1Bg1sAGuN+":{"chainKey":{"counter":-1,"key":"WPI1GleAIPANlIwA+5TE6WvhLHIs9WL66dR+KvUqU4M="},"chainType":1,"messageKeys":{}}},"pendingPreKey":{"signedKeyId":10,"baseKey":"BWVWveEYwKNWWNaxFvE9uxTXGhAo0CFbN+6hkKQctrlj","preKeyId":15056343}}},"version":"v1"}