{"_sessions":{"Baw3U0IohhYcdbbIU6u5c7pbZtWxecK8nB8lzbo/JmIA":{"registrationId":1608490797,"currentRatchet":{"ephemeralKeyPair":{"pubKey":"BTZf59nVkbrQR2woz2qIbqszFNoj1/SMgF8ecFuz9f4D","privKey":"EASgk30XAaDznXdd7NGt+Pp7CxFENU+gc/0tZxgrM2c="},"lastRemoteEphemeralKey":"BZgH77GcVZF+2drLsurmXxI1envoNgogISP0FRXgDPFO","previousCounter":0,"rootKey":"TWA8aCOGq3+W/vScQUUGBRoj35QCwsOSg3wbsqmzB1o="},"indexInfo":{"baseKey":"Baw3U0IohhYcdbbIU6u5c7pbZtWxecK8nB8lzbo/JmIA","baseKeyType":1,"closed":-1,"used":1687069148826,"created":1687069148826,"remoteIdentityKey":"BSxlpyKtXkFDJD/T+Kvl3zo12/Dl8oE1ZI7onvXH2h4X"},"_chains":{"BTZf59nVkbrQR2woz2qIbqszFNoj1/SMgF8ecFuz9f4D":{"chainKey":{"counter":21,"key":"Sot8vS0YGxLUoA6EPTUqFQ03VdW1rrKm+2cydLkVg+c="},"chainType":1,"messageKeys":{}}},"pendingPreKey":{"signedKeyId":2,"baseKey":"Baw3U0IohhYcdbbIU6u5c7pbZtWxecK8nB8lzbo/JmIA","preKeyId":7939588}}},"version":"v1"}