{"_sessions":{"Bf1es7PxlGbu6uLKCviyE6NLsryNUjVlq+/JV1dX6Ss+":{"registrationId":688030130,"currentRatchet":{"ephemeralKeyPair":{"pubKey":"BeBSu9v0dwbUrWdPcaf30qNhUWTVB0+FtoHWIf6eXU1J","privKey":"CJ3yg7aCdIynNx8Wu/GXIfxMzcROEXmcLDCiAJwj8lg="},"lastRemoteEphemeralKey":"Bcxj1xczFmzOQ379YkwmSqz54w47eb78kaZ6TKAokQ45","previousCounter":0,"rootKey":"zkdxmD3tCPn9UZwVgQnRMqVOZq0k8SQbA3moN49Y9hs="},"indexInfo":{"baseKey":"Bf1es7PxlGbu6uLKCviyE6NLsryNUjVlq+/JV1dX6Ss+","baseKeyType":1,"closed":-1,"used":1687171165209,"created":1687170845753,"remoteIdentityKey":"BYZA5Xl4kUz4jpYvAavfZ83+9tx0RfGp1jHMVRkGuewQ"},"_chains":{"Bcxj1xczFmzOQ379YkwmSqz54w47eb78kaZ6TKAokQ45":{"chainKey":{"counter":0,"key":"WxNum9MmiqOxQQy2zgaOnFapVt4QuQovUCOeedRj0XE="},"chainType":2,"messageKeys":{}},"BeBSu9v0dwbUrWdPcaf30qNhUWTVB0+FtoHWIf6eXU1J":{"chainKey":{"counter":2,"key":"w8zTHrr1QOZ8xrulmPjGoAVPhti3wuP26pp3TvZMePY="},"chainType":1,"messageKeys":{}}}}},"version":"v1"}