{"_sessions":{"Ba0GBcLaw/VRo7QfQfX/w/LBfYJxD2MN5YX2SMTUqTUl":{"registrationId":390664300,"currentRatchet":{"ephemeralKeyPair":{"pubKey":"BcUPs53EdUws3uVWN3NZCgWKLu15u0eNluzy/r1io21M","privKey":"uNyXP+0GLj/lNiE0jzvq1G5VA7mOfkV2uAB0P1612lU="},"lastRemoteEphemeralKey":"BZrEfUh3CCt5KcG8Zns0FhghSCZGiHcG+WlfGZvkEn1T","previousCounter":0,"rootKey":"ORQ9YcIZ40FbN0zyEYDLgUGG/hhPXlt6cZOfXqdp240="},"indexInfo":{"baseKey":"Ba0GBcLaw/VRo7QfQfX/w/LBfYJxD2MN5YX2SMTUqTUl","baseKeyType":1,"closed":-1,"used":1687069148870,"created":1687069148870,"remoteIdentityKey":"BUurES9r9kUNwHyALxGbxNCqvI2OdlhMepyjPlJpr+og"},"_chains":{"BcUPs53EdUws3uVWN3NZCgWKLu15u0eNluzy/r1io21M":{"chainKey":{"counter":21,"key":"FbUXRibnoUemTewav87FQEydHTPJg6VBdsaV2e4PpJM="},"chainType":1,"messageKeys":{}}},"pendingPreKey":{"signedKeyId":2,"baseKey":"Ba0GBcLaw/VRo7QfQfX/w/LBfYJxD2MN5YX2SMTUqTUl","preKeyId":3125469}}},"version":"v1"}