{"_sessions":{"BYoyeUFzkcmOYLoBP43pzGF3vIchuRiz2Jxt9nWJGN1M":{"registrationId":9406,"currentRatchet":{"ephemeralKeyPair":{"pubKey":"BWZ8AxE9V0UZv8m6xy8M3FzCWN6nuxWBqMOKeFvmMvpR","privKey":"kES55MLVWZMxMRe3GEK4zg9x8GIzF8rdnchq8fsxSGk="},"lastRemoteEphemeralKey":"BWQVhYfjLtPmv9R5QfqnSzVHK6p9XMMYWvDPd4ehLm5A","previousCounter":0,"rootKey":"I1PYtyxvOhrwB5IF5FQx4nXz7an/N1Z4rY6Cb7MAREk="},"indexInfo":{"baseKey":"BYoyeUFzkcmOYLoBP43pzGF3vIchuRiz2Jxt9nWJGN1M","baseKeyType":1,"closed":-1,"used":1687174146897,"created":1687174146897,"remoteIdentityKey":"Bcjb19yJL9lensklHDhReWVIafAKpzWCzo2Ui7qu5nxl"},"_chains":{"BWZ8AxE9V0UZv8m6xy8M3FzCWN6nuxWBqMOKeFvmMvpR":{"chainKey":{"counter":1,"key":"0+UVU6GxojiwW/GMnDY/tUi+NK9LRjZDUi6umtSt6MM="},"chainType":1,"messageKeys":{}}},"pendingPreKey":{"signedKeyId":1,"baseKey":"BYoyeUFzkcmOYLoBP43pzGF3vIchuRiz2Jxt9nWJGN1M","preKeyId":104}}},"version":"v1"}