{"_sessions":{"BeiHFdhrD1mh+8RjHznuyzkners7yNxivH8LfaQ4I3It":{"registrationId":989941800,"currentRatchet":{"ephemeralKeyPair":{"pubKey":"BZaa9GolkcT1ICPz/H2as0CJPRHTnkcBBAzYcN+txGJA","privKey":"UC5GFpF1QH7xzMrTucMjGqKm3vWSW5lMrmlPLpYTREc="},"lastRemoteEphemeralKey":"BdZzkW7oPo+x8WRfqqdwyf0wK1EYQRSEy4fbZBPKlet1","previousCounter":0,"rootKey":"ZFAXo5poUPwb7+/BNu3U4BRQ8kDJi4Ag6UHjsoueoSE="},"indexInfo":{"baseKey":"BeiHFdhrD1mh+8RjHznuyzkners7yNxivH8LfaQ4I3It","baseKeyType":1,"closed":-1,"used":1687172337873,"created":1687170846100,"remoteIdentityKey":"Bczy13d7VmwdwDhaLd8aaSPpT3c6HHDf1/2nkmkXwV4p"},"_chains":{"BdZzkW7oPo+x8WRfqqdwyf0wK1EYQRSEy4fbZBPKlet1":{"chainKey":{"counter":0,"key":"ewUawj0fESC7JQSj3WB4dh7lmLcafLdXtIOq+fx7yRw="},"chainType":2,"messageKeys":{}},"BZaa9GolkcT1ICPz/H2as0CJPRHTnkcBBAzYcN+txGJA":{"chainKey":{"counter":0,"key":"WxenT093O7ALtRwTSy9G5nA+n47QdY/PUU/J77G2bag="},"chainType":1,"messageKeys":{}}}}},"version":"v1"}