{"_sessions":{"BZ8Ww51Khj5fnM4+F5Q7tBSWY9E+6kAk7UiT2cy1wuYN":{"registrationId":13,"currentRatchet":{"ephemeralKeyPair":{"pubKey":"BVF3FP5I6OKSqXuOg3nTWvdm30a+zY6M7ENQ/RVeNuxp","privKey":"sJxZ8LGyGvTedMeP3ZlTTHQDuKN2MHoLoVDEvDydbHE="},"lastRemoteEphemeralKey":"BRH49OTHSuAnD3K9CyP1MRNsu6PPuQz5HA3F5AKPaUgt","previousCounter":0,"rootKey":"tbTuE6VhDGDkiv+LGroxKpGoheRPjuyX90gWknyz7Qs="},"indexInfo":{"baseKey":"BZ8Ww51Khj5fnM4+F5Q7tBSWY9E+6kAk7UiT2cy1wuYN","baseKeyType":1,"closed":-1,"used":1687170714978,"created":1687170714978,"remoteIdentityKey":"BX/5o4mZ7JLnP94szwdi4cssA5H+0Xm06BwOhssG/i9U"},"_chains":{"BVF3FP5I6OKSqXuOg3nTWvdm30a+zY6M7ENQ/RVeNuxp":{"chainKey":{"counter":13,"key":"Wlwe3yz4UUlEhhEAISXA9d1vKqTCGUrTYTftDbS4t+g="},"chainType":1,"messageKeys":{}}},"pendingPreKey":{"signedKeyId":1,"baseKey":"BZ8Ww51Khj5fnM4+F5Q7tBSWY9E+6kAk7UiT2cy1wuYN"}}},"version":"v1"}