{"_sessions":{"BUGZLmykFI1lCmSHLz7xZ+H0t80IH4/omm0RgpATtZI/":{"registrationId":1244355464,"currentRatchet":{"ephemeralKeyPair":{"pubKey":"BSWGZnj6X+HmGNzyWjD/qvNLlkIBazBtoWUfKlH7Wzkn","privKey":"mOZQ06j9wlDI1KcoOq3TKFC3EYLN8KwXIc29xh65mmA="},"lastRemoteEphemeralKey":"BVsET7S/d/xBCmiACPYOngLFG3hcDjRkLpOmnWEeKNlC","previousCounter":0,"rootKey":"moPLuHtpX0YS3FUpFXvBpUjwrC+wdQ4ZbBdDT9VB/Gw="},"indexInfo":{"baseKey":"BUGZLmykFI1lCmSHLz7xZ+H0t80IH4/omm0RgpATtZI/","baseKeyType":1,"closed":-1,"used":1687174147056,"created":1687174147056,"remoteIdentityKey":"BXhTh5TvtnC52CjzKCFbL8PjwZ7RpFtgg1lzTo8CWR0J"},"_chains":{"BSWGZnj6X+HmGNzyWjD/qvNLlkIBazBtoWUfKlH7Wzkn":{"chainKey":{"counter":0,"key":"h13NKbVHoS9pacHY1wSwQmtSSMB47WwZXP8hfcE/7cA="},"chainType":1,"messageKeys":{}}},"pendingPreKey":{"signedKeyId":5,"baseKey":"BUGZLmykFI1lCmSHLz7xZ+H0t80IH4/omm0RgpATtZI/","preKeyId":7866480}}},"version":"v1"}