{"_sessions":{"BRgDjdfLuv3g+zhE/ccU6JodghV/pcFpImkVLXsf7icA":{"registrationId":453023662,"currentRatchet":{"ephemeralKeyPair":{"pubKey":"BbO2zxXqZ22LLsbV0s2aOGep21/h/N1/L5qKbFCBRy0t","privKey":"0Cq/B515ckp51I466bf8O5QOu9lfuJvpSw4bvc+QJEQ="},"lastRemoteEphemeralKey":"BXnhHm6rpLIflP1b6QIoCxFzLzziXFEd33to+lmrBXBM","previousCounter":0,"rootKey":"IWsC9aLMgMobpjXKVIPd/z8dkb7c4efL2ODNksprPfU="},"indexInfo":{"baseKey":"BRgDjdfLuv3g+zhE/ccU6JodghV/pcFpImkVLXsf7icA","baseKeyType":1,"closed":-1,"used":1687170845408,"created":1687170845408,"remoteIdentityKey":"BfC0YAGFcdrvbYYj9jFVgVVVYazdF+G3E1rVlKX4a3oA"},"_chains":{"BbO2zxXqZ22LLsbV0s2aOGep21/h/N1/L5qKbFCBRy0t":{"chainKey":{"counter":1,"key":"GNNjSGislE5AwMW6UcNedRMksYk4hj0POb3aKF01A1Q="},"chainType":1,"messageKeys":{}}},"pendingPreKey":{"signedKeyId":0,"baseKey":"BRgDjdfLuv3g+zhE/ccU6JodghV/pcFpImkVLXsf7icA","preKeyId":4297392}}},"version":"v1"}