{"_sessions":{"Bb8dBBGfuaU218LstYxWeAdHW3xabro50cQSI3cUWcQX":{"registrationId":68804325,"currentRatchet":{"ephemeralKeyPair":{"pubKey":"BccBh4i5DYqyAi4j60+lTktEMNup17ljSZbrZW4y8hYQ","privKey":"oAJfUCQLkuhEaR2vf+hUsoVx1NyanA3OsA+pOtOWOEA="},"lastRemoteEphemeralKey":"BabE2R8kwr9Cw6gAecyEMdboSm3zNxlEBQYOv1/Hxv0T","previousCounter":0,"rootKey":"DGbIjsMnF8TlArZn1rDbPn+j7agZOeKAo4hNktGWZ4o="},"indexInfo":{"baseKey":"Bb8dBBGfuaU218LstYxWeAdHW3xabro50cQSI3cUWcQX","baseKeyType":1,"closed":-1,"used":1687175588251,"created":1687170714988,"remoteIdentityKey":"BXjDdHJM1XZo1uR/31viIDl6SHNzrP4PjeM4wyaiaMRc"},"_chains":{"BabE2R8kwr9Cw6gAecyEMdboSm3zNxlEBQYOv1/Hxv0T":{"chainKey":{"counter":0,"key":"xxOB/owdCA6iSTCtzCoKFqmzSH5QhBekQblNbmXAPrc="},"chainType":2,"messageKeys":{}},"BccBh4i5DYqyAi4j60+lTktEMNup17ljSZbrZW4y8hYQ":{"chainKey":{"counter":0,"key":"/GSb24fQGZ9n/27BOP5oMEaBGa3bu47yKCVE1nYCeeU="},"chainType":1,"messageKeys":{}}}}},"version":"v1"}