{"_sessions":{"BSNkl9mtA6o9dQTDekUXso20f6RHbDSR9u6Ac9dcuId4":{"registrationId":1048723473,"currentRatchet":{"ephemeralKeyPair":{"pubKey":"BYu57q4OySZlf65mg3nMwNj1xPlq9O+QrnGzwCWFmSdE","privKey":"YH71KEUex7FXmMKcqrNqjHyIvkcGPh6TYZ4FYhDf3Vg="},"lastRemoteEphemeralKey":"BcUwmMyg9Qg44UmFA6OCpYX5SKC8nAFTqRh8doZ1hlAC","previousCounter":3,"rootKey":"Zlg16vbaQU4gy61vARKEIoHliVria4cmwuvSNPWOk98="},"indexInfo":{"baseKey":"BSNkl9mtA6o9dQTDekUXso20f6RHbDSR9u6Ac9dcuId4","baseKeyType":1,"closed":-1,"used":1687179007810,"created":1687170846130,"remoteIdentityKey":"BWdfRWNDxzQmROj3PWwOHXSH+UvIbTS9BTFgNJD+wC49"},"_chains":{"BcUwmMyg9Qg44UmFA6OCpYX5SKC8nAFTqRh8doZ1hlAC":{"chainKey":{"counter":0,"key":"gvVnz6vyp81R6So8YurgPhIvgvujQStPFKjRKHR7Js4="},"chainType":2,"messageKeys":{}},"BYu57q4OySZlf65mg3nMwNj1xPlq9O+QrnGzwCWFmSdE":{"chainKey":{"counter":-1,"key":"GU/UG+5BvcK6K0wBQ3HqicFw+Ou51c8KlAfE84bdksw="},"chainType":1,"messageKeys":{}}}}},"version":"v1"}