{"_sessions":{"Bd02AakEDk9Q7MpBpRKI1FybAWCC3a7rBqRjnxEzg/Nm":{"registrationId":919012506,"currentRatchet":{"ephemeralKeyPair":{"pubKey":"BbiIpwct9qMttlrctS+a7Du50zmRmgB0DNoi5YQEw4Nn","privKey":"AP3W9elF8MDUvv/97qZReIXYXtQyhfEYeaCcqqqIoWk="},"lastRemoteEphemeralKey":"BcjJmOPyAKb7jEcQ+lj4To5ge0qYOmn90GMhQVlk5aAC","previousCounter":0,"rootKey":"s6FdT09nQPAbolD8x6li4XPcdhTfSpnISRD0IS4mbhc="},"indexInfo":{"baseKey":"Bd02AakEDk9Q7MpBpRKI1FybAWCC3a7rBqRjnxEzg/Nm","baseKeyType":1,"closed":-1,"used":1687170811184,"created":1687170811184,"remoteIdentityKey":"BTrqOHIeil/PxhwIDulzUsuBXtWoFAPiEDkyJOXZYDgo"},"_chains":{"BbiIpwct9qMttlrctS+a7Du50zmRmgB0DNoi5YQEw4Nn":{"chainKey":{"counter":0,"key":"4uRL4B9z2jVVuQWs5pt7BaW40l5PUpxvWAZwyjjy5G4="},"chainType":1,"messageKeys":{}}},"pendingPreKey":{"signedKeyId":1,"baseKey":"Bd02AakEDk9Q7MpBpRKI1FybAWCC3a7rBqRjnxEzg/Nm","preKeyId":7165237}}},"version":"v1"}