{"_sessions":{"BVRX8Ui6z7r4SIqT5XrdsynhMH09AxzGn9oxf5tTS09Q":{"registrationId":1238934428,"currentRatchet":{"ephemeralKeyPair":{"pubKey":"BS1xslwCqO7aNORrnYX37CxgyRgF5V571BKW8DnWDZwd","privKey":"gGwA7U7L3S0nikjC4tbGYo5m31gbo20L38OpUe0Y2U0="},"lastRemoteEphemeralKey":"BWay1lPuzILABZ2HE3/NFkWjtY+pBj252S3kdfZEYXRh","previousCounter":0,"rootKey":"v55+4XA1jGcHz56HU2Ikk5KaHJjBXSgxaL0XDbVuyI4="},"indexInfo":{"baseKey":"BVRX8Ui6z7r4SIqT5XrdsynhMH09AxzGn9oxf5tTS09Q","baseKeyType":1,"closed":-1,"used":1687069096106,"created":1687069096106,"remoteIdentityKey":"BfWt47aK8xmi1isIdhpkz+rvMBFizaXnfLoBAtH0iDhc"},"_chains":{"BS1xslwCqO7aNORrnYX37CxgyRgF5V571BKW8DnWDZwd":{"chainKey":{"counter":1,"key":"uoUTSVbN/3luUgWPyiWxFxeiOQAaXJbgdyIiLUNlHwk="},"chainType":1,"messageKeys":{}}},"pendingPreKey":{"signedKeyId":38,"baseKey":"BVRX8Ui6z7r4SIqT5XrdsynhMH09AxzGn9oxf5tTS09Q","preKeyId":7332426}}},"version":"v1"}