{"_sessions":{"Bb57SNcFS3cGxMzSSS+jPUgtvSwZF/NzPQpXhtnR1vIj":{"registrationId":1564772229,"currentRatchet":{"ephemeralKeyPair":{"pubKey":"BWd9F3zYtS+TNHOLeWdndMS7DxlqKGWJvNH1PVxUlJhv","privKey":"WGUZDJys/Ib+D7cRfSdWw8SNU8f5egjcMZ+hPmMufWU="},"lastRemoteEphemeralKey":"BUwWbdpQZHY4Us5B6GE7Crm1vje+17+QtifBVcks0LM8","previousCounter":0,"rootKey":"aMdYx0POHg1pSw0jIkZRkfo5MiO8gn0ZZ/AZ77IjR/M="},"indexInfo":{"baseKey":"Bb57SNcFS3cGxMzSSS+jPUgtvSwZF/NzPQpXhtnR1vIj","baseKeyType":1,"closed":-1,"used":1687170811125,"created":1687170811125,"remoteIdentityKey":"Bf2JoWLcdK/oYzkYInldDH45/IuelH1kVX5ZYLDdr+gv"},"_chains":{"BWd9F3zYtS+TNHOLeWdndMS7DxlqKGWJvNH1PVxUlJhv":{"chainKey":{"counter":0,"key":"HlCS9lfgH39WWYs2UPmji9ltztJJtZMRf7Q7Ab34z5s="},"chainType":1,"messageKeys":{}}},"pendingPreKey":{"signedKeyId":10,"baseKey":"Bb57SNcFS3cGxMzSSS+jPUgtvSwZF/NzPQpXhtnR1vIj","preKeyId":13924862}}},"version":"v1"}