{"_sessions":{"Bb/lw2BQmB6PbEbleBQOfpjFm7zcWKiNMab52r7eFU5+":{"registrationId":903464988,"currentRatchet":{"ephemeralKeyPair":{"pubKey":"Bar8ct4In60d/VL2f05RoIeEEaMBhNLwFawAMQ0+MeMz","privKey":"0PDh7+I4v/+sLHHQjZZR00ARTfOS/8cWo8YYByBfX2c="},"lastRemoteEphemeralKey":"BcsinqrfOofVPWXngGiQTP9k7xE0+2WypV482FR0fWho","previousCounter":0,"rootKey":"WYlU6ZEQNV95EkMbQ+J6+3NK0+a7tUTMTJCOEkKpLNM="},"indexInfo":{"baseKey":"Bb/lw2BQmB6PbEbleBQOfpjFm7zcWKiNMab52r7eFU5+","baseKeyType":1,"closed":-1,"used":1687171942172,"created":1687170810974,"remoteIdentityKey":"BeBo4ds5Z30DE+YqOzd54LbTupGwIeo2z1XCwdrnFn5J"},"_chains":{"BcsinqrfOofVPWXngGiQTP9k7xE0+2WypV482FR0fWho":{"chainKey":{"counter":0,"key":"Q+0DKCEDHN1ayBKn5AFtdr31krb9BheoIBFREiPp/wI="},"chainType":2,"messageKeys":{}},"Bar8ct4In60d/VL2f05RoIeEEaMBhNLwFawAMQ0+MeMz":{"chainKey":{"counter":-1,"key":"KjXRW2aseinyOzWvLLClEnR9uOq3VAc2I7rpoM3eH98="},"chainType":1,"messageKeys":{}}}}},"version":"v1"}