{"_sessions":{"BbyN82Ee5NT7ERDGgwlWPWAJ6wB90O7qH21A0q9FQc1D":{"registrationId":639474620,"currentRatchet":{"ephemeralKeyPair":{"pubKey":"BVEMBOLT97VlYjQ3FI8DG1p9KY/l7ZhzLJWnkD7rJukp","privKey":"KPQKXgMFW5SEFwHYi2rytLR5XwhVd18DBlnWi8XVNEE="},"lastRemoteEphemeralKey":"Bc72MDbUPuoLaEb7KMLnN2ysz2h5BRO/7NQ0KBPnQ1wl","previousCounter":0,"rootKey":"EJ9/dw38KnzYtkjZCs+B3xkYyiCj/VCE6u4ZbSSNdLw="},"indexInfo":{"baseKey":"BbyN82Ee5NT7ERDGgwlWPWAJ6wB90O7qH21A0q9FQc1D","baseKeyType":1,"closed":-1,"used":1687069096050,"created":1687069096050,"remoteIdentityKey":"Bai96x2YKoC2XfMQ4nE1aRhh18LpLS4nWvHewbVBr5wL"},"_chains":{"BVEMBOLT97VlYjQ3FI8DG1p9KY/l7ZhzLJWnkD7rJukp":{"chainKey":{"counter":1,"key":"ZncDM0Nd2Gj0Q6DIe8ziaTWXryKwOb3fp6heXq7K/eY="},"chainType":1,"messageKeys":{}}},"pendingPreKey":{"signedKeyId":12,"baseKey":"BbyN82Ee5NT7ERDGgwlWPWAJ6wB90O7qH21A0q9FQc1D","preKeyId":86381}}},"version":"v1"}