{"_sessions":{"BSteIwJCsQazN6vOUsanelTYtM9HpGaPrBud88FlR9Y4":{"registrationId":1126878065,"currentRatchet":{"ephemeralKeyPair":{"pubKey":"BTLlDeRCqWiK8h/PABZBQ+aDJkMU945I4kf+sUp59YdY","privKey":"uKoeevjOtqX84MABxzxeu2BQBAkKRH+HMBYdb59odkg="},"lastRemoteEphemeralKey":"BWFHc6jH6AftaNivYRUfbE5DVmqb5qb59hD9SV7H+GBR","previousCounter":0,"rootKey":"WiGP2jY9biH50UmqZZiSiJEWWP0aKDwex56wevgyHp4="},"indexInfo":{"baseKey":"BSteIwJCsQazN6vOUsanelTYtM9HpGaPrBud88FlR9Y4","baseKeyType":1,"closed":-1,"used":1687069096042,"created":1687069096042,"remoteIdentityKey":"BTU8ZGgFZECSgwpQrnDY8W3XXUWxim6gX3C7tLfgfmR/"},"_chains":{"BTLlDeRCqWiK8h/PABZBQ+aDJkMU945I4kf+sUp59YdY":{"chainKey":{"counter":1,"key":"03szc5KKaODgbwuzc3GPnwbm9PTEC0YI7WIsBJz2des="},"chainType":1,"messageKeys":{}}},"pendingPreKey":{"signedKeyId":9,"baseKey":"BSteIwJCsQazN6vOUsanelTYtM9HpGaPrBud88FlR9Y4","preKeyId":2502200}}},"version":"v1"}