{"_sessions":{"BYVKunqg7slLnLHQIVubdlsgahR8zpP6d/hXtBuN+NNH":{"registrationId":919012506,"currentRatchet":{"ephemeralKeyPair":{"pubKey":"BYscOSGDvDMbYiqeCLZc7xwrYyRdaBOCd0knptJ2XbkV","privKey":"aMDwlhKimq9Y3PHxBt20NPo6nQWMTHEVqMr5KkYftFw="},"lastRemoteEphemeralKey":"BcjJmOPyAKb7jEcQ+lj4To5ge0qYOmn90GMhQVlk5aAC","previousCounter":0,"rootKey":"WSQBtKvWjr5ARH5iizHlmd9JzVNw9JbKbjuuOR9w0F4="},"indexInfo":{"baseKey":"BYVKunqg7slLnLHQIVubdlsgahR8zpP6d/hXtBuN+NNH","baseKeyType":1,"closed":1687069252728,"used":1687069148874,"created":1687069148874,"remoteIdentityKey":"BTrqOHIeil/PxhwIDulzUsuBXtWoFAPiEDkyJOXZYDgo"},"_chains":{"BYscOSGDvDMbYiqeCLZc7xwrYyRdaBOCd0knptJ2XbkV":{"chainKey":{"counter":6,"key":"aoep50CUKmUR4qf0iL8mXrQdE1Wx7t0/gHcJ+X7WpNU="},"chainType":1,"messageKeys":{}}},"pendingPreKey":{"signedKeyId":1,"baseKey":"BYVKunqg7slLnLHQIVubdlsgahR8zpP6d/hXtBuN+NNH","preKeyId":7166040}},"BaBlt/+wz61cEO2DETdeITpLb/9sSP8zly0voPq+2YQ0":{"registrationId":919012506,"currentRatchet":{"ephemeralKeyPair":{"pubKey":"BUk/7ihK3klBVNrEFAUUdV0YnimHD1ykAXaSGv+HIcFM","privKey":"kMLL+MFKX6sjHEBpjUbN52aqdLa7pMzX5INuOWTWqXM="},"lastRemoteEphemeralKey":"BcjJmOPyAKb7jEcQ+lj4To5ge0qYOmn90GMhQVlk5aAC","previousCounter":0,"rootKey":"0OVAJ6CV/jwVmNIQjrgndMrMF9oXXxUBaDg1lPo7eTw="},"indexInfo":{"baseKey":"BaBlt/+wz61cEO2DETdeITpLb/9sSP8zly0voPq+2YQ0","baseKeyType":1,"closed":-1,"used":1687069252727,"created":1687069252727,"remoteIdentityKey":"BTrqOHIeil/PxhwIDulzUsuBXtWoFAPiEDkyJOXZYDgo"},"_chains":{"BUk/7ihK3klBVNrEFAUUdV0YnimHD1ykAXaSGv+HIcFM":{"chainKey":{"counter":14,"key":"YrklMlG5XARtrJXFn5fpNm/Zp34n8hBQMC9I92SsAMY="},"chainType":1,"messageKeys":{}}},"pendingPreKey":{"signedKeyId":1,"baseKey":"BaBlt/+wz61cEO2DETdeITpLb/9sSP8zly0voPq+2YQ0","preKeyId":7165989}}},"version":"v1"}