{"_sessions":{"BSGtTf+ySMpMcc6R4B4QCWsvZPLUDwH2yNsk76+HZAoA":{"registrationId":903464988,"currentRatchet":{"ephemeralKeyPair":{"pubKey":"BVOpWGjWJlfgdtW9wSQ0Oy7Yjml8mYPdf5nVMK2sZScU","privKey":"+EG7ZGLijpcSTMl1op3aL7bt65/CW4IB+/cApNj5b2I="},"lastRemoteEphemeralKey":"BQN1qFAPNBPv6/FfY9MPgPaw39FkOy5u+WVHBkOyaMgn","previousCounter":0,"rootKey":"nILvr84vfgCjye9LP+trc/aQVPVJfWtwq9kNstq9QR4="},"indexInfo":{"baseKey":"BSGtTf+ySMpMcc6R4B4QCWsvZPLUDwH2yNsk76+HZAoA","baseKeyType":1,"closed":-1,"used":1687069206077,"created":1687069148823,"remoteIdentityKey":"BeBo4ds5Z30DE+YqOzd54LbTupGwIeo2z1XCwdrnFn5J"},"_chains":{"BQN1qFAPNBPv6/FfY9MPgPaw39FkOy5u+WVHBkOyaMgn":{"chainKey":{"counter":0,"key":"VlJ+5x/jihJZwOKmywzHeWjl9CSWJG1x+wPTD+VCJs8="},"chainType":2,"messageKeys":{}},"BVOpWGjWJlfgdtW9wSQ0Oy7Yjml8mYPdf5nVMK2sZScU":{"chainKey":{"counter":20,"key":"Lk2EBlbeH47vwlg6c8V4VUiH2jnSpvDV9x8FO6XuoLs="},"chainType":1,"messageKeys":{}}}}},"version":"v1"}