{"_sessions":{"BY3cuWNWVSmdz1IuVCqi51HagP4f4IPq6QVSis2EcABF":{"registrationId":611740200,"currentRatchet":{"ephemeralKeyPair":{"pubKey":"BctSkFulCux4p7AKSvlkWfHLA9VsgjbzgsmxiYYdpFQ5","privKey":"0Lvg7JjDk1wrt/Yoxo8SM5P39ua8dWIfLMK4RVBtkl8="},"lastRemoteEphemeralKey":"Bc0sAuM+lnd7lmIYIIozgqzm96x7LUIBfmJtmnJwKNIl","previousCounter":0,"rootKey":"caM5iO6fHdCv4iNIp9LBIuX5VUrBxnEqvWcgm+/0ZE0="},"indexInfo":{"baseKey":"BY3cuWNWVSmdz1IuVCqi51HagP4f4IPq6QVSis2EcABF","baseKeyType":1,"closed":-1,"used":1687170845424,"created":1687170845424,"remoteIdentityKey":"BSlMm9Mchlzj5EvxkzFvr5+Rjods1QEpSUxxwACfN9EZ"},"_chains":{"BctSkFulCux4p7AKSvlkWfHLA9VsgjbzgsmxiYYdpFQ5":{"chainKey":{"counter":1,"key":"k1B9lD/zNJXfYUOYGW+rVP3Y9RsSwUCEZ3/h2dyA2H8="},"chainType":1,"messageKeys":{}}},"pendingPreKey":{"signedKeyId":2,"baseKey":"BY3cuWNWVSmdz1IuVCqi51HagP4f4IPq6QVSis2EcABF","preKeyId":730148}}},"version":"v1"}