{"_sessions":{"BT1mZ77eBbKT4qJK50sy1+AqDg4WWzoA7c2Am/BL83Nj":{"registrationId":975330237,"currentRatchet":{"ephemeralKeyPair":{"pubKey":"BXtH2r8LNWVVCo5IXckhcTv4oWohbqIuo/3mlEjfcsh+","privKey":"IBnRYVA8NLS6sfzRPZJuI9Wby2niY8TnRr34hjU+uWQ="},"lastRemoteEphemeralKey":"BZa3gHm7CARTfO1h7//SzKQCB1N/YnI1XCqE6Oj1520h","previousCounter":0,"rootKey":"IGrbGevlu2jSfksM88PturOURko1IUTE1pnXg+3M2FU="},"indexInfo":{"baseKey":"BT1mZ77eBbKT4qJK50sy1+AqDg4WWzoA7c2Am/BL83Nj","baseKeyType":1,"closed":-1,"used":1687069096071,"created":1687069096071,"remoteIdentityKey":"BYZb0sQuMXLEU7X3YHsDITiAAD7eNuDVmT6i8s48MuFt"},"_chains":{"BXtH2r8LNWVVCo5IXckhcTv4oWohbqIuo/3mlEjfcsh+":{"chainKey":{"counter":1,"key":"dQUwesea36W6N10tLdhOmkxcxjINoJ1O0CZr221jqis="},"chainType":1,"messageKeys":{}}},"pendingPreKey":{"signedKeyId":9,"baseKey":"BT1mZ77eBbKT4qJK50sy1+AqDg4WWzoA7c2Am/BL83Nj","preKeyId":16521730}}},"version":"v1"}