{"_sessions":{"BVFeRRh0uOrLPY/BsanFa1HD7hUU9m7daV5WhPmAzK88":{"registrationId":562286275,"currentRatchet":{"ephemeralKeyPair":{"pubKey":"BVIY65p7xASOrdmwrLWV7X6xTuAstRQWc80o7FXld4A9","privKey":"6D11Uxyu4u88BurMR535vHCcGFWJoBjBhq7HxHStLUA="},"lastRemoteEphemeralKey":"BQlJZLEmG+AKc7Of3bOkZTYF+o56TThopOBXWI9IDQoC","previousCounter":0,"rootKey":"Z2kkdPI1Es7gaudRr4A9nW8wLUlUzwb2cHO+hG87yxQ="},"indexInfo":{"baseKey":"BVFeRRh0uOrLPY/BsanFa1HD7hUU9m7daV5WhPmAzK88","baseKeyType":1,"closed":-1,"used":1687069096079,"created":1687069096079,"remoteIdentityKey":"BSlPbfBGdxFwo90GFn3SxpxW6jFldbvXVTn24SqbjAV2"},"_chains":{"BVIY65p7xASOrdmwrLWV7X6xTuAstRQWc80o7FXld4A9":{"chainKey":{"counter":1,"key":"ssfiS7vUIqvDuWT+hdqtXVep5xJ4gZqDdOBSL0FD4YI="},"chainType":1,"messageKeys":{}}},"pendingPreKey":{"signedKeyId":7,"baseKey":"BVFeRRh0uOrLPY/BsanFa1HD7hUU9m7daV5WhPmAzK88","preKeyId":7150133}}},"version":"v1"}