{"_sessions":{"BUTXpPIQwYcx6CC8/lbrEQOIT39Acm50rj2XTHzHlNYV":{"registrationId":371822271,"currentRatchet":{"ephemeralKeyPair":{"pubKey":"BQao0yxGaBfqbcFOcmrdOltvVWhiIzPpb2qvp5YdDRwP","privKey":"CGubBpPTY4xIDqxwxWQbCo1Q+0EUaRfz1ctzzq03UXA="},"lastRemoteEphemeralKey":"BUfRxC2trFKGcYnjb/RW7i76aSQHbq5MbCftjlJg0EBY","previousCounter":21,"rootKey":"OfwlAyD6o58jryupDo3CCkp/kbZkfxI0KSs9OTyPhZM="},"indexInfo":{"baseKey":"BUTXpPIQwYcx6CC8/lbrEQOIT39Acm50rj2XTHzHlNYV","baseKeyType":1,"closed":-1,"used":1687069521512,"created":1687069096090,"remoteIdentityKey":"BZJZDXobkWjbipxUV4nfIrYo0EzlLU7iYrEzmPOykvhF"},"_chains":{"Ba5bEDDbPc3YVmonsQGTLxqQJuCyIXhOYDo6Y+eU+60L":{"chainKey":{"counter":0},"chainType":2,"messageKeys":{}},"BUfRxC2trFKGcYnjb/RW7i76aSQHbq5MbCftjlJg0EBY":{"chainKey":{"counter":0,"key":"o0JPt9onlITq2GGoWekWyKCQJwWIwWJSoEXLMndqP3I="},"chainType":2,"messageKeys":{}},"BQao0yxGaBfqbcFOcmrdOltvVWhiIzPpb2qvp5YdDRwP":{"chainKey":{"counter":0,"key":"OcVZdwmh+07ZdZxdz/9qj7hqYu21jY3D3RXsZibJmY4="},"chainType":1,"messageKeys":{}}}}},"version":"v1"}