{"_sessions":{"BakKs1sizITpmMq0OFNarB4P5xLDm78dwDx6IdYtv65I":{"registrationId":8542,"currentRatchet":{"ephemeralKeyPair":{"pubKey":"BYMsbmHA2CcU8eCI5nPG4Al6m/sJYnnUY2LW17q/DSl1","privKey":"0BJ98xPGFubNfnaxIpoL57TKJY83gYz8GRZM9TaXhUY="},"lastRemoteEphemeralKey":"BRxxQnEV+A+YgOoAO11o1VYQfmuCB7+4rlgaMtaIWlwE","previousCounter":0,"rootKey":"C3o1OflEBoGiR273i1/0A2166Y4pYnquqwhjuqS1+v0="},"indexInfo":{"baseKey":"BakKs1sizITpmMq0OFNarB4P5xLDm78dwDx6IdYtv65I","baseKeyType":1,"closed":-1,"used":1687069123651,"created":1687069123651,"remoteIdentityKey":"BT0s0WO/meQcXZmeSjL0WrJDPYAQrdRkxyadUHORu8UG"},"_chains":{"BYMsbmHA2CcU8eCI5nPG4Al6m/sJYnnUY2LW17q/DSl1":{"chainKey":{"counter":0,"key":"zFTTyTxFk1COYc93KayA/adsGH60bB76G0pewE7Muf8="},"chainType":1,"messageKeys":{}}},"pendingPreKey":{"signedKeyId":2,"baseKey":"BakKs1sizITpmMq0OFNarB4P5xLDm78dwDx6IdYtv65I","preKeyId":387}}},"version":"v1"}