{"_sessions":{"BRSn6lCwUi57oXtT9uYPa5T+BBkMQvXRBMxjg9J+qkcA":{"registrationId":1089302756,"currentRatchet":{"ephemeralKeyPair":{"pubKey":"BfyrSefHztwH5fqouGsjPoKuZRa5lbxD4h1JC/0eDrMz","privKey":"sGPGG1lDBoj2ypwksEz9mqwRXt7GAIK3gLNOCQK5olo="},"lastRemoteEphemeralKey":"BVRAY8XzMJLbyO/Ft7+rMo8RUMTPfp3OMDWp1ut+mYJL","previousCounter":0,"rootKey":"lalJZyWu1nduv1p4KCJ3PPpR+G0hLKoXIkoO8HvMiQU="},"indexInfo":{"baseKey":"BRSn6lCwUi57oXtT9uYPa5T+BBkMQvXRBMxjg9J+qkcA","baseKeyType":1,"closed":-1,"used":1687170845615,"created":1687170845615,"remoteIdentityKey":"BU6Uq9bSMzrJ9NOpDEJJioE9UpolLbL+ZN0Tpx49X7Jd"},"_chains":{"BfyrSefHztwH5fqouGsjPoKuZRa5lbxD4h1JC/0eDrMz":{"chainKey":{"counter":1,"key":"84Ss53cFeb/KqOwI7/Za/MHFUGeqIkGfL5Xj1xKSsLQ="},"chainType":1,"messageKeys":{}}},"pendingPreKey":{"signedKeyId":1,"baseKey":"BRSn6lCwUi57oXtT9uYPa5T+BBkMQvXRBMxjg9J+qkcA","preKeyId":9350170}}},"version":"v1"}