{"_sessions":{"BUXDXOlnxVD0Et3kysWmGSCrGbYzYqcGXqpJDq/V1CQA":{"registrationId":9018,"currentRatchet":{"ephemeralKeyPair":{"pubKey":"BSAp02zHLVe11rxEiL2U555ZkRZZVOGohKijG3exv1Yx","privKey":"ANb3RTYbVZSqVcDUVnAZWXJUHxDvxW97Id0OOTtRQ3I="},"lastRemoteEphemeralKey":"BUrZjksga2LxNIShD4bJPb8+83nOmfZSTu0drcNBdgUa","previousCounter":0,"rootKey":"I3pNUiOZqBXR/rTP4Uy2p8nT3TvcWjae6HSScHLgN1s="},"indexInfo":{"baseKey":"BUXDXOlnxVD0Et3kysWmGSCrGbYzYqcGXqpJDq/V1CQA","baseKeyType":1,"closed":-1,"used":1687174146782,"created":1687174146782,"remoteIdentityKey":"BSmNgRUg/FXV6ePRVzNvaQzEditt0iq90AvxyC0u+wMi"},"_chains":{"BSAp02zHLVe11rxEiL2U555ZkRZZVOGohKijG3exv1Yx":{"chainKey":{"counter":0,"key":"12G0hq52GbKAFJg0pduMI3Dkc3s4alIKlN2eHifU2tY="},"chainType":1,"messageKeys":{}}},"pendingPreKey":{"signedKeyId":1,"baseKey":"BUXDXOlnxVD0Et3kysWmGSCrGbYzYqcGXqpJDq/V1CQA","preKeyId":173}}},"version":"v1"}