{"_sessions":{"BTBrZhtfQj3BIc2TnxddvGHHWQ1MzVNgHIndXIAFnepf":{"registrationId":9884041,"currentRatchet":{"ephemeralKeyPair":{"pubKey":"BVINjQywkhgCixfJVYr1UUlPST0On53TvZRLu9l9DOdB","privKey":"qInFYPeqTcJFcHdAlOd+wOcJfH4kPySbIQDpSzhIkkc="},"lastRemoteEphemeralKey":"BdTA8WMaAz0+4zDw7v7g+eos7GQNZg0X/NB5oUxJK2xt","previousCounter":0,"rootKey":"n+BvTKP4NAacoEzWanAWB8d5niCI+p3iH5pdogPKTzk="},"indexInfo":{"baseKey":"BTBrZhtfQj3BIc2TnxddvGHHWQ1MzVNgHIndXIAFnepf","baseKeyType":1,"closed":-1,"used":1687069096059,"created":1687069096059,"remoteIdentityKey":"BUODlwSckAJnuD1UOP/Zct+oQAvBzqovhDNOtE3WCdVC"},"_chains":{"BVINjQywkhgCixfJVYr1UUlPST0On53TvZRLu9l9DOdB":{"chainKey":{"counter":1,"key":"dIid2CtJ0/4rkPew0CgrWkfPbP4O+bfO2lmet4oTfpo="},"chainType":1,"messageKeys":{}}},"pendingPreKey":{"signedKeyId":9,"baseKey":"BTBrZhtfQj3BIc2TnxddvGHHWQ1MzVNgHIndXIAFnepf","preKeyId":3886629}}},"version":"v1"}