{"_sessions":{"BfmxC11VD8Rq8tMaP6oB+LI+rLAHRf/4n9SkKIt5kah3":{"registrationId":1467472621,"currentRatchet":{"ephemeralKeyPair":{"pubKey":"BbfZ7NFAqMRCythCA5l4pYpekCJm1PbDzYvPXmzcG+IV","privKey":"4HETbCXDcO2wMHoxL9PX9w+HjIMU+iTk8nwQTRDE7GE="},"lastRemoteEphemeralKey":"BblXgDlmbSGGb17n4pyw38J3VOBmOzuHI2t7B+cDD4Br","previousCounter":0,"rootKey":"cNprarual0MhkRmTg8fq+0RrHwgiPLR22pwKiZdLzLU="},"indexInfo":{"baseKey":"BfmxC11VD8Rq8tMaP6oB+LI+rLAHRf/4n9SkKIt5kah3","baseKeyType":2,"closed":-1,"used":1687171846596,"created":1687171846596,"remoteIdentityKey":"BbeRk4y3NRTv9OCQm7mjMWtK2SYRKVy2ea6kMN4/5qIb"},"_chains":{"BblXgDlmbSGGb17n4pyw38J3VOBmOzuHI2t7B+cDD4Br":{"chainKey":{"counter":0,"key":"INf2dz58TFicrZ2oBUzFjs/712FAaRU9lxL/A5Y91Vs="},"chainType":2,"messageKeys":{}},"BbfZ7NFAqMRCythCA5l4pYpekCJm1PbDzYvPXmzcG+IV":{"chainKey":{"counter":1,"key":"198iZ/ueLbUieM+c9LRSIp4Wm5SX6OVPu7SY/ZhkYGU="},"chainType":1,"messageKeys":{}}}}},"version":"v1"}