{"_sessions":{"BUIaOB9zTgy6Mp+Dzz1OopbSrZ7s80ZT83fl+Q1z529m":{"registrationId":11719,"currentRatchet":{"ephemeralKeyPair":{"pubKey":"BQ3LRvcPFU6T68x7OqujStX/AlQQOdS4C8J6ALYt9zQd","privKey":"WM3/ZyLcRm3Z4UjQ4R+42tB9MBEG0zVUx90dMXxnuE8="},"lastRemoteEphemeralKey":"BZDlq2fEUY+GPKo9aXIo+xFkFpWjdtIpclyDCud9iM9p","previousCounter":0,"rootKey":"UVT2i8eTqDrqo1R+Oz3oIZE1kXXkNR7lCIenZCJlzvI="},"indexInfo":{"baseKey":"BUIaOB9zTgy6Mp+Dzz1OopbSrZ7s80ZT83fl+Q1z529m","baseKeyType":1,"closed":-1,"used":1687174146836,"created":1687174146836,"remoteIdentityKey":"BbiQeeQ0/tK9RId/8E0+OODCfmpf5/d+zeLXLldpjYto"},"_chains":{"BQ3LRvcPFU6T68x7OqujStX/AlQQOdS4C8J6ALYt9zQd":{"chainKey":{"counter":0,"key":"RNyYWaycELZo2+YabS8U2O+3qr/fU8EuqdgDfM9dXXw="},"chainType":1,"messageKeys":{}}},"pendingPreKey":{"signedKeyId":1,"baseKey":"BUIaOB9zTgy6Mp+Dzz1OopbSrZ7s80ZT83fl+Q1z529m"}}},"version":"v1"}