{"_sessions":{"BSQCMXCQVhDs+37Kd1Va0mFouvZvtS1kjjUrCl8XBqx2":{"registrationId":100,"currentRatchet":{"ephemeralKeyPair":{"pubKey":"BYax4mieeHsvgHkUBgAts4rcr8WJnSxhLNdP+fPkJiQk","privKey":"+CSdCQ3VcrgUq85NfDpsE64muKb/mL3UnoJd/caO40o="},"lastRemoteEphemeralKey":"BXvhcyCWTd3dzdCHIfuHy+NBJSt7Ri36A9eaq/UPPBZe","previousCounter":0,"rootKey":"J89DVkeU74YeWH5VSguPlKU7XHsrcUrxeAcxveCF9xs="},"indexInfo":{"baseKey":"BSQCMXCQVhDs+37Kd1Va0mFouvZvtS1kjjUrCl8XBqx2","baseKeyType":1,"closed":-1,"used":1687069522433,"created":1687069522433,"remoteIdentityKey":"BRRPy4DME5ryYg/i0YzSteahgRHmkk5oVADXKPe0yIU2"},"_chains":{"BYax4mieeHsvgHkUBgAts4rcr8WJnSxhLNdP+fPkJiQk":{"chainKey":{"counter":0,"key":"7r8J2trYUdmYhVFTrzcG1j0P3tZu1WjGysInxcZzeBc="},"chainType":1,"messageKeys":{}}},"pendingPreKey":{"signedKeyId":1,"baseKey":"BSQCMXCQVhDs+37Kd1Va0mFouvZvtS1kjjUrCl8XBqx2","preKeyId":20}}},"version":"v1"}