{"_sessions":{"BY2PNFdasPQKlDPfMILulElG3G1yDVJ0T0lg37Z3/qhQ":{"registrationId":900165816,"currentRatchet":{"ephemeralKeyPair":{"pubKey":"BbpQtoq7FP9mRbPhoxGl6/6FgEtGvvRcxmMBwXHi5K5Y","privKey":"gACQFIQIQdNK/WhjeXkCKR6s+lrNhfzjNbjWICSZMm8="},"lastRemoteEphemeralKey":"BaJe0oez2G3r8IF29z8LxmMVkCmyZvk2KgXG9i4iDI4n","previousCounter":0,"rootKey":"9+kTOkCEKpJMpgMpPiTLPaPktt9dFc7N4oiDF7SsYaI="},"indexInfo":{"baseKey":"BY2PNFdasPQKlDPfMILulElG3G1yDVJ0T0lg37Z3/qhQ","baseKeyType":1,"closed":-1,"used":1687170810917,"created":1687170810917,"remoteIdentityKey":"BZiC3wklmcyWiSZmK3AdwaFoMqNFNrGyGP7+PRDtVUBS"},"_chains":{"BbpQtoq7FP9mRbPhoxGl6/6FgEtGvvRcxmMBwXHi5K5Y":{"chainKey":{"counter":0,"key":"nsjAcNQhTtupOBZ7rlk6/aSA/HoZXigBV8cQ9jJHEGY="},"chainType":1,"messageKeys":{}}},"pendingPreKey":{"signedKeyId":0,"baseKey":"BY2PNFdasPQKlDPfMILulElG3G1yDVJ0T0lg37Z3/qhQ","preKeyId":11051190}}},"version":"v1"}