{"_sessions":{"Bfb1wh+CT+8bRnZFcBQvWkROrQK7IufripEs0CstAfwl":{"registrationId":1915256377,"currentRatchet":{"ephemeralKeyPair":{"pubKey":"BctiDE1mduz51/iDkJ1A6hGzbol7Sg+ZoxeHGwgMpMFl","privKey":"iEMyRsBEOQuk0d2m9SUuUxw+aMV9C54MOXK7aHjqVH0="},"lastRemoteEphemeralKey":"Bb/nHGHk3b2a5NpS+mBcTl1Gs69qD7K+MgL2muYxjxVD","previousCounter":0,"rootKey":"aQbuIM3WW8CNgDYq5vrqHhfiEks+tS20obWiNo3IzTA="},"indexInfo":{"baseKey":"Bfb1wh+CT+8bRnZFcBQvWkROrQK7IufripEs0CstAfwl","baseKeyType":1,"closed":-1,"used":1687069123655,"created":1687069123655,"remoteIdentityKey":"BRejQO1o02edzj0ErJvH3pX1ZMx/lsY5O00Tf6aHxLd0"},"_chains":{"BctiDE1mduz51/iDkJ1A6hGzbol7Sg+ZoxeHGwgMpMFl":{"chainKey":{"counter":0,"key":"fkvW/zcA41t1potI9LZLUgS0h4zX0wR9hcxOedWSFJw="},"chainType":1,"messageKeys":{}}},"pendingPreKey":{"signedKeyId":32,"baseKey":"Bfb1wh+CT+8bRnZFcBQvWkROrQK7IufripEs0CstAfwl","preKeyId":12204451}}},"version":"v1"}