{"_sessions":{"BShEm0TEJDL1/hZUwQHqFnHW2Nrv5pjzK6zK71SzvjtQ":{"registrationId":2123198152,"currentRatchet":{"ephemeralKeyPair":{"pubKey":"BdRr2gKJVglkb4DDGgTZJIyD0dVIqX3yX7G84n/mxl5p","privKey":"YOV8FQ+PfzXWHXE7JqGYbJa06OFZWi79GXecBt4AznE="},"lastRemoteEphemeralKey":"BccaRlkdCN3EffX0DsbQtwd3VPvfZZlxj4+2IslHnWUv","previousCounter":0,"rootKey":"q3W850WLjs+vI4/GPMl2gz5TeXwwUPGab2jBjnCwwC8="},"indexInfo":{"baseKey":"BShEm0TEJDL1/hZUwQHqFnHW2Nrv5pjzK6zK71SzvjtQ","baseKeyType":1,"closed":-1,"used":1687172630317,"created":1687170846195,"remoteIdentityKey":"BQ2K2tVLHPocuVY4reWuG2uXx2MrVy97jrr5L21KUtg5"},"_chains":{"BccaRlkdCN3EffX0DsbQtwd3VPvfZZlxj4+2IslHnWUv":{"chainKey":{"counter":0,"key":"az0EVTPi603bwaSK1msQ8iHF51SlcBpcQme9Brg1gkI="},"chainType":2,"messageKeys":{}},"BdRr2gKJVglkb4DDGgTZJIyD0dVIqX3yX7G84n/mxl5p":{"chainKey":{"counter":0,"key":"Z/gXfjaWFpmaRTpxqQ6/xn2HXAuvlyMfog5PXwvS6JE="},"chainType":1,"messageKeys":{}}}}},"version":"v1"}