{"_sessions":{"BVzWqMDIAVR5dsQTIOlQimG9b8Kt1JrsLeKZyn8c0D4Y":{"registrationId":568613797,"currentRatchet":{"ephemeralKeyPair":{"pubKey":"BTiZ0Km11qEgWw7cupVU5VI+Oj2sWcRKTqglxCNST2cR","privKey":"6GZ+R/A+wn1vB19EX4RGwUHqyK+52cq7ltkVxg0PDkY="},"lastRemoteEphemeralKey":"Bcyml77JaMgiUZxACQxm1c9RvAUS8C7N0MwDOti94asd","previousCounter":0,"rootKey":"W8TRKEq/yyAMLdOhKGAE9ErDQARHaW0Hpv8L31InOWU="},"indexInfo":{"baseKey":"BVzWqMDIAVR5dsQTIOlQimG9b8Kt1JrsLeKZyn8c0D4Y","baseKeyType":1,"closed":-1,"used":1687174147073,"created":1687174147073,"remoteIdentityKey":"BZuCfS1D8ZBZoIo45pCCQ+FUjdKGCUEnZUez6YX9rOB/"},"_chains":{"BTiZ0Km11qEgWw7cupVU5VI+Oj2sWcRKTqglxCNST2cR":{"chainKey":{"counter":0,"key":"sA9SIJiF9JrzQ7VL2hEl0NcvLIiYbqJxAgSBHMdkf1E="},"chainType":1,"messageKeys":{}}},"pendingPreKey":{"signedKeyId":19,"baseKey":"BVzWqMDIAVR5dsQTIOlQimG9b8Kt1JrsLeKZyn8c0D4Y","preKeyId":3973996}}},"version":"v1"}