{"_sessions":{"Bf7ZDF1Y4IPDjtXS4/2ynRC/rd65n9p6ZAO4qB2Q7Gpz":{"registrationId":70801380,"currentRatchet":{"ephemeralKeyPair":{"pubKey":"Beaowyv/dTOIMFydWHuh+0nhdqys0mPVLan5mfEKokUk","privKey":"6BRxQ5O0jN81U/ywwcvYqQglNSyHo3gUMIDuXeelmVI="},"lastRemoteEphemeralKey":"BfrdGZFkWMoeBScApTrhTYM/ENT2zuaKMSFL+hfutqcY","previousCounter":0,"rootKey":"hU0ilIyi9N5GAiJh5MRw4gBzcZLJorwtOIbnhY8rtyA="},"indexInfo":{"baseKey":"Bf7ZDF1Y4IPDjtXS4/2ynRC/rd65n9p6ZAO4qB2Q7Gpz","baseKeyType":1,"closed":-1,"used":1687170845742,"created":1687170845742,"remoteIdentityKey":"BbcrYGiW4e4NUspnLzf7xccBp2GMR0r/VGI23zY4C2Ug"},"_chains":{"Beaowyv/dTOIMFydWHuh+0nhdqys0mPVLan5mfEKokUk":{"chainKey":{"counter":1,"key":"QyaStEuPlZgz/Ub9cy8+xuK1IibVTEACKBNzNv5qct4="},"chainType":1,"messageKeys":{}}},"pendingPreKey":{"signedKeyId":5,"baseKey":"Bf7ZDF1Y4IPDjtXS4/2ynRC/rd65n9p6ZAO4qB2Q7Gpz","preKeyId":13445674}}},"version":"v1"}