{"_sessions":{"BfzxaDECjNN5y2Ed/1LBbknV6viGeyyFeKifaCjCeGVj":{"registrationId":1754903284,"currentRatchet":{"ephemeralKeyPair":{"pubKey":"BRrpZ7hEiJR3WCDJjFyYvLT92UMK7u5EJJ1x/yO4+I0B","privKey":"cHpjOfvhSOwt0my3DNWt+oNKaKwtAixZFzYFso7s3Us="},"lastRemoteEphemeralKey":"BZ1TUkyfVbmWd0ma7nnelh8diMt/D+GxQDN4qdQ6i/0T","previousCounter":0,"rootKey":"UB+sF86DWIz+9HywR8pPh9K/HK7MPBBaOh6gN+2/dos="},"indexInfo":{"baseKey":"BfzxaDECjNN5y2Ed/1LBbknV6viGeyyFeKifaCjCeGVj","baseKeyType":1,"closed":-1,"used":1687184001875,"created":1687174146989,"remoteIdentityKey":"BWHcUc3zFAZu48PSR9PilzKEANADqZsmnjK0AuKbMnY3"},"_chains":{"BZ1TUkyfVbmWd0ma7nnelh8diMt/D+GxQDN4qdQ6i/0T":{"chainKey":{"counter":0,"key":"DfMkkNDGgOewJrAFOOMfxZv2nzrSP1YTKoJCQU/NRCw="},"chainType":2,"messageKeys":{}},"BRrpZ7hEiJR3WCDJjFyYvLT92UMK7u5EJJ1x/yO4+I0B":{"chainKey":{"counter":-1,"key":"av7TmBdGQANhE970qZAK6kgM3R+jdb7Mtowr3eYLerA="},"chainType":1,"messageKeys":{}}}}},"version":"v1"}