{"_sessions":{"BUP7RcnYuoFht/QfYksfsQuRbEBOAk/5/QKImysGC9Jw":{"registrationId":1803105845,"currentRatchet":{"ephemeralKeyPair":{"pubKey":"BYO0KlQPTmJo3ZXQpPpBHqzBSl886ixk0DgTX/dVaXE3","privKey":"0EtfjuwhBEFEO4wjakNPRGaRRw7GhtIirxIaTwdMKE8="},"lastRemoteEphemeralKey":"BfL314mWBqyA7i/XrtSMA+xnyJj992anqDsKvWbZj4hF","previousCounter":0,"rootKey":"u7B32jp/6+MhTrm8feW3Q9582gGoZNVqzwZZnvHHC2o="},"indexInfo":{"baseKey":"BUP7RcnYuoFht/QfYksfsQuRbEBOAk/5/QKImysGC9Jw","baseKeyType":1,"closed":-1,"used":1687171446661,"created":1687170811111,"remoteIdentityKey":"BQE/uy0L8UNcop7pRuJ47W+SutXjz7ge1C+75PgD2Gk4"},"_chains":{"BfL314mWBqyA7i/XrtSMA+xnyJj992anqDsKvWbZj4hF":{"chainKey":{"counter":0,"key":"bQ/8MZaNmRps4xrRMzXCQ7HeqzJw99xi6QLYxDGLQJk="},"chainType":2,"messageKeys":{}},"BYO0KlQPTmJo3ZXQpPpBHqzBSl886ixk0DgTX/dVaXE3":{"chainKey":{"counter":-1,"key":"eSdYv0qStuJ0gKlkDzlkz9yNpmWfmAFFRED7TKwPegU="},"chainType":1,"messageKeys":{}}}}},"version":"v1"}