{"_sessions":{"Bcvos7VguOqYnX4OBaxC4Q/9QYCt8yjh4ro7EtDDlnc4":{"registrationId":524728837,"currentRatchet":{"ephemeralKeyPair":{"pubKey":"BfAPKoyuuLV2jIqNcCGaxwZRuVtb1fxhCEvZ6MCg4Zx+","privKey":"cBQTrYC+cA5LL/+ka4u6I18dc392i85KfAf9zDeet3k="},"lastRemoteEphemeralKey":"BYCE4o9GRbWAZ+0LnkPBISfKmjCrWJe43P6IMpZl5l0Q","previousCounter":0,"rootKey":"0n5kLz7CrkAE6ewl02sSZIzu8GQM4Ao7674M1OK3Pw0="},"indexInfo":{"baseKey":"Bcvos7VguOqYnX4OBaxC4Q/9QYCt8yjh4ro7EtDDlnc4","baseKeyType":1,"closed":-1,"used":1687174147091,"created":1687174147091,"remoteIdentityKey":"BbnD6RXtzxZ/+GClprvwNSVQ2kT7qryNbDIN0J5FYCQa"},"_chains":{"BfAPKoyuuLV2jIqNcCGaxwZRuVtb1fxhCEvZ6MCg4Zx+":{"chainKey":{"counter":0,"key":"DHaZFfQqXjwtDMQ20GLjvRz8r/LXNMn36sSddZ6zJ/8="},"chainType":1,"messageKeys":{}}},"pendingPreKey":{"signedKeyId":3,"baseKey":"Bcvos7VguOqYnX4OBaxC4Q/9QYCt8yjh4ro7EtDDlnc4","preKeyId":10187071}}},"version":"v1"}