{"_sessions":{"BZtk2+bnCE0Gx3F4I68w9kQwjHxw2q2Ao9aEa1fv/tN5":{"registrationId":2648915,"currentRatchet":{"ephemeralKeyPair":{"pubKey":"BbLS+HyaZ3To8NKx+ffrsWdTHXpePBgIggSeHKfzuk1V","privKey":"sCKWK/xcT9S98eI7u9Rz//Rtb5feV/oOaXNvodZbnEg="},"lastRemoteEphemeralKey":"BdL1Ic8ACC2HDJvzS6zk8Plf20gvMM/yr5knyVPDKg9t","previousCounter":0,"rootKey":"hBeRH52BrdIVFfLThntTAgwValrGcGBfosUk/gKx3I4="},"indexInfo":{"baseKey":"BZtk2+bnCE0Gx3F4I68w9kQwjHxw2q2Ao9aEa1fv/tN5","baseKeyType":1,"closed":-1,"used":1687170845680,"created":1687170845680,"remoteIdentityKey":"BTMtQtLugmiERD84/FzXhEkutcz3VmoIZk/mkz+wlNNC"},"_chains":{"BbLS+HyaZ3To8NKx+ffrsWdTHXpePBgIggSeHKfzuk1V":{"chainKey":{"counter":1,"key":"majIOLcpeRWGH4ahQmWtefgsySku6uPKEKNhX7T5QLs="},"chainType":1,"messageKeys":{}}},"pendingPreKey":{"signedKeyId":0,"baseKey":"BZtk2+bnCE0Gx3F4I68w9kQwjHxw2q2Ao9aEa1fv/tN5","preKeyId":5348424}}},"version":"v1"}