{"_sessions":{"BXc6653SzSAcqP3p08zKU2Vbgr1eKTJuhW1hlHdu+iIl":{"registrationId":1472699537,"currentRatchet":{"ephemeralKeyPair":{"pubKey":"BfPd1Kqw1alJQn4R322b9Aaq/cf5vYevLafmEIVdjhRz","privKey":"eMJ6wpjbULzFkcmI/nQCt49XrQUFWNlF2hZ4Ncpy2kw="},"lastRemoteEphemeralKey":"BZNBRYU6UIW6Nrk1eE152XP67a3UjhQJWH9W/mgePK5a","previousCounter":0,"rootKey":"PPFcL0g6J2grFUf+Kd416lOu1h23Z+PPdPE3irVoNJY="},"indexInfo":{"baseKey":"BXc6653SzSAcqP3p08zKU2Vbgr1eKTJuhW1hlHdu+iIl","baseKeyType":1,"closed":-1,"used":1687170810984,"created":1687170810984,"remoteIdentityKey":"BSTKJ38gEWjqYAznB2usa2DJpJlMAx0vuF8bfOyX9CcZ"},"_chains":{"BfPd1Kqw1alJQn4R322b9Aaq/cf5vYevLafmEIVdjhRz":{"chainKey":{"counter":0,"key":"imnf+P0StgM5kHKW2ryTRL0sB6LxmnhNZGak2MrxoQc="},"chainType":1,"messageKeys":{}}},"pendingPreKey":{"signedKeyId":2,"baseKey":"BXc6653SzSAcqP3p08zKU2Vbgr1eKTJuhW1hlHdu+iIl","preKeyId":13539182}}},"version":"v1"}