{"_sessions":{"BRhXQDRa/Oj/2KjIyItzkR7B6XS1RYraxyM7SaGtqytK":{"registrationId":1191169351,"currentRatchet":{"ephemeralKeyPair":{"pubKey":"BdGwYAKW1wAN6/NbtDaqDRh8WyB6NEFXfj5c0kGjIqxH","privKey":"mKr/siXjQ5yiMMcGQK1ee49dyi0Bes9i8hYgaIF2eUk="},"lastRemoteEphemeralKey":"BS4nHfDZuGEbop1BuCf/NwwgC/X70S24nxMmX0J+4JUm","previousCounter":0,"rootKey":"9ZVBdZMUwf6GaWfmvE06UPjy/bOYxLxfF0d+du30BEA="},"indexInfo":{"baseKey":"BRhXQDRa/Oj/2KjIyItzkR7B6XS1RYraxyM7SaGtqytK","baseKeyType":1,"closed":-1,"used":1687069148845,"created":1687069148845,"remoteIdentityKey":"BRXhuxwkxst9IGAMHnUa1uDsPHWC/ZQ97vjH3ZI6UZhk"},"_chains":{"BdGwYAKW1wAN6/NbtDaqDRh8WyB6NEFXfj5c0kGjIqxH":{"chainKey":{"counter":21,"key":"s7BqTQD/n564u8szmoTly8jMMzBGhs5hkuAsZoTgRlY="},"chainType":1,"messageKeys":{}}},"pendingPreKey":{"signedKeyId":5,"baseKey":"BRhXQDRa/Oj/2KjIyItzkR7B6XS1RYraxyM7SaGtqytK","preKeyId":2644784}}},"version":"v1"}