{"_sessions":{"BRo58ReIOIJyGFnNTet4rd3i8QTLnKhV5PUFnq0PDohM":{"registrationId":653608667,"currentRatchet":{"ephemeralKeyPair":{"pubKey":"BTOoAuYjznIwinv48KBMIv1puOXxLY5oCBiux5XcZn8D","privKey":"AJvDJVi8CIn1hKVeBy5H0ms4NcSMTMX6a5kgsh3PpHY="},"lastRemoteEphemeralKey":"BcFq9AlD5Hnc3sJ6is7PcZllLMdyLy/Q42pcjis39as4","previousCounter":0,"rootKey":"8t+KV15KZHwc41VhsU/HaevJyTffXjHHvU+RCGEAxR4="},"indexInfo":{"baseKey":"BRo58ReIOIJyGFnNTet4rd3i8QTLnKhV5PUFnq0PDohM","baseKeyType":1,"closed":-1,"used":1687170811195,"created":1687170811195,"remoteIdentityKey":"BbsiA1E+Qv0DNPPM05rDEaWo6jOelkMp1deEPZHng2lW"},"_chains":{"BTOoAuYjznIwinv48KBMIv1puOXxLY5oCBiux5XcZn8D":{"chainKey":{"counter":0,"key":"KZyC/kMEucMb9oGHk44l6MQQJSf+7apCRJwsGA6w8QI="},"chainType":1,"messageKeys":{}}},"pendingPreKey":{"signedKeyId":7,"baseKey":"BRo58ReIOIJyGFnNTet4rd3i8QTLnKhV5PUFnq0PDohM","preKeyId":14567836}}},"version":"v1"}