{"_sessions":{"BZu4QdXY8U7di8LxVqHzPQIeP8rCL2OG1Oc6iVLwZJ0X":{"registrationId":41509281,"currentRatchet":{"ephemeralKeyPair":{"pubKey":"BS24JSt/3hEjPr3OoFb75nLufIfufIvt+NqOIMeP9Hh+","privKey":"EB97OuddDsL7A/Y4XToADpChb7rw0vIhFX2dBZLy0ls="},"lastRemoteEphemeralKey":"BZ86oLvxkBuK/26EsbU/P1whWUlMNWzEcNqRUxsf9iMQ","previousCounter":0,"rootKey":"uD9ZB43WORVH7gszTzU5IMruKcLi74K4WlHI7Qn+R9M="},"indexInfo":{"baseKey":"BZu4QdXY8U7di8LxVqHzPQIeP8rCL2OG1Oc6iVLwZJ0X","baseKeyType":1,"closed":-1,"used":1687170811094,"created":1687170811094,"remoteIdentityKey":"BRNrQL2Lch1YfPkdcKi7JSI2Ic07mrZ/WpLqjciD7NEp"},"_chains":{"BS24JSt/3hEjPr3OoFb75nLufIfufIvt+NqOIMeP9Hh+":{"chainKey":{"counter":0,"key":"10wIlpVGao2RDNQpZtWxtpqswNG94OS1rn6JyndGx2g="},"chainType":1,"messageKeys":{}}},"pendingPreKey":{"signedKeyId":12,"baseKey":"BZu4QdXY8U7di8LxVqHzPQIeP8rCL2OG1Oc6iVLwZJ0X","preKeyId":11144701}}},"version":"v1"}