{"_sessions":{"Bbs4LAfOQJ0vXon8+AvVyk8zq8u4qZex2dV7sd4tGl4S":{"registrationId":709367251,"currentRatchet":{"ephemeralKeyPair":{"pubKey":"BQQPmk7XI+yAJaci3lzci2RvSeYbl26G7Grk51W3zgUT","privKey":"iHGaF1lx5MJv2mDK2g+1b8LHmZ52R5wAmpTl5YhIHlw="},"lastRemoteEphemeralKey":"BaOfKBlzos6jjc6wQ1/LyL24QpwNzkxHLcyR8TDdQ0sw","previousCounter":0,"rootKey":"/w9gAaj7RTg35pPVGdfTsep5Y3fwvy+VAkOU/RxRqYc="},"indexInfo":{"baseKey":"Bbs4LAfOQJ0vXon8+AvVyk8zq8u4qZex2dV7sd4tGl4S","baseKeyType":1,"closed":-1,"used":1687173009211,"created":1687170846218,"remoteIdentityKey":"BQTxB4mvMRVPf7FBaBXtGWJHGYfdBOIK9D3nCzk99gt4"},"_chains":{"BaOfKBlzos6jjc6wQ1/LyL24QpwNzkxHLcyR8TDdQ0sw":{"chainKey":{"counter":0,"key":"25GZbjQR6rhZABujizhfuuosF7W0l4B/J/fhmmsfpBM="},"chainType":2,"messageKeys":{}},"BQQPmk7XI+yAJaci3lzci2RvSeYbl26G7Grk51W3zgUT":{"chainKey":{"counter":0,"key":"VmI/UUiiZoJDWoT2Xv+6SDgZAyItEQykrlCM1Mur3Hk="},"chainType":1,"messageKeys":{}}}}},"version":"v1"}