{"_sessions":{"BYMnPdddh4M68DKITy60x1No/NNjmlkVap5rIgDTg/Yo":{"registrationId":1232771906,"currentRatchet":{"ephemeralKeyPair":{"pubKey":"BQ06b9OZtfKPYANVYP2XHdVUEZQXjlzZfPycp3NV7Asp","privKey":"8LxN+59rrw7QC+dyse0+8j/eYTC5kloH0+apFSbpy3k="},"lastRemoteEphemeralKey":"BTBANh2F4/Tj7W6gJrmeqDFWY/RIwQoJ5291XJmwsGVW","previousCounter":0,"rootKey":"OH6xz33Iwn6Pseue60FKeHkcqSE3m98ddaXmP6acjFQ="},"indexInfo":{"baseKey":"BYMnPdddh4M68DKITy60x1No/NNjmlkVap5rIgDTg/Yo","baseKeyType":1,"closed":-1,"used":1687170845451,"created":1687170845451,"remoteIdentityKey":"BZH+wYl51IhMaQbzbl2xpSka2oau3A1de94CQsFrRLpC"},"_chains":{"BQ06b9OZtfKPYANVYP2XHdVUEZQXjlzZfPycp3NV7Asp":{"chainKey":{"counter":1,"key":"7WVdmgTSRK2X/dTiN0DeqSHS0M8OSGUY/MrXr2qbS0c="},"chainType":1,"messageKeys":{}}},"pendingPreKey":{"signedKeyId":10,"baseKey":"BYMnPdddh4M68DKITy60x1No/NNjmlkVap5rIgDTg/Yo","preKeyId":15130099}}},"version":"v1"}