{"_sessions":{"BXGYgRYgrni2rr/x1BW7KsWiyIJ+N1ScIWLSzmtp9LBq":{"registrationId":1035798852,"currentRatchet":{"ephemeralKeyPair":{"pubKey":"BQa7hXvQSjPZ5DXgmz97EQrkFPpnOAxtZW+KVFSjDxpq","privKey":"eFytylRQa1QrlPQl17YC3epK/4F2nCMyDqRKqptNOlo="},"lastRemoteEphemeralKey":"BQDTbexa4ODDD29RIz2L5/9ws0aSRqfFNC/pSIbzOVs3","previousCounter":0,"rootKey":"osjCBSKHTjFH3elngSknFKpt8+iJkg7h06w7HdsnUg0="},"indexInfo":{"baseKey":"BXGYgRYgrni2rr/x1BW7KsWiyIJ+N1ScIWLSzmtp9LBq","baseKeyType":1,"closed":-1,"used":1687170845862,"created":1687170845862,"remoteIdentityKey":"BXegcpQ5mpBE4PwFFXC8fwj1WhcbD77f0GkvUGCS9qw7"},"_chains":{"BQa7hXvQSjPZ5DXgmz97EQrkFPpnOAxtZW+KVFSjDxpq":{"chainKey":{"counter":1,"key":"79EgEsU7t8b4bDzeIiSLo28AZQAqGCjWkwncchjrncc="},"chainType":1,"messageKeys":{}}},"pendingPreKey":{"signedKeyId":2,"baseKey":"BXGYgRYgrni2rr/x1BW7KsWiyIJ+N1ScIWLSzmtp9LBq","preKeyId":2322740}}},"version":"v1"}