{"_sessions":{"BRD+Jwnpq0pc2v+CgbUOKoV50NuDrbS16FG6W4ytRbFl":{"registrationId":1859495886,"currentRatchet":{"ephemeralKeyPair":{"pubKey":"BR0DYHmfE58/wq6cdHWKh2aZmdoVkcPAnYE/GVlhHFld","privKey":"COPYqWbfLnAYrhnCGOm2e9lcJ7+lNZL83FgrLtAg0VI="},"lastRemoteEphemeralKey":"BYgr+e0rqyHqKia/YX2IVusVxfl3uP+yxPi/XyJAkaB8","previousCounter":0,"rootKey":"8zTiC1kLGtZ0ZG95ZhBV8587jjPYTNXGqlBDXVNDlCs="},"indexInfo":{"baseKey":"BRD+Jwnpq0pc2v+CgbUOKoV50NuDrbS16FG6W4ytRbFl","baseKeyType":1,"closed":-1,"used":1687170845899,"created":1687170845899,"remoteIdentityKey":"BSp4vgBXO233vOUl4aNSEuKW1q3i6w1zjCGVEOn6hspF"},"_chains":{"BR0DYHmfE58/wq6cdHWKh2aZmdoVkcPAnYE/GVlhHFld":{"chainKey":{"counter":1,"key":"VlF4kg1+RomVk3s3jjtMFZbPD4e/1+btl81cK2yfofA="},"chainType":1,"messageKeys":{}}},"pendingPreKey":{"signedKeyId":45,"baseKey":"BRD+Jwnpq0pc2v+CgbUOKoV50NuDrbS16FG6W4ytRbFl","preKeyId":9139098}}},"version":"v1"}