{"_sessions":{"BTRp1spTBDe6g1DBeCiUiTMWD4Yi/gi+DFdrRriXOxpw":{"registrationId":896470938,"currentRatchet":{"ephemeralKeyPair":{"pubKey":"BXG/eOj1s59O1VqQQDbEjoPKrMgNKE6jax4tEUPH3M5o","privKey":"GE/WZpsI6SGXYgnmflMeEjMX8d4j14z9jQwnUGv3fXI="},"lastRemoteEphemeralKey":"Bbfb6qBqtzwRv0nLPxHhGUEgHHk9dFwTVIgAZuVGIepE","previousCounter":0,"rootKey":"uhGLwcrGTFf7So6qBc1Nq61P9H5W1p4xFA8QljPiLrE="},"indexInfo":{"baseKey":"BTRp1spTBDe6g1DBeCiUiTMWD4Yi/gi+DFdrRriXOxpw","baseKeyType":1,"closed":-1,"used":1687170845965,"created":1687170845965,"remoteIdentityKey":"Ba1fw8dUKwKCcjwKFQnkA9nwsQjbbL8BBuW3mmEWP2Um"},"_chains":{"BXG/eOj1s59O1VqQQDbEjoPKrMgNKE6jax4tEUPH3M5o":{"chainKey":{"counter":1,"key":"yZrJEiHUUs3ixr8QK5bQNAnu/vZaQpllNRAR39uGLW8="},"chainType":1,"messageKeys":{}}},"pendingPreKey":{"signedKeyId":13,"baseKey":"BTRp1spTBDe6g1DBeCiUiTMWD4Yi/gi+DFdrRriXOxpw","preKeyId":3479113}}},"version":"v1"}