{"_sessions":{"BdCv3kVi/lnmWFxAQsMXVV+SZ7w6bbQa2R9kJy68X6R8":{"registrationId":103,"currentRatchet":{"ephemeralKeyPair":{"pubKey":"BeNHGizaOc2VezaXfdyoWxBARss4xJc0o79VP9Ug7Gk8","privKey":"AGYHRd4772p7sCdzOQvya2NZ73MfhX152+uQa/aM/mg="},"lastRemoteEphemeralKey":"BRAQEIgg2PEvNHUU4iGkVylspccWf6/rSyuzCBfLww5L","previousCounter":0,"rootKey":"3b8aqolcC/9lU78KohIQZYH8W2i5kFfJRtnDB4+oM5M="},"indexInfo":{"baseKey":"BdCv3kVi/lnmWFxAQsMXVV+SZ7w6bbQa2R9kJy68X6R8","baseKeyType":1,"closed":1687069058618,"used":1687069058362,"created":1687069058362,"remoteIdentityKey":"BR/yM4nIos+MnrAhgTswrlbXn2cxi0RqdG2+/7G8yLoE"},"_chains":{"BeNHGizaOc2VezaXfdyoWxBARss4xJc0o79VP9Ug7Gk8":{"chainKey":{"counter":0,"key":"yZRNyD0YkgSqR6XQQENBGAKOhfd+KnfbBhNcxDCPTOc="},"chainType":1,"messageKeys":{}}},"pendingPreKey":{"signedKeyId":1,"baseKey":"BdCv3kVi/lnmWFxAQsMXVV+SZ7w6bbQa2R9kJy68X6R8"}},"BZGqIP28K9O83I41877e4UZ/C4URIs3AsNjL/5Exdzc4":{"registrationId":103,"currentRatchet":{"ephemeralKeyPair":{"pubKey":"BTlTDEFQKsUgTreaADtZZRHzZ9esKPjA+LOUY22ckipf","privKey":"wJQA5/VaRl88cC7JFVlwqJk9uEP0SS597Ct1aBPW82s="},"lastRemoteEphemeralKey":"BRAQEIgg2PEvNHUU4iGkVylspccWf6/rSyuzCBfLww5L","previousCounter":0,"rootKey":"cEdu957d5KZRWtQE1spjpHsmD4pJQxCoV3xf8QJdlXQ="},"indexInfo":{"baseKey":"BZGqIP28K9O83I41877e4UZ/C4URIs3AsNjL/5Exdzc4","baseKeyType":1,"closed":-1,"used":1687069058553,"created":1687069058553,"remoteIdentityKey":"BR/yM4nIos+MnrAhgTswrlbXn2cxi0RqdG2+/7G8yLoE"},"_chains":{"BTlTDEFQKsUgTreaADtZZRHzZ9esKPjA+LOUY22ckipf":{"chainKey":{"counter":28,"key":"crYf05/zJxDOzrMP3kdcHscTapQTvr90u9BhcciNYU4="},"chainType":1,"messageKeys":{}}},"pendingPreKey":{"signedKeyId":1,"baseKey":"BZGqIP28K9O83I41877e4UZ/C4URIs3AsNjL/5Exdzc4"}}},"version":"v1"}