{"_sessions":{"BbnWHsGePa9oJ2wpUy4wvcV8bSVwYppZED+CzHrOCPMI":{"registrationId":6733,"currentRatchet":{"ephemeralKeyPair":{"pubKey":"BUrTJx8LnCSkSSDMtgN/Q5WLN+q1A/aQzwQOdwsu45Y6","privKey":"4OO7bGIFNQS/zJM1g+EvvO+1xQb9hmXhToqNiFVBHWk="},"lastRemoteEphemeralKey":"BUvnttAEHqmR10S5O+LfpkqTcq1qJjZoJ8Jh1Fie1dB2","previousCounter":0,"rootKey":"tf7wgsiBKnog0LgSznOOColA71xTu0iQKvhYSWifd8s="},"indexInfo":{"baseKey":"BbnWHsGePa9oJ2wpUy4wvcV8bSVwYppZED+CzHrOCPMI","baseKeyType":2,"closed":-1,"used":1687174194133,"created":1687174144879,"remoteIdentityKey":"BYHFLLkl5JUsJLHouREUZfnHS6JhEE4g/hignP8+mSok"},"_chains":{"BXwchqgjg8i2nArLw+DkM7iv4d1n/oNz37R6mp9jmMYp":{"chainKey":{"counter":0},"chainType":2,"messageKeys":{}},"BUvnttAEHqmR10S5O+LfpkqTcq1qJjZoJ8Jh1Fie1dB2":{"chainKey":{"counter":0,"key":"Cf+lB9Dxdi/Dval6Lo7IT3LO8oSVA4BUe/x49hkB404="},"chainType":2,"messageKeys":{}},"BUrTJx8LnCSkSSDMtgN/Q5WLN+q1A/aQzwQOdwsu45Y6":{"chainKey":{"counter":0,"key":"pe4m551yU7MwWk2ysjssI2ARYcoaIXrdHdKAXgWkYQE="},"chainType":1,"messageKeys":{}}}}},"version":"v1"}