{"_sessions":{"Bejs+L0cjJ3ocQFXNB8vgmOZx4acLCDKtemyNOMA0icw":{"registrationId":1144788173,"currentRatchet":{"ephemeralKeyPair":{"pubKey":"BaLNlhMl6fIAid5Tss7xXUzgpENMwN7RYn80Ci4yonon","privKey":"kKYYvvZxxAd7r3cft9FtieWQVqkzmyDXH6srbtTnzWU="},"lastRemoteEphemeralKey":"BTsUkCwqYGruq8Tx7Nov8afMDYe8+Lkc+aHCByyAIf5M","previousCounter":1,"rootKey":"XTjXUBB1WpEQI9Y4fBCXza3WyVeur69Ps8egFTPHOzo="},"indexInfo":{"baseKey":"Bejs+L0cjJ3ocQFXNB8vgmOZx4acLCDKtemyNOMA0icw","baseKeyType":1,"closed":-1,"used":1687179293034,"created":1687170846233,"remoteIdentityKey":"BSCSGp8uQ4bxRWvJAVRwTLVMl5Up1DmqpdOIchZ4Tz9C"},"_chains":{"BTsUkCwqYGruq8Tx7Nov8afMDYe8+Lkc+aHCByyAIf5M":{"chainKey":{"counter":0,"key":"FvBa704frJ9p0KQGmg/9GMjDaPNMK0NJITopsy8g7yI="},"chainType":2,"messageKeys":{}},"BaLNlhMl6fIAid5Tss7xXUzgpENMwN7RYn80Ci4yonon":{"chainKey":{"counter":-1,"key":"yevEz/mjKI3+M9kLoT2qzGbfm6tm6dyy4pPPe22z2wQ="},"chainType":1,"messageKeys":{}}}}},"version":"v1"}