{"_sessions":{"BUc0aXpIa+8cmjZLCI3k72UJfeXg9Thke3eWZz4xQd9S":{"registrationId":16107,"currentRatchet":{"ephemeralKeyPair":{"pubKey":"BWbeu3y2U2RhTj9ytCLp4z1ABR/3lR24gqDURGxtxm5s","privKey":"oDJnHY2fKEhFcgK/lhet01GFLj1nkrCOZrbPkN4oMEE="},"lastRemoteEphemeralKey":"BcJqN61KoOjoT6fJLsmTY4Pct3dpdTEvfbq6MDqaXE1y","previousCounter":0,"rootKey":"tZ+b3+pmKhspk7l3AEB2e5Mshn8gq6sKn+9fthwXxrg="},"indexInfo":{"baseKey":"BUc0aXpIa+8cmjZLCI3k72UJfeXg9Thke3eWZz4xQd9S","baseKeyType":1,"closed":-1,"used":1687069123647,"created":1687069123647,"remoteIdentityKey":"BbK9hcHB8xVFDRJG2aNao+Dly0AbJ5Ztk+u32g97Zu90"},"_chains":{"BWbeu3y2U2RhTj9ytCLp4z1ABR/3lR24gqDURGxtxm5s":{"chainKey":{"counter":0,"key":"SIup4PdfCqaMBOCEbabSmER3CQ1AH6apDN1TCHbfKQU="},"chainType":1,"messageKeys":{}}},"pendingPreKey":{"signedKeyId":1,"baseKey":"BUc0aXpIa+8cmjZLCI3k72UJfeXg9Thke3eWZz4xQd9S","preKeyId":955}}},"version":"v1"}