{"_sessions":{"BbSez2bPhJuMP1+f6yuhfkatJGApwQ/tuGUm5A/ASI4y":{"registrationId":1414729417,"currentRatchet":{"ephemeralKeyPair":{"pubKey":"BSWGfJpzaYg68+FAsKemTEKzVSNOKbRKG3U0kEXBuZxc","privKey":"MP39QwPJovTWJs8croAWOqn/8nSV8WCWj136bwyXBXo="},"lastRemoteEphemeralKey":"BTA/3S+xEvb06Gjf58UrYvixNcBU130AQmV3/tupF3JP","previousCounter":0,"rootKey":"cp6Z1GluFRfxgBN6Kzhrbg/ZN4ozIS0K8BIy8tQ7UXY="},"indexInfo":{"baseKey":"BbSez2bPhJuMP1+f6yuhfkatJGApwQ/tuGUm5A/ASI4y","baseKeyType":1,"closed":-1,"used":1687170811041,"created":1687170811041,"remoteIdentityKey":"BReFq+QYbhz6Ce/W8mSBBewhC4oJdAzALCR71LKlHolk"},"_chains":{"BSWGfJpzaYg68+FAsKemTEKzVSNOKbRKG3U0kEXBuZxc":{"chainKey":{"counter":0,"key":"tow1LbpzWIG7ljMnFeXveXB4Bz6elKcL29xtNozNXbg="},"chainType":1,"messageKeys":{}}},"pendingPreKey":{"signedKeyId":17,"baseKey":"BbSez2bPhJuMP1+f6yuhfkatJGApwQ/tuGUm5A/ASI4y","preKeyId":13708190}}},"version":"v1"}