{"_sessions":{"Be77kQ+Lh2Jzz5wLXDRSuZ6buRuERFlh6P3fRBiEvVER":{"registrationId":976701241,"currentRatchet":{"ephemeralKeyPair":{"pubKey":"BRV+5qTSRlI7vVreXlqAo7kH9pWLiDS1lLrzFnxR+/kx","privKey":"sFG6NadUQ6rINOF2dorLA9RHPHnbi3TrQqiY16t3x1Q="},"lastRemoteEphemeralKey":"BeZzxAxzRC29MQfcgAUa+2mQJZUMfWQwSytMS7fZswNx","previousCounter":0,"rootKey":"/O6yvz8f1rhidZlbIzphz7hcXiBgAq0oftn2ytpTIzY="},"indexInfo":{"baseKey":"Be77kQ+Lh2Jzz5wLXDRSuZ6buRuERFlh6P3fRBiEvVER","baseKeyType":1,"closed":-1,"used":1687170846004,"created":1687170846004,"remoteIdentityKey":"BV84Wegxv+1ZR5Sl/zKQABvJ4PZ/Wqw24Ye03Z6TZkAI"},"_chains":{"BRV+5qTSRlI7vVreXlqAo7kH9pWLiDS1lLrzFnxR+/kx":{"chainKey":{"counter":1,"key":"qNK4a294T0AvuZxlC021gDMIrttjPYanpvZOU+viaDE="},"chainType":1,"messageKeys":{}}},"pendingPreKey":{"signedKeyId":1,"baseKey":"Be77kQ+Lh2Jzz5wLXDRSuZ6buRuERFlh6P3fRBiEvVER","preKeyId":12527641}}},"version":"v1"}