{"_sessions":{"BZzjGKNL1Jc+PUlnGdVRBOw3W5FVDzUGB8b1RiY/OABD":{"registrationId":289989724,"currentRatchet":{"ephemeralKeyPair":{"pubKey":"BQut2hSYrl2VCMlIApY1/r7MBrzMcyvlORLveOPNNiEr","privKey":"KDfg7S26Cn2lyr3LYUkaxwHgUHB/DMYc158JQGqolEo="},"lastRemoteEphemeralKey":"BRlA1fSKtsrJu75lo1v4v1kMWdk8HRupg06YqS/o1ZNq","previousCounter":0,"rootKey":"xl1nlJuimBWEakX2R1AjAtEqit+XqE5gACNiICvTZ5w="},"indexInfo":{"baseKey":"BZzjGKNL1Jc+PUlnGdVRBOw3W5FVDzUGB8b1RiY/OABD","baseKeyType":1,"closed":-1,"used":1687170846017,"created":1687170846017,"remoteIdentityKey":"BXcWZdx+isCPxezLwbryY3uZMuHegJdEJoRSDOflCMZG"},"_chains":{"BQut2hSYrl2VCMlIApY1/r7MBrzMcyvlORLveOPNNiEr":{"chainKey":{"counter":1,"key":"NF7DKxeO41ob1CCthuHhcUJb96ZtkwR6oKDbGfoEiMo="},"chainType":1,"messageKeys":{}}},"pendingPreKey":{"signedKeyId":6,"baseKey":"BZzjGKNL1Jc+PUlnGdVRBOw3W5FVDzUGB8b1RiY/OABD"}}},"version":"v1"}