{"_sessions":{"BX/4JZqDh7SMYiegg3c+bfjjcQGAaS+w563oE1d+3vUJ":{"registrationId":2143534098,"currentRatchet":{"ephemeralKeyPair":{"pubKey":"BbhMKwjLSrwMycLETwV2nMSlLYrYT6G/KiKQpWHsx7Iz","privKey":"iMaMs+ZU1TlIFVRJzvSpTY7tgnfRNhnTob3x41tsdWw="},"lastRemoteEphemeralKey":"BeGbALkg8a/+tFyEj3qdsFbhhxmd1cOUHl9PMgETrMxZ","previousCounter":0,"rootKey":"MBQmUv85ZZ2YatVV2O9jNjxAifnuqPIf3qviAUgNGG4="},"indexInfo":{"baseKey":"BX/4JZqDh7SMYiegg3c+bfjjcQGAaS+w563oE1d+3vUJ","baseKeyType":1,"closed":-1,"used":1687069096075,"created":1687069096075,"remoteIdentityKey":"BRU3plE6+6LcvG6J7/AUfWvr4cqtLJzaWNhwWyT1k+1e"},"_chains":{"BbhMKwjLSrwMycLETwV2nMSlLYrYT6G/KiKQpWHsx7Iz":{"chainKey":{"counter":1,"key":"A3J6Y3tGBpQ5o1pgU7a0JRin68jFQ82L8yU9jKx0ThE="},"chainType":1,"messageKeys":{}}},"pendingPreKey":{"signedKeyId":15,"baseKey":"BX/4JZqDh7SMYiegg3c+bfjjcQGAaS+w563oE1d+3vUJ","preKeyId":12402902}}},"version":"v1"}