{"_sessions":{"BZCr+Uh1NUMqQFRZa7Zoc6lZkqYjYX1DhfujJC5w1n08":{"registrationId":1611079174,"currentRatchet":{"ephemeralKeyPair":{"pubKey":"BdkXy6/3dmhtF/TjGBJBlvQchvBjNdEa4q0/7C0ejZoG","privKey":"oH6AQ/TcVMu+ip9IB2kDd5bX+dept88fCRE08y93rWM="},"lastRemoteEphemeralKey":"BahDdNd5VOqDZLBG5kcQBD2jR2t7jlbzO+P70y/VmbwT","previousCounter":0,"rootKey":"tlq6PDrrv5b4usV21UEbcSz9TF4afRnGW9Ke9wqzveI="},"indexInfo":{"baseKey":"BZCr+Uh1NUMqQFRZa7Zoc6lZkqYjYX1DhfujJC5w1n08","baseKeyType":1,"closed":-1,"used":1687174109333,"created":1687170845491,"remoteIdentityKey":"BboPj5jDDi14+/RkZ/UJxBRQy+sj9KG8wxrZKW/zbW5m"},"_chains":{"BahDdNd5VOqDZLBG5kcQBD2jR2t7jlbzO+P70y/VmbwT":{"chainKey":{"counter":0,"key":"E/AtTRxenbcw6BMabKIIiZ5OGEbshRev9yoDVApcZpQ="},"chainType":2,"messageKeys":{}},"BdkXy6/3dmhtF/TjGBJBlvQchvBjNdEa4q0/7C0ejZoG":{"chainKey":{"counter":2,"key":"ejJA8rrUgZyLaVtYk9d4kE7qssz64H/V3FKbws8/LDI="},"chainType":1,"messageKeys":{}}}}},"version":"v1"}