{"_sessions":{"BW/4YKcuqsaRfSvCMfq6rFtDO7O64D91sHpqVdcRIpwf":{"registrationId":9406,"currentRatchet":{"ephemeralKeyPair":{"pubKey":"BQ8eyshSxLthv+Y1qSAUsUj+pwN9bb04nSXbh11sUO1s","privKey":"SLrYc8Jh5jNZc+kNpKoPaXdIyTN2ERYeP6DPNlYeokE="},"lastRemoteEphemeralKey":"BWQVhYfjLtPmv9R5QfqnSzVHK6p9XMMYWvDPd4ehLm5A","previousCounter":0,"rootKey":"ci3eijhqASC+WU0mJaKzcvrfOdNgY5PtCpBAGZbkNlI="},"indexInfo":{"baseKey":"BW/4YKcuqsaRfSvCMfq6rFtDO7O64D91sHpqVdcRIpwf","baseKeyType":1,"closed":1687069058619,"used":1687069058416,"created":1687069058416,"remoteIdentityKey":"Bcjb19yJL9lensklHDhReWVIafAKpzWCzo2Ui7qu5nxl"},"_chains":{"BQ8eyshSxLthv+Y1qSAUsUj+pwN9bb04nSXbh11sUO1s":{"chainKey":{"counter":0,"key":"m3W1UzsfjKhdP5uFhaU0G8pW3Mh+bZ5XXUdtq7IVtBg="},"chainType":1,"messageKeys":{}}},"pendingPreKey":{"signedKeyId":1,"baseKey":"BW/4YKcuqsaRfSvCMfq6rFtDO7O64D91sHpqVdcRIpwf","preKeyId":129}},"BRIDvgie+j1a8xuAXQCfNIqPVvz0qRft3ph6rgoSYDVb":{"registrationId":9406,"currentRatchet":{"ephemeralKeyPair":{"pubKey":"BdB9GJbTQdt3ksgAvzR2o0s02BubznI3OYKSNh5wXTRm","privKey":"2J8BbRUl9MszmpD17ZASXEQDDPXbi7dq6synSp3yL1Y="},"lastRemoteEphemeralKey":"BWQVhYfjLtPmv9R5QfqnSzVHK6p9XMMYWvDPd4ehLm5A","previousCounter":0,"rootKey":"AZgDI52cBhqQwPbrBV7PbcArxulcJnn2sd/pvQ/A3GU="},"indexInfo":{"baseKey":"BRIDvgie+j1a8xuAXQCfNIqPVvz0qRft3ph6rgoSYDVb","baseKeyType":1,"closed":-1,"used":1687069058617,"created":1687069058617,"remoteIdentityKey":"Bcjb19yJL9lensklHDhReWVIafAKpzWCzo2Ui7qu5nxl"},"_chains":{"BdB9GJbTQdt3ksgAvzR2o0s02BubznI3OYKSNh5wXTRm":{"chainKey":{"counter":5,"key":"s+NHLa8sCaKWlAGdk6uo/e2eoIghAU+sAwUoFhjMCGY="},"chainType":1,"messageKeys":{}}},"pendingPreKey":{"signedKeyId":1,"baseKey":"BRIDvgie+j1a8xuAXQCfNIqPVvz0qRft3ph6rgoSYDVb","preKeyId":121}}},"version":"v1"}