{"_sessions":{"Bf7tjZjbKOanNqYtI1Cwg1o1G/fvu5JtNubT1/kryRwk":{"registrationId":261265803,"currentRatchet":{"ephemeralKeyPair":{"pubKey":"BQqI3vOOcqDp2qTHe4n9L9sVZiA9X8F0lIXWYi9fK9xt","privKey":"QA7Xxxkr8h6M18Og1wO553ZcUUNJLeQiCGyzh23WVHw="},"lastRemoteEphemeralKey":"BTQFSXuxVzK7IKkQeb4xa6IhT9d8IPmGRdIej6ZcMqV3","previousCounter":0,"rootKey":"vbk8ZHbQjdkjMNWypnPeaetCkUmkAHjvE43NRhcEv4w="},"indexInfo":{"baseKey":"Bf7tjZjbKOanNqYtI1Cwg1o1G/fvu5JtNubT1/kryRwk","baseKeyType":1,"closed":-1,"used":1687174535787,"created":1687170811161,"remoteIdentityKey":"BRvcsW5Yab/yJSZlN+VO0tL1IUuvpv+mJU8/KQVJXwwu"},"_chains":{"BTQFSXuxVzK7IKkQeb4xa6IhT9d8IPmGRdIej6ZcMqV3":{"chainKey":{"counter":2,"key":"2Q5DZw5KWHOTjc+iaPG1oJqid1ZPTteUR45HDHhWwpE="},"chainType":2,"messageKeys":{}},"BQqI3vOOcqDp2qTHe4n9L9sVZiA9X8F0lIXWYi9fK9xt":{"chainKey":{"counter":-1,"key":"vXTeqaytPVsHqJXK1DG0cpBEwMhKOS2VpWe3xjWLy4M="},"chainType":1,"messageKeys":{}}}}},"version":"v1"}