{"_sessions":{"BStB3wQhUnbKWxf3Lp+HeAcEY2NazVz4RASaGkquluRJ":{"registrationId":1593987296,"currentRatchet":{"ephemeralKeyPair":{"pubKey":"BSPCM50iflfdiRvhXLQhoEzjVuxBeMy+2lU9z6ui4Fgh","privKey":"YKnYDccgRl5LUgjB4qbVy7L7n2tNcLqi6Ioq4sQI80Q="},"lastRemoteEphemeralKey":"BSAyPbjmBT3jSUksF7CPF6H70chAwbAM6iNCc/wDQq1G","previousCounter":0,"rootKey":"tXuW6D2+6WLSyjdw2Xx82f6EW0O0RBmQJpHzyFEHyeY="},"indexInfo":{"baseKey":"BStB3wQhUnbKWxf3Lp+HeAcEY2NazVz4RASaGkquluRJ","baseKeyType":1,"closed":-1,"used":1687069123667,"created":1687069123667,"remoteIdentityKey":"BZkZOX+YkZKpIi+hcQj4Pe/WTk6ObHJ8ZjB12r033MBZ"},"_chains":{"BSPCM50iflfdiRvhXLQhoEzjVuxBeMy+2lU9z6ui4Fgh":{"chainKey":{"counter":0,"key":"XBD7oWf+fH5Pf8eYGidO4Tq/3IvlXi7XhTL2TwCn0Ss="},"chainType":1,"messageKeys":{}}},"pendingPreKey":{"signedKeyId":35,"baseKey":"BStB3wQhUnbKWxf3Lp+HeAcEY2NazVz4RASaGkquluRJ","preKeyId":2385276}}},"version":"v1"}