{"_sessions":{"Bc4V6VXfjaQdgL5kLAxCjwuXl4hclIQvRT2osuyYAEdF":{"registrationId":1973953268,"currentRatchet":{"ephemeralKeyPair":{"pubKey":"BdC10pgiYLO1hyfU27CrkqtoElvnvicLw6hFLJnWGzUz","privKey":"wJLf3x0vheXbPr1q7cRx3sDupJb3Ku7CXIzDvnCt+18="},"lastRemoteEphemeralKey":"BStFm08axao2DebQcyVqzAcqApfZISXQ4j6LXUUX3E09","previousCounter":0,"rootKey":"77nsKbAMnSWODHc8Yreoepo30FgNm2Nn/yoozBOCpkY="},"indexInfo":{"baseKey":"Bc4V6VXfjaQdgL5kLAxCjwuXl4hclIQvRT2osuyYAEdF","baseKeyType":1,"closed":-1,"used":1687173301384,"created":1687170811007,"remoteIdentityKey":"BWH2K9IZu+pliSV99JCc5jwaR9lpdvVvqGtBELQH0Y0m"},"_chains":{"BStFm08axao2DebQcyVqzAcqApfZISXQ4j6LXUUX3E09":{"chainKey":{"counter":0,"key":"HOI6ulfbPJkeSVBBXrG2mrDvqruZsNPi2FL6age0404="},"chainType":2,"messageKeys":{}},"BdC10pgiYLO1hyfU27CrkqtoElvnvicLw6hFLJnWGzUz":{"chainKey":{"counter":-1,"key":"uSYu12l8YNEWBEpHXUzs5/4Q3SKr553MNENVJyriCBE="},"chainType":1,"messageKeys":{}}}}},"version":"v1"}