{"_sessions":{"BUhpxR4Ueo/sxUF8KLN3w4Iat89rVEs7ZM7+11rmFR5z":{"registrationId":834320840,"currentRatchet":{"ephemeralKeyPair":{"pubKey":"BUm9LcjXXkG4KNGIYJqhs4OZR/MBFgXYlLZhumZFDkUM","privKey":"uJ03zLvFgRlITivBFo6YJU4aAC8uC3neBoypC4q6J0I="},"lastRemoteEphemeralKey":"BcQKPdfj+WhAdk+yvrhbT88UNtBOwHhZd59BQ2fTc4cP","previousCounter":1,"rootKey":"BTYrAxUtBVFmPVIQqY29Remhj4G8ZnI+kuKtcL/zG0U="},"indexInfo":{"baseKey":"BUhpxR4Ueo/sxUF8KLN3w4Iat89rVEs7ZM7+11rmFR5z","baseKeyType":1,"closed":-1,"used":1687183999995,"created":1687170845706,"remoteIdentityKey":"BT8AB2OS0h0uXDHrCxfUKXSJLjQqUbw9pQqb1fmVNZ4L"},"_chains":{"BcQKPdfj+WhAdk+yvrhbT88UNtBOwHhZd59BQ2fTc4cP":{"chainKey":{"counter":0,"key":"Mw8Pj8hAiQrThsxc8a6Vy5EXssGdh9eqinRwWGV6ELQ="},"chainType":2,"messageKeys":{}},"BUm9LcjXXkG4KNGIYJqhs4OZR/MBFgXYlLZhumZFDkUM":{"chainKey":{"counter":-1,"key":"Tc8U2VEcw5uuArNYnWVGFhV3QjRHa8vQjySz0vBf/Dk="},"chainType":1,"messageKeys":{}}}}},"version":"v1"}