{"_sessions":{"BY+ZA3ZZhvWHBsnQX+aMjs5UWCJP3b7Wr3wwW3UmfTd2":{"registrationId":1191169351,"currentRatchet":{"ephemeralKeyPair":{"pubKey":"BebZvjTX9b3alAdL3Icy94nmYbLO7ajIXBWvjOZ3051R","privKey":"IAXhNk76Qvj60KA6GRv7r27D/mV9ez+xJWFRu2ssYX4="},"lastRemoteEphemeralKey":"BT6zWodiPyVDBq1g9fbs2GGCNuAy7KBer10Vrr5Gr/tO","previousCounter":0,"rootKey":"F0kdqOLcp0ioBRCvf47HSUAc4lEPvcAp0NdH7grvN5s="},"indexInfo":{"baseKey":"BY+ZA3ZZhvWHBsnQX+aMjs5UWCJP3b7Wr3wwW3UmfTd2","baseKeyType":1,"closed":-1,"used":1687171951082,"created":1687170811063,"remoteIdentityKey":"BRXhuxwkxst9IGAMHnUa1uDsPHWC/ZQ97vjH3ZI6UZhk"},"_chains":{"BT6zWodiPyVDBq1g9fbs2GGCNuAy7KBer10Vrr5Gr/tO":{"chainKey":{"counter":0,"key":"l+es7mIJgULntNMEKZbqi2k4YjUAcr518uUtnInd0KA="},"chainType":2,"messageKeys":{}},"BebZvjTX9b3alAdL3Icy94nmYbLO7ajIXBWvjOZ3051R":{"chainKey":{"counter":-1,"key":"n7W0zPmkiyBm8QgrZAJ4Lb/f/iFJaADHYmiDAjGQ1uA="},"chainType":1,"messageKeys":{}}}}},"version":"v1"}