{"_sessions":{"BcU/TGvf2CmEMbSx4jWETdfIGZEEj+W7/H3lCDUTYgQP":{"registrationId":1813116279,"currentRatchet":{"ephemeralKeyPair":{"pubKey":"BeI/RaYrWyCTbK/QZ6fnrQdVaPWIR8d1rHz8bWz/ztgN","privKey":"MIytmmyb33G2HpQGuzEtDdE0KWFMfEhAiUDlSi5i7H8="},"lastRemoteEphemeralKey":"BVSfZrdxz2QCt7QQcsgCj7YjCeVhEaBKLj1i/xxbv4ol","previousCounter":0,"rootKey":"6aE058BG43/CSDcjC4f/tnocY8OTZzPA3jxuYsR4s1c="},"indexInfo":{"baseKey":"BcU/TGvf2CmEMbSx4jWETdfIGZEEj+W7/H3lCDUTYgQP","baseKeyType":1,"closed":-1,"used":1687069123639,"created":1687069123639,"remoteIdentityKey":"BTll9XvOL9S86//mmgdHQqgHN+z60Yggfc9/VAS7FjtX"},"_chains":{"BeI/RaYrWyCTbK/QZ6fnrQdVaPWIR8d1rHz8bWz/ztgN":{"chainKey":{"counter":0,"key":"vNwzaV1ch6u5WCBpKX5klHZZQHpKKsMePiPrRcAk5z0="},"chainType":1,"messageKeys":{}}},"pendingPreKey":{"signedKeyId":4,"baseKey":"BcU/TGvf2CmEMbSx4jWETdfIGZEEj+W7/H3lCDUTYgQP","preKeyId":10810536}}},"version":"v1"}