{"_sessions":{"BfVm0bKEoiIcb10G9qPrBP8AEHFw5OqEBiZqaGl+sA0/":{"registrationId":533068500,"currentRatchet":{"ephemeralKeyPair":{"pubKey":"BZb1oou5GzlsfW0LlTlS2JlRdqtdDYrouvRJUl6MvvJs","privKey":"kDxPGBSgSvMpd7UGjkjvQjsMX0iEz9wbdk3tHythImk="},"lastRemoteEphemeralKey":"BUWl027T6Mjn8/coLsRXBNgd15g3Dqe2+N/dZvKiAhx8","previousCounter":0,"rootKey":"JtXUSbHWVMBC842LswCNFCcza22s2/UofHWwEiGNuKc="},"indexInfo":{"baseKey":"BfVm0bKEoiIcb10G9qPrBP8AEHFw5OqEBiZqaGl+sA0/","baseKeyType":1,"closed":-1,"used":1687170845600,"created":1687170845600,"remoteIdentityKey":"BX6pVhF10S7NEtv9EF78P6ifwYLJlztaBx0vjZs3ccBh"},"_chains":{"BZb1oou5GzlsfW0LlTlS2JlRdqtdDYrouvRJUl6MvvJs":{"chainKey":{"counter":1,"key":"hxdMIuLJIUo2zfafI84jkZBDBbHnscoWkqisRJXT/kY="},"chainType":1,"messageKeys":{}}},"pendingPreKey":{"signedKeyId":0,"baseKey":"BfVm0bKEoiIcb10G9qPrBP8AEHFw5OqEBiZqaGl+sA0/","preKeyId":252931}}},"version":"v1"}