{"_sessions":{"BX7mvzb6wvXyPccD2j6lKz1gNmJLG3SIG6SvtC24p+16":{"registrationId":600954033,"currentRatchet":{"ephemeralKeyPair":{"pubKey":"BZ21AlHpj0ylr+WjXDOUloUmufejcRuiWUob8/Vr98cN","privKey":"KFCmw006UC8AJXt+Bya+93csk9OrrDqsP8gyBwHVaHI="},"lastRemoteEphemeralKey":"BazRleBajwdp3EOsqsyCH9jVdBSCRza2Pz5T6Fk8yXUb","previousCounter":0,"rootKey":"bQgHYd1JBjbM2k4Tj8fl6GzjSKUkuAVTDyGpzAF068g="},"indexInfo":{"baseKey":"BX7mvzb6wvXyPccD2j6lKz1gNmJLG3SIG6SvtC24p+16","baseKeyType":1,"closed":-1,"used":1687170846071,"created":1687170846071,"remoteIdentityKey":"BRpv/sJrfP9ST98UjW4kO8dENzfj1oaFIPDYFt3J9dcO"},"_chains":{"BZ21AlHpj0ylr+WjXDOUloUmufejcRuiWUob8/Vr98cN":{"chainKey":{"counter":1,"key":"6iw1HiWLVUlD9eY3R0+Y3DQd5iA0VjbBPqvGBPqUzUw="},"chainType":1,"messageKeys":{}}},"pendingPreKey":{"signedKeyId":1,"baseKey":"BX7mvzb6wvXyPccD2j6lKz1gNmJLG3SIG6SvtC24p+16","preKeyId":5578756}}},"version":"v1"}