{"_sessions":{"BSxLx9SRRuBYSkqZogA0tbZNvlLp7KG1UE9viIpdgTlY":{"registrationId":1774,"currentRatchet":{"ephemeralKeyPair":{"pubKey":"BVE438WlKoq2e0nUtJSP25qxXZN2JNVt/Kw/XS7f5jJz","privKey":"EPopScY79Q8qUddTbcXZA3y9IvQd1UmPc0ArRIspWkA="},"lastRemoteEphemeralKey":"BR+jiAvFcF0IPn3Oadlg6QiCqpMtfP772Whvkt2pfDgA","previousCounter":0,"rootKey":"GPZPzoRhPyeAV+q0HIL+IDMeatxOwPN6MIpy6bB2Qhs="},"indexInfo":{"baseKey":"BSxLx9SRRuBYSkqZogA0tbZNvlLp7KG1UE9viIpdgTlY","baseKeyType":1,"closed":-1,"used":1687170810954,"created":1687170810954,"remoteIdentityKey":"BTwM40LHN4D+YTF+KwMlXvOXgwZYEFIq/3WE3r9CCBZv"},"_chains":{"BVE438WlKoq2e0nUtJSP25qxXZN2JNVt/Kw/XS7f5jJz":{"chainKey":{"counter":6,"key":"WRn+2m2R2Hj1j6zyTKVWpgzL7VazoN/ZBBX+2IT4vLg="},"chainType":1,"messageKeys":{}}},"pendingPreKey":{"signedKeyId":1,"baseKey":"BSxLx9SRRuBYSkqZogA0tbZNvlLp7KG1UE9viIpdgTlY","preKeyId":147}}},"version":"v1"}