{"_sessions":{"Bb3ujUpvL/Z3fy+9jHkXksfGI1jwFteQbg+/IFsiMdlc":{"registrationId":1774,"currentRatchet":{"ephemeralKeyPair":{"pubKey":"BXu+Qu/NqflI4kQSWtZsiEdJxxhVScQpBf5DyaD7pU5e","privKey":"uB1+DAJnO7CjYKh82q8kXMdBr6rgSWwNXQqR0ELyqU8="},"lastRemoteEphemeralKey":"BR+jiAvFcF0IPn3Oadlg6QiCqpMtfP772Whvkt2pfDgA","previousCounter":0,"rootKey":"RZ+5r55zqGn3HWMHupCvGQQU+/GBqdFhYZpUxrlG/C4="},"indexInfo":{"baseKey":"Bb3ujUpvL/Z3fy+9jHkXksfGI1jwFteQbg+/IFsiMdlc","baseKeyType":1,"closed":-1,"used":1687069096038,"created":1687069096038,"remoteIdentityKey":"BTwM40LHN4D+YTF+KwMlXvOXgwZYEFIq/3WE3r9CCBZv"},"_chains":{"BXu+Qu/NqflI4kQSWtZsiEdJxxhVScQpBf5DyaD7pU5e":{"chainKey":{"counter":25,"key":"owRkWrSeN675QP64K3YjZe3udVNHk3ChJmIN/ZG/nNQ="},"chainType":1,"messageKeys":{}}},"pendingPreKey":{"signedKeyId":1,"baseKey":"Bb3ujUpvL/Z3fy+9jHkXksfGI1jwFteQbg+/IFsiMdlc","preKeyId":98}}},"version":"v1"}