{"_sessions":{"BTNkXpoHfUzylWsnn5UdlGCj8OeZvbnWF5Oechr/LiwN":{"registrationId":1766544228,"currentRatchet":{"ephemeralKeyPair":{"pubKey":"BUg5zA0OQRlnmX7388Qup33cvCfE5KYmIs5mvfn4KUV9","privKey":"mA82m2ITD1GD3qoWiBktE0gGltD9Sod4/54EaQ0cgFg="},"lastRemoteEphemeralKey":"Bf2B2LqS3pzVpcvlRyGibSbs3FlJruM64OwnpYOW9AEq","previousCounter":0,"rootKey":"8IwYYPnyH+jQBYLZwjZ9h7kDEOOkuuJsdIXFr+iOCyc="},"indexInfo":{"baseKey":"BTNkXpoHfUzylWsnn5UdlGCj8OeZvbnWF5Oechr/LiwN","baseKeyType":2,"closed":-1,"used":1687178919458,"created":1687178919458,"remoteIdentityKey":"BZQU6yH0cGlKaz4LsBCi3usUNii2LS+E5IkEWjmPNvYW"},"_chains":{"Bf2B2LqS3pzVpcvlRyGibSbs3FlJruM64OwnpYOW9AEq":{"chainKey":{"counter":0,"key":"e+UIoz8pvpWabZYv8LOPF7CC2DaLQmi5m4l0rnCeR+U="},"chainType":2,"messageKeys":{}},"BUg5zA0OQRlnmX7388Qup33cvCfE5KYmIs5mvfn4KUV9":{"chainKey":{"counter":-1,"key":"2EgFbSazyvs5CxP225ad9zkZ/zZA9ZAFF5zifLfTRWQ="},"chainType":1,"messageKeys":{}}}}},"version":"v1"}