{"_sessions":{"BbEFnu0ha8mBBc7OB6jO+iydfw/Sh6onRSRuiHf7kEsP":{"registrationId":39147890,"currentRatchet":{"ephemeralKeyPair":{"pubKey":"BXXOEVUGYRVuB+UrGHYFmohyQ5rW0ZgAPW1l2lOb0Dwl","privKey":"QCMDZ8VpuBuRJa9ndi1xS5PHbiwmN5QzSN5FTnez1V0="},"lastRemoteEphemeralKey":"BTNQzkr8fDipOBXG7lOE5XxH5czpDILicWl9TnRBEfFD","previousCounter":0,"rootKey":"YJKwrTh9yQMoN1XGxvY/AG50VquA+mZbQUrNhNNgU70="},"indexInfo":{"baseKey":"BbEFnu0ha8mBBc7OB6jO+iydfw/Sh6onRSRuiHf7kEsP","baseKeyType":1,"closed":-1,"used":1687170845643,"created":1687170845643,"remoteIdentityKey":"BSz/du+0Dps5Zi5xg2rzFJKB3/ZgF5Nge8X678gOXeFm"},"_chains":{"BXXOEVUGYRVuB+UrGHYFmohyQ5rW0ZgAPW1l2lOb0Dwl":{"chainKey":{"counter":1,"key":"JeL5gSa5eLYvP/0v9swFwyvsVu4DDcqlTWNtk8OdmbA="},"chainType":1,"messageKeys":{}}},"pendingPreKey":{"signedKeyId":41,"baseKey":"BbEFnu0ha8mBBc7OB6jO+iydfw/Sh6onRSRuiHf7kEsP","preKeyId":14925268}}},"version":"v1"}