{"_sessions":{"BWvSu/UMpxfOu2Qt+vHqS38EM6HNIRHtHmhzB49LGd4F":{"registrationId":1542859371,"currentRatchet":{"ephemeralKeyPair":{"pubKey":"BUnMw6t69ici65eVxEzYDN6nH/aHSNGQkGgz/pLa1+MD","privKey":"aO/RgFeZirKtL+XNeXmRyfVe7dNfYRoyozmF6wLum3g="},"lastRemoteEphemeralKey":"BXpca0OzaNO76cb6Re2k4RwRDt5OSeewnQGkt1TzIB9t","previousCounter":0,"rootKey":"ahVImViE+NobK0yUFkC4TtHmztEMEGJLX6A9FKxvJek="},"indexInfo":{"baseKey":"BWvSu/UMpxfOu2Qt+vHqS38EM6HNIRHtHmhzB49LGd4F","baseKeyType":1,"closed":-1,"used":1687170811051,"created":1687170811051,"remoteIdentityKey":"BV9fAKa9cN0zUj6D9CLwOX+IhX8NMVtw6CDCC0puLk5H"},"_chains":{"BUnMw6t69ici65eVxEzYDN6nH/aHSNGQkGgz/pLa1+MD":{"chainKey":{"counter":0,"key":"VJOfsire+YFGBvsyTsFo7WGLLpWPKractuXAnC1CFuU="},"chainType":1,"messageKeys":{}}},"pendingPreKey":{"signedKeyId":51,"baseKey":"BWvSu/UMpxfOu2Qt+vHqS38EM6HNIRHtHmhzB49LGd4F","preKeyId":3361679}}},"version":"v1"}