{"_sessions":{"Bc3rtX2uYNAfMQyhvkASYC7tAy9jRo2hZees9QaYwXB4":{"registrationId":1046648908,"currentRatchet":{"ephemeralKeyPair":{"pubKey":"Babor01K3tN/p9Ur1LyumRsxbs/V+H+HqsaAdzEzHrNl","privKey":"SHXxMtwbAKLEoSjsK/wsjTSkwtFTIy2OuuLK4na683w="},"lastRemoteEphemeralKey":"BWa85Dm0Wtt/vSgyoBF3zgQbdOAbc11jsDSsjoBLsCsA","previousCounter":0,"rootKey":"lrKAGi418Ag2HI+W+VsguCcKv8EKcS1EFHoBxLIoe3w="},"indexInfo":{"baseKey":"Bc3rtX2uYNAfMQyhvkASYC7tAy9jRo2hZees9QaYwXB4","baseKeyType":2,"closed":-1,"used":1687184001133,"created":1687184001133,"remoteIdentityKey":"BSUk1kQy/5XE2yeU6pdJAXscmPbh2jC0iRPNEqDv0EUW"},"_chains":{"BWa85Dm0Wtt/vSgyoBF3zgQbdOAbc11jsDSsjoBLsCsA":{"chainKey":{"counter":1,"key":"VQK2U4JMlndeqsv+tklPRVFYp4gc1fbbDW3SVjMNn3k="},"chainType":2,"messageKeys":{"0":"Akl2DeJxnl6jgBRt8Xijb4Z5923PNsvFeJmQGt32Xyo="}},"Babor01K3tN/p9Ur1LyumRsxbs/V+H+HqsaAdzEzHrNl":{"chainKey":{"counter":-1,"key":"oNZamf/OAazKhB7cXnIRaACI41gHETIgyigjha24EQo="},"chainType":1,"messageKeys":{}}}}},"version":"v1"}