{"_sessions":{"BZy4g/Qlsc690ECtnftghbD8bXbmMqORlTGLUso7GCFV":{"registrationId":408867437,"currentRatchet":{"ephemeralKeyPair":{"pubKey":"Bb0V2NJKhxuDpPSQSXZ80zw+YFf7mL/D6l6P8gAGRFFG","privKey":"MCPY9dM7VLRO5ZIlyJ1UvJ19HZlqFeSLCjJkG5jKVG4="},"lastRemoteEphemeralKey":"BQ/qbriGqhjpEDkKWJgL/6oH67BR32AByAfhoY6ZXo02","previousCounter":0,"rootKey":"XkKRCwsSpbDU3TsV3gFuwr8inMouhNM4QxHg5QgolF0="},"indexInfo":{"baseKey":"BZy4g/Qlsc690ECtnftghbD8bXbmMqORlTGLUso7GCFV","baseKeyType":1,"closed":-1,"used":1687170846115,"created":1687170846115,"remoteIdentityKey":"BWJVFokKXxIKiGGJgEGlnMXhVjpoW4zexk2dBm1NMVEq"},"_chains":{"Bb0V2NJKhxuDpPSQSXZ80zw+YFf7mL/D6l6P8gAGRFFG":{"chainKey":{"counter":1,"key":"etnu2jcRWcutd8B4RHzjflJasOKEy/JOAFa2hgQuMVM="},"chainType":1,"messageKeys":{}}},"pendingPreKey":{"signedKeyId":1,"baseKey":"BZy4g/Qlsc690ECtnftghbD8bXbmMqORlTGLUso7GCFV","preKeyId":6211372}}},"version":"v1"}