{"_sessions":{"BWyrPu8Rn8bj2GxdlNQr3heh5EMW8SjpDzDnJg2NUooj":{"registrationId":653608667,"currentRatchet":{"ephemeralKeyPair":{"pubKey":"BegEHZ5gWXkNhgo9BX6IecGDdx+qwJMQGqLrUSruKtE6","privKey":"4OBBsofzz/d7My6skwJaXa1hxvdR4jbT+c9kKlOjH30="},"lastRemoteEphemeralKey":"BcFq9AlD5Hnc3sJ6is7PcZllLMdyLy/Q42pcjis39as4","previousCounter":0,"rootKey":"hLLy5amiYIjIfY1whuXiM1o5OVg43dDVzYS/9h1yGyU="},"indexInfo":{"baseKey":"BWyrPu8Rn8bj2GxdlNQr3heh5EMW8SjpDzDnJg2NUooj","baseKeyType":1,"closed":-1,"used":1687069148877,"created":1687069148877,"remoteIdentityKey":"BbsiA1E+Qv0DNPPM05rDEaWo6jOelkMp1deEPZHng2lW"},"_chains":{"BegEHZ5gWXkNhgo9BX6IecGDdx+qwJMQGqLrUSruKtE6":{"chainKey":{"counter":21,"key":"73FGbP9uo/3n6tRlthgJFux3FEtqfq3Li6T2wV+5gck="},"chainType":1,"messageKeys":{}}},"pendingPreKey":{"signedKeyId":7,"baseKey":"BWyrPu8Rn8bj2GxdlNQr3heh5EMW8SjpDzDnJg2NUooj","preKeyId":14567871}}},"version":"v1"}