{"_sessions":{"BdLO0ApTOg6depJJS2kuRTIIkSVRmNb/upJ5EjuNCLhX":{"registrationId":688030130,"currentRatchet":{"ephemeralKeyPair":{"pubKey":"BcDe02FA9/X/A5/GtKkaU6cyQZr++/exOcNAlxlprY1i","privKey":"WGFQ8Q6pmj3SO9rMe9JIA0HxuI/GiwkEiPgQsAkAtX4="},"lastRemoteEphemeralKey":"BQrBS0HzwxgTQ/kFVJ7RxZyddPG3LGIE87PtJpb0yUkF","previousCounter":0,"rootKey":"BCBsIpMOLyOA6Na6VCQkiX9Cge+FH8H6rZzxySIGPlc="},"indexInfo":{"baseKey":"BdLO0ApTOg6depJJS2kuRTIIkSVRmNb/upJ5EjuNCLhX","baseKeyType":1,"closed":-1,"used":1687069522446,"created":1687069522446,"remoteIdentityKey":"BYZA5Xl4kUz4jpYvAavfZ83+9tx0RfGp1jHMVRkGuewQ"},"_chains":{"BcDe02FA9/X/A5/GtKkaU6cyQZr++/exOcNAlxlprY1i":{"chainKey":{"counter":0,"key":"h57iA63NW4ewCw1LKvsP8MADsNCaeIwicMEUzCKtljs="},"chainType":1,"messageKeys":{}}},"pendingPreKey":{"signedKeyId":1,"baseKey":"BdLO0ApTOg6depJJS2kuRTIIkSVRmNb/upJ5EjuNCLhX","preKeyId":6680096}}},"version":"v1"}