{"_sessions":{"BSmLQ3fE3+iSESMPxSoL0k6bjkTmEMSqDc0smo1DYsER":{"registrationId":1973953268,"currentRatchet":{"ephemeralKeyPair":{"pubKey":"BTYsE4DxMMBuYacw9cxgRzPoY11QbXLp6zGiwfhJqtBG","privKey":"kGYXMxSPsbYSgOKKqENo3KEb/o5s0icMCtTvUxWcCXU="},"lastRemoteEphemeralKey":"Bb5Vzs51Wz7H0uBaM9HOqlpmUhRJ3xu+HIkKhw5xmllQ","previousCounter":0,"rootKey":"TjVJ7M6XAWkt+l0MDe/XyehWjQC2BHaGPhRNU8X/S4Y="},"indexInfo":{"baseKey":"BSmLQ3fE3+iSESMPxSoL0k6bjkTmEMSqDc0smo1DYsER","baseKeyType":1,"closed":-1,"used":1687069148830,"created":1687069148830,"remoteIdentityKey":"BWH2K9IZu+pliSV99JCc5jwaR9lpdvVvqGtBELQH0Y0m"},"_chains":{"BTYsE4DxMMBuYacw9cxgRzPoY11QbXLp6zGiwfhJqtBG":{"chainKey":{"counter":21,"key":"N3pZZZvumMNJmTSOfFXi1MnJFh3H31D0fJ2ac2hcYTw="},"chainType":1,"messageKeys":{}}},"pendingPreKey":{"signedKeyId":32,"baseKey":"BSmLQ3fE3+iSESMPxSoL0k6bjkTmEMSqDc0smo1DYsER","preKeyId":2632775}}},"version":"v1"}