{"_sessions":{"BUsT9fMQnPzzs6zew8vgTCoX0iHSKio7Rjve3kQHv2x1":{"registrationId":755918742,"currentRatchet":{"ephemeralKeyPair":{"pubKey":"BSUMXqUnLakuoNSH/BU/CW5UZfhyIec9usfhLbxzuJUj","privKey":"MFovZMY77hGRFIOZ9SSRTbYokRqjZKCOSNuPET12XmA="},"lastRemoteEphemeralKey":"BZhcvebitSYggTd6lqon/5WK45as7R1XaD4cYT3QoIof","previousCounter":0,"rootKey":"R3A/DjMUGvvrFLCvtetAbzH3yz0oIsO2d1H7BNPN1jg="},"indexInfo":{"baseKey":"BUsT9fMQnPzzs6zew8vgTCoX0iHSKio7Rjve3kQHv2x1","baseKeyType":1,"closed":-1,"used":1687176246545,"created":1687170845694,"remoteIdentityKey":"BS80ktKLcHi2fzOHaSPf6/sSTvD/qN0oorlpOkkh+TxF"},"_chains":{"BY6xecO1XmQxxAEe6tQt4dpF/bBlSs+xYGyhEQl5Qskc":{"chainKey":{"counter":2},"chainType":2,"messageKeys":{}},"Be4Q69zyYY5dIZaVoK6NbCuZhwv5aTwfntA9hWIEP/to":{"chainKey":{"counter":1},"chainType":2,"messageKeys":{}},"BWGygE2H6ZRHqCFxuXIbhnYQWYAvabbPDCRYJI5zuHZx":{"chainKey":{"counter":0},"chainType":2,"messageKeys":{}},"BZhcvebitSYggTd6lqon/5WK45as7R1XaD4cYT3QoIof":{"chainKey":{"counter":0,"key":"Bup3THJo27EMjrHwBsrSzvZqCBd+cB/bF/BWe6bpHE8="},"chainType":2,"messageKeys":{}},"BSUMXqUnLakuoNSH/BU/CW5UZfhyIec9usfhLbxzuJUj":{"chainKey":{"counter":1,"key":"M9u52tjww5j6hTTJEnmOYsjnL7TBsGOHIAclVKEtsu8="},"chainType":1,"messageKeys":{}}}}},"version":"v1"}