{"_sessions":{"BcsiSmJi7HqhzSJc6w2b+WwfXDh8hyEvJ7fuPrl7AiIP":{"registrationId":1650371903,"currentRatchet":{"ephemeralKeyPair":{"pubKey":"BftoU6zx1wlZLht25NRmkWy++q3EWtdU/KiDhav2uagR","privKey":"CHlg419JMvArkmisnofqhkKorrmbWiixbmtkF0w1Pmw="},"lastRemoteEphemeralKey":"BR9KIjoR8tUZUTKWFn/R6ujufhx+IfM2pmLtxw4Oy+ss","previousCounter":0,"rootKey":"aBGEYLpaG3fJcHqXlWlkhsFNVd1bcwNK40c+oA2jqMc="},"indexInfo":{"baseKey":"BcsiSmJi7HqhzSJc6w2b+WwfXDh8hyEvJ7fuPrl7AiIP","baseKeyType":1,"closed":-1,"used":1687170845732,"created":1687170845732,"remoteIdentityKey":"Beg0zpi+UohTyTy3z0o4D5tNkXjSQIbG7jNLqFWYlIN7"},"_chains":{"BftoU6zx1wlZLht25NRmkWy++q3EWtdU/KiDhav2uagR":{"chainKey":{"counter":1,"key":"JvMBaJt1kpC01sg0W0Zv1+EUXOB8kCWj5QA3UktxPzk="},"chainType":1,"messageKeys":{}}},"pendingPreKey":{"signedKeyId":14,"baseKey":"BcsiSmJi7HqhzSJc6w2b+WwfXDh8hyEvJ7fuPrl7AiIP","preKeyId":5690668}}},"version":"v1"}