{"_sessions":{"BRTbtS/b0YhXppFVIMlMNsrt7FOXjtu4o7tLijUoCBJj":{"registrationId":1303872151,"currentRatchet":{"ephemeralKeyPair":{"pubKey":"Bd7PaYfjmcu6rGQF8ImlpKVf7nHaDKHzQ7ie/FOjb7w5","privKey":"EHhheNryjTiCIX07QdUHN9IpTpooAlAsEJJjMCScQVk="},"lastRemoteEphemeralKey":"BfrtoXCo+A8nhGm8FS668O7Ahsnx6384pRhqWwNvT802","previousCounter":0,"rootKey":"eqj1BCidx7pOZ0bGOHeOrq7KKyC/OYYPNNcO9Ww2hKs="},"indexInfo":{"baseKey":"BRTbtS/b0YhXppFVIMlMNsrt7FOXjtu4o7tLijUoCBJj","baseKeyType":2,"closed":-1,"used":1687172010513,"created":1687172010513,"remoteIdentityKey":"BbYx4RWnLpIi2N1iXrj88SYf+LFMV67QsuoxDpQatl9Z"},"_chains":{"BfrtoXCo+A8nhGm8FS668O7Ahsnx6384pRhqWwNvT802":{"chainKey":{"counter":0,"key":"w1Zg7m4Ik13MEWv7n+brB6hzlM0xkluxTISop+zQbXM="},"chainType":2,"messageKeys":{}},"Bd7PaYfjmcu6rGQF8ImlpKVf7nHaDKHzQ7ie/FOjb7w5":{"chainKey":{"counter":-1,"key":"JcH+F58vPaXNtbTPvvLxMsC29FyBZefy+ziIHiqod9Y="},"chainType":1,"messageKeys":{}}}}},"version":"v1"}