{"_sessions":{"BUmayc6DBh8XXnLB0QNfs6ZgXtbhNLUA027GAtgQa611":{"registrationId":951195540,"currentRatchet":{"ephemeralKeyPair":{"pubKey":"BYT25OImIzoC6uaQFKlBFasVi7GGrjQbaCKIGgTyYAxN","privKey":"0EUmhh0LOCKCSShzR798gQ+GpGg8V0iWQVZAnxI/jHI="},"lastRemoteEphemeralKey":"BWJkNlAzI7y1k/NdSscUdsSLK2Vj5ArgYFqodLahuTpq","previousCounter":0,"rootKey":"wvx7/JX7cgpKbUDUSDV1taAN+xAQL7AN0zFsEiKo6dc="},"indexInfo":{"baseKey":"BUmayc6DBh8XXnLB0QNfs6ZgXtbhNLUA027GAtgQa611","baseKeyType":1,"closed":-1,"used":1687173857528,"created":1687170845466,"remoteIdentityKey":"BTLv9jffe52YkTCbQFQEPO2hCXMKjjXawxd87mpV2Sxo"},"_chains":{"BWJkNlAzI7y1k/NdSscUdsSLK2Vj5ArgYFqodLahuTpq":{"chainKey":{"counter":0,"key":"euUIxOvfEUvkVhuVq9KZvp0dbDoapbk2LOD1F2xVi64="},"chainType":2,"messageKeys":{}},"BYT25OImIzoC6uaQFKlBFasVi7GGrjQbaCKIGgTyYAxN":{"chainKey":{"counter":0,"key":"a5wSUHCB4Mb+7s3wF3gtS1XTTiCcCsbNqv9UBDrIYMs="},"chainType":1,"messageKeys":{}}}}},"version":"v1"}