{"_sessions":{"BQKfJP6fQrWHiBEPJPx8pcIAJD9ScBd7tQ4ZfskFUfgT":{"registrationId":96,"currentRatchet":{"ephemeralKeyPair":{"pubKey":"BWiI4iyoO/Pw9lyyKbs7JTsF4wAB0s28CTJOkHCznvE4","privKey":"yAJgRi/lQ9WB0a040lZia0AWdI48B4uGkDjuwWS5AFE="},"lastRemoteEphemeralKey":"Be0aLCVoInYHJ0YQjwTCRgakE8+QyRFVNZh9tCJ1yKw7","previousCounter":0,"rootKey":"u5nvJo7Uysrp73gqcKe1bPJWjcle8W3uqPOaiOWl2p0="},"indexInfo":{"baseKey":"BQKfJP6fQrWHiBEPJPx8pcIAJD9ScBd7tQ4ZfskFUfgT","baseKeyType":1,"closed":-1,"used":1687170714967,"created":1687170714967,"remoteIdentityKey":"BSAsctnjmbHrpnnSenjNB0dXIXvnHl/ul3C5SgBr/GVS"},"_chains":{"BWiI4iyoO/Pw9lyyKbs7JTsF4wAB0s28CTJOkHCznvE4":{"chainKey":{"counter":13,"key":"/7GgISZ4NRgbozzEe5ck4LcvewaSIl0BTxvJAJg2Tkg="},"chainType":1,"messageKeys":{}}},"pendingPreKey":{"signedKeyId":1,"baseKey":"BQKfJP6fQrWHiBEPJPx8pcIAJD9ScBd7tQ4ZfskFUfgT"}}},"version":"v1"}