{"_sessions":{"BdOQAHv82BaNpEyJH9sG1tfmG5fCKTKLXHC0m+ktMaUx":{"registrationId":1315954621,"currentRatchet":{"ephemeralKeyPair":{"pubKey":"BetHQqU83Ltn++oVQAGvQLx+jbPqNN2WNjgyjOyQMVpx","privKey":"GNuCCXxmTk7ukwwsZxi1fnf8rjU925vhbpCzUkqgHk8="},"lastRemoteEphemeralKey":"BYa401hksygNBL2iVJfRUtCyw8VAbJIr1NpAMyIr3uVs","previousCounter":0,"rootKey":"I0+oMZ4h++e3cJd4Vf5F6rQLDMaCFrjlOS9ttC/oBts="},"indexInfo":{"baseKey":"BdOQAHv82BaNpEyJH9sG1tfmG5fCKTKLXHC0m+ktMaUx","baseKeyType":1,"closed":-1,"used":1687184001835,"created":1687174146943,"remoteIdentityKey":"BYSAN7iPMnyCbd7UmFoOgHJm26qqr6as3zff07zFHr8B"},"_chains":{"BYa401hksygNBL2iVJfRUtCyw8VAbJIr1NpAMyIr3uVs":{"chainKey":{"counter":0,"key":"Yg0h+ECIwL+X6CTTdUgU6RHCG/TPIpQdo5cpx1lNmms="},"chainType":2,"messageKeys":{}},"BetHQqU83Ltn++oVQAGvQLx+jbPqNN2WNjgyjOyQMVpx":{"chainKey":{"counter":-1,"key":"kV9EBTLijAJ6nkHP/3YkLYBUYpbXjjA+8d3l56TaxLQ="},"chainType":1,"messageKeys":{}}}}},"version":"v1"}