{"_sessions":{"BXuBwUzbzzVmZzfPueDTtVP14Trf1eUqEhpw67xYjuck":{"registrationId":952556751,"currentRatchet":{"ephemeralKeyPair":{"pubKey":"Bfz8q2sJgc9GfYewkDzpCiDuX1rk9bMnckpmvN//A7UV","privKey":"eOYsUOLOS7jY37vaIt+GUczXn682lY1kMhKVIepl+GU="},"lastRemoteEphemeralKey":"BcUbbmzorbZV1YALK1CSeXyvOl5XZzi+xiiZL+Oss9RU","previousCounter":0,"rootKey":"F89EfIfqosYB/CisIwYuEU29tr+jdeLOsMRezeM0Kuc="},"indexInfo":{"baseKey":"BXuBwUzbzzVmZzfPueDTtVP14Trf1eUqEhpw67xYjuck","baseKeyType":1,"closed":-1,"used":1687178255582,"created":1687178255582,"remoteIdentityKey":"BXzLwGrVz9GLcCcMokbBOvsCAbpq2Cuzyx1bhOChihJ0"},"_chains":{"Bfz8q2sJgc9GfYewkDzpCiDuX1rk9bMnckpmvN//A7UV":{"chainKey":{"counter":0,"key":"uwnHqB6dXiBbliLsg6nTwG4kDMYif7HnidIS8fYS3RQ="},"chainType":1,"messageKeys":{}}},"pendingPreKey":{"signedKeyId":9,"baseKey":"BXuBwUzbzzVmZzfPueDTtVP14Trf1eUqEhpw67xYjuck","preKeyId":13591662}}},"version":"v1"}