{"_sessions":{"BcZRIKOw2PWXQmeITp54IwjaTvfv9kB+v6wckMEuXjpn":{"registrationId":749214256,"currentRatchet":{"ephemeralKeyPair":{"pubKey":"BcX2M2gpF/9+duGDMyBuCfd3Gj+Ie1xRGJrmgd+2VnlX","privKey":"OJx+rrxnS5C7JzuP1pO6jQWPnSmfNr7WXhOyU+rV91A="},"lastRemoteEphemeralKey":"BavOR/HE1bom/GMpJ/tfdtwcnrTij5/hvHwMoSa+yFgr","previousCounter":23,"rootKey":"Df2ze+4j8vusCFlMSZeUK7cyVSObuvExoMa5EFAtYi0="},"indexInfo":{"baseKey":"BcZRIKOw2PWXQmeITp54IwjaTvfv9kB+v6wckMEuXjpn","baseKeyType":1,"closed":-1,"used":1687069542083,"created":1687069096082,"remoteIdentityKey":"BUBHCsaoiGeqHwwpNmGSI18MDkp3Bj/cS/dQ7qHzbEA/"},"_chains":{"BavOR/HE1bom/GMpJ/tfdtwcnrTij5/hvHwMoSa+yFgr":{"chainKey":{"counter":0,"key":"lfnxqyBPcp/UkiwZUWc4YFsNq31NOTHx8MXK8SEBIEI="},"chainType":2,"messageKeys":{}},"BcX2M2gpF/9+duGDMyBuCfd3Gj+Ie1xRGJrmgd+2VnlX":{"chainKey":{"counter":-1,"key":"MdaJIc7GehEkdhaeRNx+guDOfYqq048hSPjqyDv3d9A="},"chainType":1,"messageKeys":{}}}}},"version":"v1"}