{"_sessions":{"BRJBuKMYZ7Zfz1Ea0SJAiu2GTJM68iI+V++hEV/VU9xU":{"registrationId":812458353,"currentRatchet":{"ephemeralKeyPair":{"pubKey":"BWljvhg14uVI5dCTC4mvhvd1t7WGAcz7+u3guMGhGYwA","privKey":"yJbj4Ahbqs6wzylmNNK6A9BjSCKskL2xCRyinPRBcnI="},"lastRemoteEphemeralKey":"BZ6QzH7UwNZmp7l4T1TmVumJm9M9Zkqa0Eptwi9SSLBi","previousCounter":0,"rootKey":"Unja60dw+Yi7u9URcLUbXchQtQXfuicptdr5TGiJWOI="},"indexInfo":{"baseKey":"BRJBuKMYZ7Zfz1Ea0SJAiu2GTJM68iI+V++hEV/VU9xU","baseKeyType":1,"closed":-1,"used":1687170846032,"created":1687170846032,"remoteIdentityKey":"BbSJe9PxZ79QqR1xJzinMTWS4vJkO6q3uEG96dFO8zt1"},"_chains":{"BWljvhg14uVI5dCTC4mvhvd1t7WGAcz7+u3guMGhGYwA":{"chainKey":{"counter":1,"key":"sD23HVCmV5On00GZ21TgAB56x03aA1EsMK8b3DjnlnA="},"chainType":1,"messageKeys":{}}},"pendingPreKey":{"signedKeyId":2,"baseKey":"BRJBuKMYZ7Zfz1Ea0SJAiu2GTJM68iI+V++hEV/VU9xU","preKeyId":15183438}}},"version":"v1"}