{"_sessions":{"BSkJf3ERbzDV4gv4a41zcpPSGwRyWUM4QmI2FuO5jn9v":{"registrationId":1437252160,"currentRatchet":{"ephemeralKeyPair":{"pubKey":"BZ9ra/1fqd2b56fAzyd+Wd++JaNkVN43NlbuPKqIXnJo","privKey":"YGNof6WGwaEI8rNkLPPeaYw4Lnp3mO/iP0FzgiBWBEA="},"lastRemoteEphemeralKey":"BXcgiQB1Wv5MjXe98b69uUxsEL3WxKALn6fu205H4cR6","previousCounter":0,"rootKey":"/affkIhN5Ms+gYvyWpHJjEbsY9IX0PFWgTDmX6aV9DQ="},"indexInfo":{"baseKey":"BSkJf3ERbzDV4gv4a41zcpPSGwRyWUM4QmI2FuO5jn9v","baseKeyType":1,"closed":-1,"used":1687170811074,"created":1687170811074,"remoteIdentityKey":"BXkGUviGqZeIJh/62oo7q+dtrGiN5RmD62xTdM3AtRx6"},"_chains":{"BZ9ra/1fqd2b56fAzyd+Wd++JaNkVN43NlbuPKqIXnJo":{"chainKey":{"counter":0,"key":"dFm8g3PIbnkjoQ320gXK3OpbzYt2jnhhlzcM5u+ooUA="},"chainType":1,"messageKeys":{}}},"pendingPreKey":{"signedKeyId":16,"baseKey":"BSkJf3ERbzDV4gv4a41zcpPSGwRyWUM4QmI2FuO5jn9v","preKeyId":14508255}}},"version":"v1"}