{"_sessions":{"BRjAougzoAUsPrR3DXgtzAbU9hCIpsNBE4TB54v+34Rp":{"registrationId":2049287991,"currentRatchet":{"ephemeralKeyPair":{"pubKey":"BbTI8Qh33YwpZmqkcNl7MLs/EVJb+orUUAUnOMLVlQFp","privKey":"oEW2sPndYpCmuW8KiEUwPLQO1HytsvJk7BaZjFaX0mo="},"lastRemoteEphemeralKey":"BSp/YakbDbgrF/U+mFtiP2Z4nKjw2kJpcwUqFu9cha1X","previousCounter":0,"rootKey":"A/ERS83ihlT68qKJnDgjILtkVnv4c68BLyDHWhaX9ZY="},"indexInfo":{"baseKey":"BRjAougzoAUsPrR3DXgtzAbU9hCIpsNBE4TB54v+34Rp","baseKeyType":1,"closed":-1,"used":1687174146929,"created":1687174146929,"remoteIdentityKey":"BYpQv+WUXfhXnnpahpqaV5oWnNynIQYbz/1CXMqM1/4H"},"_chains":{"BbTI8Qh33YwpZmqkcNl7MLs/EVJb+orUUAUnOMLVlQFp":{"chainKey":{"counter":0,"key":"Bxn16wLFNYNaZjAtwfoqZYibz0YuD2GowZzzHAeztfY="},"chainType":1,"messageKeys":{}}},"pendingPreKey":{"signedKeyId":6,"baseKey":"BRjAougzoAUsPrR3DXgtzAbU9hCIpsNBE4TB54v+34Rp","preKeyId":8946627}}},"version":"v1"}