{"_sessions":{"Bdma4bMGLqSBe1g/3QpZpNzGKfq8mlVqhPSeJ3pkZt54":{"registrationId":755918742,"currentRatchet":{"ephemeralKeyPair":{"pubKey":"BW13GpdJjZr22PG29nXEA+lChSrHY4i8hrENXD9ENqYn","privKey":"4FkUR3n3hM5FauORm5dw80v8KUu6or6b3J/68qxx8EE="},"lastRemoteEphemeralKey":"BVTiia9a6Lr11Kh6xSXdk/R2b2YJRJAYHXp/ppnup5VR","previousCounter":0,"rootKey":"+J/aK0NmE+C3s1sJUWR8dTQRpyONRGgIARzmUumzsNY="},"indexInfo":{"baseKey":"Bdma4bMGLqSBe1g/3QpZpNzGKfq8mlVqhPSeJ3pkZt54","baseKeyType":1,"closed":-1,"used":1687069522442,"created":1687069522442,"remoteIdentityKey":"BS80ktKLcHi2fzOHaSPf6/sSTvD/qN0oorlpOkkh+TxF"},"_chains":{"BW13GpdJjZr22PG29nXEA+lChSrHY4i8hrENXD9ENqYn":{"chainKey":{"counter":0,"key":"jFjQLiF1F+gG0srsoxgZvfbi8Ze8LTZ5aCze9rCHuQc="},"chainType":1,"messageKeys":{}}},"pendingPreKey":{"signedKeyId":2,"baseKey":"Bdma4bMGLqSBe1g/3QpZpNzGKfq8mlVqhPSeJ3pkZt54","preKeyId":5182452}}},"version":"v1"}