{"_sessions":{"BaOYCxzxGxWfjQFf4b5pxCBdN6fsWB5mOIvSzT3dnpZ+":{"registrationId":1818674501,"currentRatchet":{"ephemeralKeyPair":{"pubKey":"BYWYmoC9fy5qL4XIddNdw/ATlN0x0siX8bAo0kxzPMB/","privKey":"UBe7UGQu+JqNTor8h2X3t4sn3yPsaVdB4lgNi+LmsFQ="},"lastRemoteEphemeralKey":"BR53Gkt22HiW6xrnm7PC1pf0ui0X3v4H1dQWilxASI88","previousCounter":0,"rootKey":"8dUDn1P1/tpiH8fYaESKMwlXLzPv0tpX4rqo1ZWsTOo="},"indexInfo":{"baseKey":"BaOYCxzxGxWfjQFf4b5pxCBdN6fsWB5mOIvSzT3dnpZ+","baseKeyType":1,"closed":-1,"used":1687170845766,"created":1687170845766,"remoteIdentityKey":"BYxiJqs6Edw1P2D5nUlyY3gjs/RBZQFpc3OKlPCZIpVD"},"_chains":{"BYWYmoC9fy5qL4XIddNdw/ATlN0x0siX8bAo0kxzPMB/":{"chainKey":{"counter":1,"key":"w5qrGQyOkUvmHt16HbwYXEHTmZG9o6ObIk1/Pc06Oc4="},"chainType":1,"messageKeys":{}}},"pendingPreKey":{"signedKeyId":2,"baseKey":"BaOYCxzxGxWfjQFf4b5pxCBdN6fsWB5mOIvSzT3dnpZ+","preKeyId":11782340}}},"version":"v1"}