{"_sessions":{"BYRZUUIpIlz9fhB/X1amuD6lyxWJiOqS6c6F7fMfIY8Y":{"registrationId":772114392,"currentRatchet":{"ephemeralKeyPair":{"pubKey":"BaplaxucG6Iv5+S7FobgJOu8rNk8Yn4LrmKpFtchLGo3","privKey":"GK+f63TiWUsWmdBujrwZEjKvtjLVykzpqXmtyZFIQU0="},"lastRemoteEphemeralKey":"BeQLtnrlsGpEqYTwgQvHWRALwrZH5bsPepQcEcS4nfVK","previousCounter":0,"rootKey":"HWTMjHIr49YzI2D5wAslMsardzBX6CnhH+hO4qWVUg4="},"indexInfo":{"baseKey":"BYRZUUIpIlz9fhB/X1amuD6lyxWJiOqS6c6F7fMfIY8Y","baseKeyType":1,"closed":-1,"used":1687069148819,"created":1687069148819,"remoteIdentityKey":"BcNOHvM0cLZZlM90T814pHRGmrPiJFb8nYKzpZpk/Hcl"},"_chains":{"BaplaxucG6Iv5+S7FobgJOu8rNk8Yn4LrmKpFtchLGo3":{"chainKey":{"counter":21,"key":"x3leVIxWq0JpXbQjuKMEsMxfB60G0JTEeAyXoryRteE="},"chainType":1,"messageKeys":{}}},"pendingPreKey":{"signedKeyId":3,"baseKey":"BYRZUUIpIlz9fhB/X1amuD6lyxWJiOqS6c6F7fMfIY8Y","preKeyId":12490805}}},"version":"v1"}