{"_sessions":{"BVCDHYyabzuqCeS8dzUb3D94+m7BbzBzMMKguaSrT9UE":{"registrationId":463654758,"currentRatchet":{"ephemeralKeyPair":{"pubKey":"BUzu3f4Y75YXjUiYM3OJc2WaAmYjyjyuT9iLkB0+Dqw1","privKey":"SPvka8dORC7/5+NrjqLyuOeKWLSRWmnQzj011Iv1hEg="},"lastRemoteEphemeralKey":"BTlyXNnUfMS8PvU2/b86jvOHlD7oAhikjWceU3JXVX4s","previousCounter":0,"rootKey":"SPnCQDV4hv0zL2Pw4NRwvntGpDRmnEMAvrSJTxeQ/2M="},"indexInfo":{"baseKey":"BVCDHYyabzuqCeS8dzUb3D94+m7BbzBzMMKguaSrT9UE","baseKeyType":1,"closed":-1,"used":1687069148812,"created":1687069148812,"remoteIdentityKey":"BSj9TLX8V8vwMYkMUuVGtnznb7Qtn7/vbqoE7ct7OrRA"},"_chains":{"BUzu3f4Y75YXjUiYM3OJc2WaAmYjyjyuT9iLkB0+Dqw1":{"chainKey":{"counter":21,"key":"skizSOhUHLC2CsTRfFlhRj8J/saIs5y5BRpWpQ10upY="},"chainType":1,"messageKeys":{}}},"pendingPreKey":{"signedKeyId":1,"baseKey":"BVCDHYyabzuqCeS8dzUb3D94+m7BbzBzMMKguaSrT9UE","preKeyId":2345363}}},"version":"v1"}