{"_sessions":{"BX1sZ+8IhiQcZhEl1qQCKBgGpBLb8F5P2dmJRirynlAS":{"registrationId":1519891584,"currentRatchet":{"ephemeralKeyPair":{"pubKey":"BboTYqtJEU0OtHF7HwBwQclAdKJz0BWpda3Cw0XhY9E8","privKey":"uJRysNfZTM7dpHMYoueGFxg4Nj84hF1jm9s+5j/EY1c="},"lastRemoteEphemeralKey":"Bc7lNsZpFEeBTaClcFQJ3vQ6qZ2OnvYKsoHYjp7Jqc4Q","previousCounter":0,"rootKey":"x5eqAa0mUXRIXJNXhUEwORuqjHAN3BBkWd7SRRdJlTU="},"indexInfo":{"baseKey":"BX1sZ+8IhiQcZhEl1qQCKBgGpBLb8F5P2dmJRirynlAS","baseKeyType":1,"closed":-1,"used":1687170845520,"created":1687170845520,"remoteIdentityKey":"BUtYbd17XEQ2eN34gn4BpI8HVcDHEOcOZNOMkv6zWW4K"},"_chains":{"BboTYqtJEU0OtHF7HwBwQclAdKJz0BWpda3Cw0XhY9E8":{"chainKey":{"counter":1,"key":"klI0qWqG1LNNQ6cyZBQ3RQ4HZ3QxgmaP5OvkOxv5dlM="},"chainType":1,"messageKeys":{}}},"pendingPreKey":{"signedKeyId":10,"baseKey":"BX1sZ+8IhiQcZhEl1qQCKBgGpBLb8F5P2dmJRirynlAS","preKeyId":10694203}}},"version":"v1"}