{"_sessions":{"BVDB34fs49IabRH+4/+vAXZr66orU9xU+mZAstbrbiE/":{"registrationId":7624,"currentRatchet":{"ephemeralKeyPair":{"pubKey":"BSL+3+F07D9hmgCRJnOXog5lvlJK6uTfsgGSAEDvY88f","privKey":"OBjcfoNaqsAUNcz1+sKM9cFlhGxu/mpme3SXx2o9TG0="},"lastRemoteEphemeralKey":"BaaB92hDzizpA3sL9pMRV9UdmFrDl/6hiOhPAognL5FL","previousCounter":0,"rootKey":"v3h25HZfta7h96dOO5qq8qN7ZfNqO8lnukk36EnrQSk="},"indexInfo":{"baseKey":"BVDB34fs49IabRH+4/+vAXZr66orU9xU+mZAstbrbiE/","baseKeyType":1,"closed":-1,"used":1687069096034,"created":1687069096034,"remoteIdentityKey":"BQ5+wmoTKYU8N4kgSIz6ma+iNDsgTai4lkFok/HqDA40"},"_chains":{"BSL+3+F07D9hmgCRJnOXog5lvlJK6uTfsgGSAEDvY88f":{"chainKey":{"counter":1,"key":"XOVKrWIRgO6wKCGWPddUXVJvHyfmzgQCQbqecIBOa3Y="},"chainType":1,"messageKeys":{}}},"pendingPreKey":{"signedKeyId":4,"baseKey":"BVDB34fs49IabRH+4/+vAXZr66orU9xU+mZAstbrbiE/","preKeyId":252}}},"version":"v1"}