{"_sessions":{"BfXjHyqwWpC7+pivnHZZ+TmWT2CJ7J4mABO3HdThxOhO":{"registrationId":485225984,"currentRatchet":{"ephemeralKeyPair":{"pubKey":"Bd417YT/SL1LV3ty3P9lH2BFNwEzMCP5n2u7S5vt73Ud","privKey":"qNuLWD9CL3xdAJ4yqEO5OL5iBr9xp+4FVlhbA9cf8H4="},"lastRemoteEphemeralKey":"BVvIt9TBPqxcsD/GCHG00DTlg94u8t3JW0pRc04r6fBD","previousCounter":0,"rootKey":"q/H38k7qyexPaJoJICAP8VWu9M7mLonC/s97eu0kHzI="},"indexInfo":{"baseKey":"BfXjHyqwWpC7+pivnHZZ+TmWT2CJ7J4mABO3HdThxOhO","baseKeyType":1,"closed":-1,"used":1687174146849,"created":1687174146849,"remoteIdentityKey":"BdOQGk/JCRdN5QCLJnT2B/d5h2VvPKBcFCXLVBIowbsw"},"_chains":{"Bd417YT/SL1LV3ty3P9lH2BFNwEzMCP5n2u7S5vt73Ud":{"chainKey":{"counter":0,"key":"6wTazr+NN8bYZBzsHu1Gj3xXsn+PmCAV60ROBAYZ1C4="},"chainType":1,"messageKeys":{}}},"pendingPreKey":{"signedKeyId":0,"baseKey":"BfXjHyqwWpC7+pivnHZZ+TmWT2CJ7J4mABO3HdThxOhO","preKeyId":8848871}}},"version":"v1"}