{"_sessions":{"BS1U1JOO9JkbDx5ZSMEBcYS2efmOdmfbArat2bolIeoi":{"registrationId":329545401,"currentRatchet":{"ephemeralKeyPair":{"pubKey":"BWv4L7QLtpuwsV1ZGFaL1Rgenm259mKkTYquDaRNoGol","privKey":"yNeceI6t3StG6g8DJZtIW2pn0yMHyLFtvIqnc35UpE8="},"lastRemoteEphemeralKey":"BWYCYNiLx84jZimjxzYmPmufj1I+feN8UufZeuXlBtUh","previousCounter":0,"rootKey":"pf3qdYF7D6WoFT+g3YnSX4HNA8HICx0boIPGZr8Xcsg="},"indexInfo":{"baseKey":"BS1U1JOO9JkbDx5ZSMEBcYS2efmOdmfbArat2bolIeoi","baseKeyType":2,"closed":-1,"used":1687184002103,"created":1687184002103,"remoteIdentityKey":"BWJVOBmd1PZbxXUcS0djjFoCV32Ej+gY15koZtMW2eQF"},"_chains":{"BWYCYNiLx84jZimjxzYmPmufj1I+feN8UufZeuXlBtUh":{"chainKey":{"counter":1,"key":"qIS37RmqqvvQAxJ0Xc81QZb557HWusNoMJ9wTcRhPmM="},"chainType":2,"messageKeys":{"0":"1zoKKM/Bx2Mtfy9YI0KR/Obx9x6w+JXlskJ48553KgA="}},"BWv4L7QLtpuwsV1ZGFaL1Rgenm259mKkTYquDaRNoGol":{"chainKey":{"counter":-1,"key":"cnnb/e/tKG/HTknVmwXGjMQ1RheqIX80NVMXcT+VWQg="},"chainType":1,"messageKeys":{}}}}},"version":"v1"}