[
  {
    "id": "6282172036337@s.whatsapp.net",
    "expired": 1689123072214
  },
  {
    "id": "6288271530520@s.whatsapp.net",
    "expired": 1689123103382
  },
  {
    "id": "62895634781308@s.whatsapp.net",
    "expired": 1689123229681
  },
  {
    "id": "6285941309748@s.whatsapp.net",
    "expired": 1689123240599
  },
  {
    "id": "62895328229207@s.whatsapp.net",
    "expired": 1694325291973
  },
  {
    "id": "6281265474033@s.whatsapp.net",
    "expired": 1689156613674
  },
  {
    "id": "6281326155224@s.whatsapp.net",
    "expired": 1688466904554
  }
]