{"version":17,"hash":{"type":"Buffer","data":"youMe2MqUspXYxx8o2smeNO+WuEdtaQuz4pQjJvGlT6Zh/2Yep5dlTf58AFE6Rl5kPBsGb0BZR5iJ4x/pEFw/5LSeuJI6MSSXRtyKw23v21xr3UbdOJJrofx/gy+lwOKGKsVTFjHnA0QedtLv7wGgX0NYuFDUnB9mj7I6XoNNQ8="},"indexValueMap":{"Atls8vJk4r73qAprQNJLux5XIXmjBT96Jx58lLQUIfY=":{"valueMac":{"type":"Buffer","data":"L/8CeFjrJ6U305Mb70SJp8SjoslWIEamD8M0dY3EDvw="}},"AwDo4EjlB8a0UHwPz6YKdCxASiLxRyGpcikaXKMaa5c=":{"valueMac":{"type":"Buffer","data":"LPGJu4DrxWEqKqhYcaP1S0voe4NXNOv2IjHseeBd0zc="}},"Boj+fDY4pNyf7QO4u2AB6oirb8fFrZztyYeigcLhcCE=":{"valueMac":{"type":"Buffer","data":"dne3bbxAGAGHqoqQlxNzRqYuFQeLkQYeeofrwKss60g="}},"B3W3/cJ0Xigo4YMHl481MnEAuKjECEC4B+VX7EvJx7s=":{"valueMac":{"type":"Buffer","data":"DrilZvcuov5QG1rNJi/0oqK98Oumxgkk82VjdAOWreA="}},"CByvsFZBrN+QavEwNYs5CQBOH7jBs04m7oweqYxeDZY=":{"valueMac":{"type":"Buffer","data":"joA6R3Py8GC8Wci8jBuz3whrKKw7YP6l4cIFTVV/Prs="}},"CEErdbkCOUZVk57AUHlEoH41CVycT8uDJpRGfFW5/oY=":{"valueMac":{"type":"Buffer","data":"T4oN9BjxlnQ3pZi5a4rg2w+mqVTaiCdWfYhsL2UiI2g="}},"CT3ksvrW1zD6C5jEnGbuotEUuWvSU1eAft1u4rFSckI=":{"valueMac":{"type":"Buffer","data":"JVMIXT5XVbNQxlaqrawWRaEqQbnxiUnxFWhJOMz1+es="}},"CUr3AMVk8rdy5vOTViWCBhSBhvF/9LUg02ekaytHU3M=":{"valueMac":{"type":"Buffer","data":"7jX6t2A4cRWPJIkMO9p0kNSozfHMND0Y8lW8krOo/I4="}},"CWNyZ9AuYzgQ69fAlFqGoNuBJ2CFRas2ukorFAhpo+I=":{"valueMac":{"type":"Buffer","data":"ZwYVQA9eAUC00i5oY6wXC1EuP8iF9IyqLD5K5Lm2/l4="}},"Can5BhU3pQVU6BPU3dFkU3r32NA4DhuuIz1cdOPaRqE=":{"valueMac":{"type":"Buffer","data":"ZVSObuDP/HRj8wQqBPQjzNNiC/ModMGKNcwRDsYSjlo="}},"ClqsaF/wQ4uoX+AvJYguxL9U7bcQO3gUBXv5aDVDqMc=":{"valueMac":{"type":"Buffer","data":"0yxQfpAZS1gt5KmfVqKWA7uuDgzS95hMRiOZR+VN9iQ="}},"Cw/w2mi/+fGwlOKbfH6XFdbiNtJ/zIzp5QNMex+DPnA=":{"valueMac":{"type":"Buffer","data":"86Znnw8sYlLmUYEVpemDwzlAbkrJeKhPncJH/AEj+G4="}},"C5d2fVnCpPnlXLJg9Z8jPoj5lar0eYmCEMKiP3hNu9U=":{"valueMac":{"type":"Buffer","data":"ekTI0apN0TXcDh9/kaO0aY1BS4AMWgubBe4h+X2tjeI="}},"DBSJCTvxUYFOoUo+T8Fx2udZ02DZ3yO1crZFggXQzyI=":{"valueMac":{"type":"Buffer","data":"ozczwYLFOb1RGooeiVECDP4kd8/13VuIqxuVbot8X/M="}},"DPCS9ygnSmPjSiQ/zHVaSuP0nQxis5OfxWecEQQ6NAA=":{"valueMac":{"type":"Buffer","data":"0GTso37BZHJk2RmdpQSrvYl9EdOGxOr+HhKP6zPBvVA="}},"DombqhiI0KvPiUG8NqjyYDCYaDojnAxcxCw0v7sxMYo=":{"valueMac":{"type":"Buffer","data":"TcN62BygV0bQTIQa9n4SV0bOk+YF0TCJzn0IHhO0xbY="}},"EHNHguxadJIAvY/jOa7sQY2E5kUlnIQSn8MLhI649og=":{"valueMac":{"type":"Buffer","data":"UlEIK9XCVEqk29NCJ93ETOYJH+MIVNzlDs9Q5Jsyw+I="}},"EM3xo0i2cUwnQqYexD4j/0HL4/vL9+862h7e/8FSsOI=":{"valueMac":{"type":"Buffer","data":"+7tFDU9p3mC0A6zGDB2X36KkAWeDn94QiuCCpG17gkQ="}},"EhIg3t28IW7tJwXdns6O4hyEOE88aubgEqxdXv24/to=":{"valueMac":{"type":"Buffer","data":"QJ8I1Bwxw71z+8pw7icmR4+5gtzVQSPoKVmS61pcHtc="}},"E07liKAR1rLIHkQd484dhOQLWP11tgzeTRvra9wA8ug=":{"valueMac":{"type":"Buffer","data":"2pIoHfEraQ8NbMUMqgdeY6XO6DRfbRSVjpwM9SOO+6M="}},"FWakzKuuN2TDyNuAB4DT7xDqBc2nCAzlh6QwP/xC2tc=":{"valueMac":{"type":"Buffer","data":"EV/OtV1SnhM9TTJXcskIKPbJGGr9JPdifr64ULlCnj4="}},"FlKt+V/MgTxsF5qSV8OuSyw+ygbxCjnhvDqtPXQUg6A=":{"valueMac":{"type":"Buffer","data":"Y4fm3Sjdj132Z9CoqS2G8Y5I2A5bfq3fveoxQ1v3YEg="}},"GL4mjb5emu53RKdkvXoMtwlvvUW0EhsXfUr+gk91LNk=":{"valueMac":{"type":"Buffer","data":"I1M8bzt1oedwQY0ECzgQXYt3NCWJKo56EKdSD1Yz1YM="}},"GMqt1A0chdB5D0FB3Z4VSNeeZZ0fVWiDuX1X+/4QXdA=":{"valueMac":{"type":"Buffer","data":"u1eLHEMJIKTEG+XkghzbvBAABN+Zrwu2v96Onh14MvM="}},"GRVuTG4DHKfM6Bfv1g71fTXUVn7ikM3cGolv7QpQ9ms=":{"valueMac":{"type":"Buffer","data":"HPk3YQs1FLaRsJAF5Eieodj6BLvArZnmPNPNps/mnBc="}},"Gs/15Vc57oohlvfatVYkDYI00oorxJdSQRd4eAD+et0=":{"valueMac":{"type":"Buffer","data":"WA7ncQx3Ico3vbaZt66cvweQ/XDW2nnqM14gH6gx7e4="}},"G1DGU/2ohsw48k/VhgwS08SO/mJxoxvjYLv9PR5vhxk=":{"valueMac":{"type":"Buffer","data":"+7S1nmJitRuAx5RV/m2kAW9l5FykGimdgg9lvQvZtWo="}},"HL+jlfsuOrwj2XB71kogBOV2g7YM5zQGM0XCVtblUKU=":{"valueMac":{"type":"Buffer","data":"JT4o/hH1VwSRtsv2OuoIcIXZ7/aOY+rFsyiIpAxE/vQ="}},"HpGrf00znbA2kGPQjnwGGZ7sIs9C22YSvbApj4vEyzY=":{"valueMac":{"type":"Buffer","data":"3/eZthUkwnrZsAt6+ABlEDVU401injSLAMqvEyGrNsg="}},"HpHf9VD9NK2L6oreiznzkekChJU8w2H0VAY9xmNu5uc=":{"valueMac":{"type":"Buffer","data":"vU8dTJFTp5fL+/oih7pbe/PiMvwuRDAVZfFny6FfZGs="}},"IYSuCOu7j3tefQacCRHn5oxXh6eaV1Mt7laFdVoH25k=":{"valueMac":{"type":"Buffer","data":"rVXml7XTl6xv0dXxUo5KQjGExk0H2ALxVuJjw2n/HpQ="}},"Ijx+2l1OTJJXjZIPu0I0MsaeRgvXQt4HLRWgjHtDDKU=":{"valueMac":{"type":"Buffer","data":"dOG5DkIYbCQUeBRGSQ8DkMkDG2AoH8RNWXPS7W3s6r0="}},"IlPqHCqbTLv4xakguGbBSMtkKM4kISqJzfTfo9oHwP4=":{"valueMac":{"type":"Buffer","data":"sFzdkCm+zOjpScu1HFWtpHoRinqPIBxl269Ge/L1SZk="}},"ItBpldeuMzsiP/kzsKWRa9bnqf3K+cHTmdFvUFopI8U=":{"valueMac":{"type":"Buffer","data":"fgZOJlt1Xwh40nebX3OWRqd4bks50ElwtLaGPflmrAU="}},"IuLlY1RffTBgDFgPg0/ezVFgjXcQRQdpwfmTRldUAUA=":{"valueMac":{"type":"Buffer","data":"GBEwG6H+cpV5w2rXZzvvCqwbxUzooH9+B44a1RSIFHQ="}},"JVoE5ysqrorTwjtkWVZBpI5bveDuSuKa9RbHv/9TSg8=":{"valueMac":{"type":"Buffer","data":"EjIJ3kB19h8Cat89heXuUmnOjS/bWIhsc2O96jVOhrw="}},"JhLyV4aO6tpVolmX7z8kcMoxjZiCqRKTIXF85W8guNo=":{"valueMac":{"type":"Buffer","data":"k8QwtvYNBjJxw1i62xj0BiNORX6TpcP+xpLHAaQyKu8="}},"JlhQMlv84lge7YUT4osENYTp8iW+oqD4Pn7gBQeCxKU=":{"valueMac":{"type":"Buffer","data":"frMPgJrZPyUXWJNn43Jcz9Q6N9M4YE9ktMANGSZD0gM="}},"J/hDzhF2HaYcSUgSom+vezP4aQ4MW6k568lDPiEZhXk=":{"valueMac":{"type":"Buffer","data":"tmTA4dMDqlFL3XC2XNwmNc7DWCV8bLRVWFgOew3PSR4="}},"K0+GGeVDkMg/F/KYCUUGy6MmyhSQK8gYLeE9TBSAwI0=":{"valueMac":{"type":"Buffer","data":"dxSsvgNOKr0AmSgKYzDT30JQcG6RYYf67j4eFR4zWmY="}},"K1LkCpPGkVRxW8bN0uXilaN9yZVxdpg1WgbbCMFBfjA=":{"valueMac":{"type":"Buffer","data":"twlzW4F+IFUCwkZjzhQrG4yEeZXrD909No0cse/kFL0="}},"LFsZyOP9A8M5TXNgZ+QbIHQZ5QdrAYqUz6nIN6v9LZE=":{"valueMac":{"type":"Buffer","data":"7vQ0E8MtFU+8BGjUVfz6FYHeZ/Sc4kxhcCT1K9G2isg="}},"LMBV3nJyu+uYXOmyWGMJhIT/8ktVJgR23SICt1PLQkw=":{"valueMac":{"type":"Buffer","data":"ijfFP6C6o/FCl1srSrBA5ArYQDbF7qQ+h67U1hfZGX4="}},"La8TSL6y+0hfLtoSq9U/AFb5nMA+JqGlK85UDaZXHJE=":{"valueMac":{"type":"Buffer","data":"DOs44vKod4mKMKthT0tdHjaluktoYLbYV4Xr4L0mL0Q="}},"L3YRLVqIk/PYjd9jbaDvMl2rpDRFauMPDyD2C3ZJ9AI=":{"valueMac":{"type":"Buffer","data":"y0lvs/jSqP3Ftv85WwggpRsD8AcvPozzyaz1OwzX8DA="}},"L+spptEHg9ZrE/z7A/Cxbo9dKMt4hR4ZFlYGHw11GJo=":{"valueMac":{"type":"Buffer","data":"JR3yS/eaCAX8QnfK4pOm8P7fD2ASdHqYOcVIEVgrnz8="}},"MFwx8mfIMuiLgwGUxn3UdrVa7zZRsz9Et2JgvRglYh0=":{"valueMac":{"type":"Buffer","data":"30DVh8GyNPvm0XnyVTFSdzqmhHbXuBDx/0sWLSibqqY="}},"MVm8nNMdFpboGioooBi+0HmysPTre3PNGMwOySXdCcA=":{"valueMac":{"type":"Buffer","data":"iuxzV9rnhzXSZd93lbmcy/AqNIDmtmUqmbxDaBqrA8I="}},"MsRyEWT0vGCDjlRWWeKkzlGkOnXEAUqHdJSE/qMTUKo=":{"valueMac":{"type":"Buffer","data":"Y750p2rzCCWyKN2pGR9lyjkPUtz3bMg0YvJMwV2l0f8="}},"NVkcvcyCeNphkdQu5lcvAM/RAkm/Pqdav7ZCW3t06ZU=":{"valueMac":{"type":"Buffer","data":"YT0oXZf2tXLru5dxmEkqzRHa8V7DuI3rKDWjLwQqty8="}},"Ncv9DwRURDL8bLExh0CHAjs9W8vtl2cHdXiJLI+37ZI=":{"valueMac":{"type":"Buffer","data":"nyeiV99SWQTESP05Q5/Jd+YqjsjIE6mNWXpiyhSCpoY="}},"Nvu+IvfJPVOMNJnkN6r/9wSgxlkgza6kT+FQBkB8bCU=":{"valueMac":{"type":"Buffer","data":"3i3ni2FCILnPZyh9iMb8K0rpAhduzThFgst+49Ss0KM="}},"ODUVkeyBeud3Qc7xTotVnLnwy7fYrin0+MSr7gq5X9U=":{"valueMac":{"type":"Buffer","data":"nyj+O2p/xuAc/plgFDTHhK3k6WOomQyrlMoV9zPg+c4="}},"OGwgldMMxX7k0o+PylPN67M11qvB3Y3TCpS6Mj+MHvM=":{"valueMac":{"type":"Buffer","data":"7ptH+JS0/fXzfzeh+KJUqiR1nmeb/8WEKqqYCv/j+ZI="}},"OMpeaE61ieqId4vq7q9aZYuyDkEgOrf4KnISGTAX1Mo=":{"valueMac":{"type":"Buffer","data":"GgyvzN0J3zsm6TuqC7z16GnutszP55tI6V4HXGMDxdA="}},"OTCNdQ9o/UG/GM+Ccmy+zZnIQINaPyrYqSuAMUit2DY=":{"valueMac":{"type":"Buffer","data":"pCJt1Mp86M8QstQflPZEwMZNb0/l88sOOhV8jfzvU/Y="}},"O1gxQ2IkfL00qLa+OXQ9Zb2HWizZPe9pe39gXWhHgVQ=":{"valueMac":{"type":"Buffer","data":"VgQtZI8YbWu/mfko3+K4dJdp6fdDcEsHLICed9GUufY="}},"PIhjruapsOYR20zTSN4GEjCff+xA+CxuuWBZcgfGzL0=":{"valueMac":{"type":"Buffer","data":"AmG9iGo+FGE6woxYK3l7bxQGafuDx+CvGuiknZPQ5zw="}},"PMH27mAkbcHaU5iaZrErT2c2DUquYRBtNIg3RfmplN0=":{"valueMac":{"type":"Buffer","data":"2ATv/iuHQWT/Yh88ct3ZerykFZskZqA1lUpCMe8RGro="}},"PQOGDPXX9tbF7B+aw+qvdxwEgJADQ9C64rkqKuDzmcA=":{"valueMac":{"type":"Buffer","data":"Fx82w0+xhCOgipM7IY//uCKOMdpUbuREdo/bvL07nLQ="}},"PWh4XHW4sdM/ln3Afm17GT+z17MwMaGy1hkjAbvGNwU=":{"valueMac":{"type":"Buffer","data":"Ah0u8Jq0xA8N2NgKvjz7naMCJujl/c/9RoSR7JWvAvY="}},"PXcr/jzYRIalSksnIyJxyANwM0gXgwEDR+OXNzloFM0=":{"valueMac":{"type":"Buffer","data":"gMRvSgb3GTJdREl8rKQ7sffu9kz0Rp6ZOq6m9EfCSwQ="}},"PZKah869CHYTJ8DcnlirkRPecU/qw78iy60KWHAuua0=":{"valueMac":{"type":"Buffer","data":"myoqp7PbxHgwJo/luTj8Lj375JqE5o/eMAKlLaBsViE="}},"P61gkIyrVXyL8777fB3EinlmabHwh7BQRamEN7wDup0=":{"valueMac":{"type":"Buffer","data":"JhKoGuTeNJag4MoUZkr2yJm2tXo/XESFAD8cAUsgIQk="}},"QqeYAGOmZjqZPou/4g18WDanB+/YMKUQ0SKtgTzPkYc=":{"valueMac":{"type":"Buffer","data":"4ccG3+UjUHnWe8hZK5mPoZaD2CnX9k4lA7+q3tQUvQU="}},"Q+astQBxbEwnFBtXsRKRjW5rxM+ryMhOXI4dOkR1Smo=":{"valueMac":{"type":"Buffer","data":"ou3jGneRMGxFxRZ7E4Q0k2g1+Iq/d9+KZ3dPTggjCFM="}},"RedlzIyu1OBRtoZY5t4AmuGW505zulQmCnbJVfiEcQ0=":{"valueMac":{"type":"Buffer","data":"FVHhQX1ON4LQKYimB/evthhoQubt5vdGaE9vX1SWUfA="}},"RgNeLwX5PzdtDTT89fQPR3tfwmj1XB1AgJ8lRzFZHsY=":{"valueMac":{"type":"Buffer","data":"mfeoT1KS9cdb/ByS6GXrrm5SXVQIf0r7Sv3HBv1TdGQ="}},"RzLnflyHCf9LT6WQD+ArG79O5Yp21j9AxmrUD1/fz1k=":{"valueMac":{"type":"Buffer","data":"C7L62i2lSL4YWSrFfyIP3fKq90tYFz0WL6Bg7fViMb4="}},"SVP1VFmPg/EIZyfEVevdSZqtAmLrWCpeG1vYnf4LgY8=":{"valueMac":{"type":"Buffer","data":"je5Q7lGNDvE/PTw3WZNN7jmU7Tgo8k2F+Nn6ZcYo9RY="}},"SY9z6rogwTKVFYQvyx2qDfA4ylGHUqUjxuSd7dGonF0=":{"valueMac":{"type":"Buffer","data":"ShfjSFHpAKREm7u3fBHUdfMrlkAZQa466ooaiPty34M="}},"Sia3t9NvajYCwqJdgEU3kMKDOX/OiVFThGOL0QoUpm4=":{"valueMac":{"type":"Buffer","data":"lIPjGmaHvIADdXuFtaIZ/aQRtQ0z853FpMEXNQyEp5U="}},"Svefd8UEB/qn8AlPQTrfAJgFaBU2UlX9lFHABMCRT5E=":{"valueMac":{"type":"Buffer","data":"nO/XWUfv/ab6m/SdCbN5GXqMaFiirg2bOEyzVnieVPA="}},"Sw2YeAXLzMNRRGkFrauNI4IT7mt3b76+vEHLgOhfm28=":{"valueMac":{"type":"Buffer","data":"8dMnolAuX/OGxgeSggTurX7pJnkzpg1nDb7vVR23BNY="}},"SyaxiCQfi2pg/8XxZoi91OulNOLEOaqUgqx8u2Ztc1s=":{"valueMac":{"type":"Buffer","data":"0phTox2bPXAKxGqro06O2Z0VB5+iYDu3DdRMcaScw3M="}},"S1I6arw+bg/eMapgOEn08HcdIVz44vuGqrRQJl5fFcw=":{"valueMac":{"type":"Buffer","data":"ITf8r9crSNzkyDJ+S2vQj+UArU1Nt6REArB5SEsVSZA="}},"S9v7D6AyO92PusYxAIvl7nT4JMEmXtj2Ko8Hfwxh5FM=":{"valueMac":{"type":"Buffer","data":"3lIIfH1mRx8RGbgppql4sivZ09gjV/Vhit27865IDb0="}},"TwtyNwzEZpJFmTvHjTrxQQPOY5u9NzByg9xsYbL9SN4=":{"valueMac":{"type":"Buffer","data":"dCCECaEaQJx5KdlyzrYdcTmU5MfnQNMIUYtX8s8TSvE="}},"UXhuycexsXiZg69L9vWv/+0f38QO1SQ/hOXnxUerPlg=":{"valueMac":{"type":"Buffer","data":"oQcE00GadVrZUp14Ev+TD8r5mQc4IRyCq78/ofac7Fc="}},"UXkc0wb2tePTlvuyAo00E9O6lIQvGIofGBSt5JeHbJU=":{"valueMac":{"type":"Buffer","data":"7X0+vg2lCX1xB0QQY0q/m+OI9Pwb1Xh4+1Dkbiz3rcY="}},"UcQPt/j7yIxei0J+SfgXe0R37QJ5LTIYin7cwonlb1g=":{"valueMac":{"type":"Buffer","data":"7XaqgV7n+DmLtxgaGl+Yz8iM5dpkg7Hj2PfplIkAAhs="}},"UckQlL7go5Ww6o+tBnAGQulwyoJv6UelpXy8kHntbWs=":{"valueMac":{"type":"Buffer","data":"B3JeeWbsFTZBxe3DxDWAfKI5ugXIUcxfGkm7UHvb8IQ="}},"VRRlCktjD9t0HvvjRoc16pnFxfF5Sc11Criopra8z5M=":{"valueMac":{"type":"Buffer","data":"a51k6zlMVVqk1e04u58H/AYC4Ey7jLdjO5oR70gD5Fo="}},"VZw2NqHk4jmQInaWkkIt0vNqQTxtPnc2S+3YZ/PHUvg=":{"valueMac":{"type":"Buffer","data":"xxsPjBv33fkDT4CO5RhbSRyVv5nef1MP7ordXXP0jPM="}},"VdB6Uk2iqP+Dgmb01grattlcbQw5VMS9G7LoeJYz860=":{"valueMac":{"type":"Buffer","data":"OacMNRp0Bu6HHP6qXLd78Tj611jorCJVHMDfRYDQ/3Y="}},"VypoGK2gxcMsEpjTe/sSn0xiHuHRSKRMGC9Ek7R4BA8=":{"valueMac":{"type":"Buffer","data":"I3PTnvTEWzS5hO10XLUdz1n08W/rsXGjRkfG/rFVbTk="}},"V0RYFF5Uu9IKibXwhSfiLTNbt5V3fRaHRmK98AL1UyA=":{"valueMac":{"type":"Buffer","data":"YSp0Rj27S3irC3CGz477RqyAgMUWFKlhxHUGz4sLwdQ="}},"V7YJazZFayd/YBjYAWPMEmzaXrXpMk46V7fI4xC9zxE=":{"valueMac":{"type":"Buffer","data":"IthcjJtkViKZlQfduJYjKUVZh183VVaTaV3dt1Fh0ls="}},"WAK8yb4Ol1XHmDiG1/mRcexrx75BJoSL0Qbdc4FbYSE=":{"valueMac":{"type":"Buffer","data":"6uOo+y/NAsmZ96iSldbIuFiId0Wa+1ewfDBcC8i2YmQ="}},"WByOXOhibGW2BaO7wUJ1xp8832iL02mcx9nRvBm69Pg=":{"valueMac":{"type":"Buffer","data":"yCjpXmhmQPkXnisoYSXWXOxfGdrdJixl+9syX7q1+8A="}},"WZ6X7ZusSIjCEdBhiYfok89TFPqJ+3BtNzWPnBsaRxU=":{"valueMac":{"type":"Buffer","data":"McTKLv3ShNfXsSOVlUe+0UmERYTfgsKWVgTsTi5kpGg="}},"XLnUxOgo3LhnyppLudt4BR8EfjwTfRpAZeUV/fVsMj0=":{"valueMac":{"type":"Buffer","data":"Fk6GwzM/PCzEvYUy4GCn+uGmXHMkzcoqco1n+RDCM7U="}},"XNY7/gjFolRrZjDOLNodZpUKl6VixqbhA/VLLgFXfK8=":{"valueMac":{"type":"Buffer","data":"677yQcbw4C7j77iYFLFSmMgvJ2qecP0KsseajLnludw="}},"XN6PN3HKrhIAoMCLUAspXAh9fBIYUW4WWHl4XKRXn4E=":{"valueMac":{"type":"Buffer","data":"W7syKQRSw7UUq9tL1kTjFYMfEAJ1wW3yBfdUKeIL3ZI="}},"XZDo5tYKhn0UOISsbq11vMP2nGhmqNNFOoAFNI1lQfE=":{"valueMac":{"type":"Buffer","data":"TbY+Hk0rNQvc1Ud2IwEjeqSGk8ixU1eZwaO/YNBTq9E="}},"Xj69XH9tkeRuvYejBzkKIM+LHxFEgnWDugmjwjD4Pyc=":{"valueMac":{"type":"Buffer","data":"YPpAdm2tTYMj6gUo5rzikYOXvLWuGF/XlE+0wvKpSBw="}},"XtTw/iAj4yaVkz6gVqwH54+En21ugRaUsLFCSULvtMc=":{"valueMac":{"type":"Buffer","data":"zkOXrI40MnPE4o/ND0bVTD+0XToSLnvpmNy5h0+RrYY="}},"Xv9Q6fA685ZPxgGncKCqaxiqajznapoql6NTcTxHsRA=":{"valueMac":{"type":"Buffer","data":"jZ/2PMqZtR6JNuc82J4samEBpz8czXDJ/Fl6FQ7MGzw="}},"Xv/0D2ylwNr26CLtlzdEj6XRFXgRGsw/tnplx/PvVd0=":{"valueMac":{"type":"Buffer","data":"xQ9YIS+R6Ayn2FUGTJ103+2BNM/Ag2D0/p+GuCVYGNI="}},"X6zhDHl7r6LabvQMvqLdM1qgBPLEFNXHQjJo/NaEtiA=":{"valueMac":{"type":"Buffer","data":"mYTto7t3lvgNn+FMH8fB3piit5qmMP/nPkC2E7nhoaQ="}},"YMqncvZ12OOgXqD7IOS6pq/77rMgNh5quBMBQYAq1Bo=":{"valueMac":{"type":"Buffer","data":"0R/8iJuYSDwso7Tb6pncrY/cT24As5Ia7i4hLuSir1k="}},"Ybw3o5syinf2uxhsJfZPJAzrP97jiP15FIby+ekN4Q4=":{"valueMac":{"type":"Buffer","data":"fzhZL27yun60xbPSW6h8K7dAXvfFRhs4WS2qYPYP3mE="}},"Yl3fVAY4oZUO8A2itnwuhkhWddOUpEKw0lcv9Vi9J0I=":{"valueMac":{"type":"Buffer","data":"hB3WGJZr4Zg2QhVZVJa8ATRKO9/SfLglMclChsxc5bk="}},"Ytm4ETyipXnNuzu7Xw2iNmOnzHNAXXEr1NttLuDi9r4=":{"valueMac":{"type":"Buffer","data":"Z0Y44stUkaNiF9stcpAEZd9C9TnrpJxBz+H0KJx/jGc="}},"ZI3AyiDC3uRaAdXLwRwUks5UqX828BnxfxVMEWzHruw=":{"valueMac":{"type":"Buffer","data":"WcbUs2wDCj1MnAUzzATBd7B+dQwLGP+L8/+IYlp1Ba4="}},"ZinexaKKqHPMXLLu1K3sQuYiKsto4HZ5AqovFfAXeK8=":{"valueMac":{"type":"Buffer","data":"Ebzd6eH36o0N0I5E7Qchcug+hud6QUcWLnMxuU22di0="}},"Zioij2JyiF49vXNr6JgwNR6k3RHjdR89DDHXDabSBKQ=":{"valueMac":{"type":"Buffer","data":"WjoFRsFZ2FF1mC98eGeuBAJb1yvhZIUtFWh05Der9js="}},"Z4f8SUrMokEuJhPj743NiG9uRuU59nSsy+Ex1mMcgRU=":{"valueMac":{"type":"Buffer","data":"3LrnBmtEc9B4bpJlM1JRk9zRKpy1qmuAdVt11SzKXko="}},"aFt+hBbVMS3DA1npLcoJklozbxrQ2lnqtblw974EIA0=":{"valueMac":{"type":"Buffer","data":"xG08pPtkLQ6igzLtOON7yNpG6oUTtHFQgAM2V/4AE1Q="}},"aSAG9Axv88je7QotCzh2MgoKvenZJdVqKKPTmpKWMcs=":{"valueMac":{"type":"Buffer","data":"fnHANBM2472zQP1eA59uFcucC+nKM77IW3RlV5wuStE="}},"ai/DrzDm+zo+g82mPpTJtHMN2P4RJBpfPuwiZTLkmtk=":{"valueMac":{"type":"Buffer","data":"2VWCfYwlQ74l7ntAZA/Kp5VxJGnrFqgDuZaT+afnruY="}},"an8W1qz0jdW8ymXumDE3tJVrkIMLYp0UDQfnEA6duw8=":{"valueMac":{"type":"Buffer","data":"dDeFx+s2O1iC5RSNYzsfQzVOQIU4LdzVhVI6stWYEWw="}},"bUE5oBK3LfKBsdFWsVftdGgK02wmN8pGSvaXk9pI/fc=":{"valueMac":{"type":"Buffer","data":"Br17iH0L2cvQgNkX+GH8kgNRSSfGMfz/4oP5nLG5rgQ="}},"bYe/dgVrCqX2hJ/TLUljjBpueprwG+lPwgB675JA6U8=":{"valueMac":{"type":"Buffer","data":"fhk0K1etFpa5mVxEol5NHY1EGsn0p7UwBr+Vk+mwXyY="}},"bmQRrt4W1EZCGCeBSZ7kdaEpZqSjsuyYn8X+yJiy4Ik=":{"valueMac":{"type":"Buffer","data":"2FLbWVk8SReXvIyLXUUe91f6K4xn+qujQ21mce142s4="}},"bsfOa/xcSKwMCBQWvkA5z0SOpcuUKnKZGdedN+HrZS0=":{"valueMac":{"type":"Buffer","data":"oBsCJiPAzk5Pa7YqVqngPjC25bDUJhk/46CCPKukHnE="}},"bx8TT/M0N9KfV7ooO7Rr7GI35clgUtMHLi5c4j04fIE=":{"valueMac":{"type":"Buffer","data":"vZNL0cSS6Sz9lVE5uDH7mN7AeC28B4fZaEdYz3tooxE="}},"byiDdMWMdJutL/E/tbiVf+9o9jYauwDwa0gQqsG/9dw=":{"valueMac":{"type":"Buffer","data":"0AgisBxyKX6Vi7n1Qk8Svrsm28GwyL0d9PUdzR4HmjY="}},"b7X63CBzlfxoiwDxPTMYwCPVLszofsAfOKgOK4sxU1g=":{"valueMac":{"type":"Buffer","data":"Y9nhhno4OP7Wruqj7BRZerfvCOfxpIqz4/KR4nBW6Y8="}},"dP+C8/6Q/t8G3JLcGU3kSMVDbcXuGKdNWiala7bjR/M=":{"valueMac":{"type":"Buffer","data":"z+Rp96HuQhADBXU8Pi8seJL7/Ud0xZqmvPIyaiIgq08="}},"dUfaO/SX1kjeMo0EVpR9u8A0VpmqmY5Ian/BvmQirbI=":{"valueMac":{"type":"Buffer","data":"ZEzxIYZEejuGIBNdrWMk5SS+vfaHszOrBbUb7lMJJoI="}},"dXQg1zPI9VMDlj+hB0fzHTW/27kaj5mr/KI/6JEGsys=":{"valueMac":{"type":"Buffer","data":"VbTFKLaQMppm7p7a+873e4jgJYmI2GXZd74EdLIKoUw="}},"dz/NtGcfMRRAv390RMws00KQ1MQUxkWqrQrboblkoOY=":{"valueMac":{"type":"Buffer","data":"18m3GMinVe9uXUNfMbC/S/NiGoMl95JAoP7hEvrTmbo="}},"eB47pJKDImj9eYilgzCj//NAPcNQHgIWARvm527kQLo=":{"valueMac":{"type":"Buffer","data":"84BPQk7puqH6/NO3imcL7a6q1lIcLWyGYC5qDVs95h0="}},"eWPTUshimVp0MrAUE1DtAXEshIEQHfWhC6vr1MzBsyM=":{"valueMac":{"type":"Buffer","data":"/5S6YeLvEW+yiCZD+QDXceq8IqMt8roP82fw7EmPQaU="}},"ezKf7WXLQ7jVb5WyQN1w9asNq4Yb7b0XOfQ6Dwcgy9I=":{"valueMac":{"type":"Buffer","data":"meCOByqh+mp3VwshdQ8nApII2+dmi91RRVCCvFsZ6FA="}},"faW9HUfTmS9wW+43EJ/AxxG0XEmy5xertaZ6xkWlbeE=":{"valueMac":{"type":"Buffer","data":"NZ3U1mMRvsB7P2xMSDxjyqWk95YUklSDF4U+1ZLUSq0="}},"fy3j7CPumPaiSjq/wgpIj3rnYh4+HO8M6I4Aza/LE7I=":{"valueMac":{"type":"Buffer","data":"8cV4gNB4APcI7V8ZmFXVyvwajNCJKKD897UrvYyOGK0="}},"f5AIewEIgZ6cMTQ2AMh0M6ds7zydQ4k/PMvx/+cc2vI=":{"valueMac":{"type":"Buffer","data":"Sf0XXuvbYGAeLW+2kWYNDGuConsyHPQlSws+OV+kn9I="}},"gJKWQ++QfhOjc6E56mcz8HNLZeBpZP4lSoft0AhNkmo=":{"valueMac":{"type":"Buffer","data":"12H9A2aji5s/4WzrS1oRKUW7hX7fGhZ6Qx2Jb/o8yh0="}},"g5GH62ZrvmpY9miYmLbAku/lcCdLvNKyPktYN6il/XM=":{"valueMac":{"type":"Buffer","data":"qovakwRspW2XGvSDIH5/NanNFbQXPueO7Gwe0nD6JHc="}},"hB8S/IZd40cWiPd8r7uuXxN9ey8wGod3FiNEXGAPnlw=":{"valueMac":{"type":"Buffer","data":"8p9G5j1iW5WUpSDDe2ctq9DLMo4F+Q3sCaXoNl6vYWQ="}},"hLExDUKrppFgOMcCVTRo0hxxvkl5Vyz3OBhYtKtDtAw=":{"valueMac":{"type":"Buffer","data":"4iNV2F4bWeHtbIv937zjlL7JQ9LEHpV2a0Nb1HyxgZo="}},"jAspjXKZfwjrlUve7XCMUWefQv8JBr3Ffj+vOsOQ2hg=":{"valueMac":{"type":"Buffer","data":"U05Alkw/zZOEkxc4w/5Kwuea8/grz0qCs0i2UkPLgmQ="}},"jKHZt4k9dmp9BTiyjKQ7QgOJj48WgU94YNDvanZbmAA=":{"valueMac":{"type":"Buffer","data":"0E2eee5fCYhxAmLGFFs53tJPt/EPcDzLNGsQ/no+zgY="}},"jgslRMON7LXPr0gDbN+nf/PkuuI65/swE4Fg1bWbV8c=":{"valueMac":{"type":"Buffer","data":"11rFpPOYd9vq/+46TFN9CLJ2IFcY97W2wefT80V4s24="}},"jzqSjeRz/rLHHxaT444ea30ItV6oig2HM2yETFilMVI=":{"valueMac":{"type":"Buffer","data":"wndiyS5EdVjfjXez2FF6PA5ffykAT8mByrbA4k2TW7A="}},"kRxW1B8TMxITCiqco49G98l47INpwsKC5veBw65je5A=":{"valueMac":{"type":"Buffer","data":"4Qfl/pehZmACUsLNq1NlMnZ0n74zDfU7ybjzQdt4KPE="}},"knVzTmsEge4Jwzd3ime3+K4TLFwjqDcAlp9V4+oYkSU=":{"valueMac":{"type":"Buffer","data":"Ti1x0jHwqrWiF5frivx/rqc5GvVTQmJ5fSGyJryN0AU="}},"kvM0a/t9uIGhC13eJR3xrlYX2G37W6OLg9U6Sugg61k=":{"valueMac":{"type":"Buffer","data":"raBgTBoEQusEqMQBhUUQ9mhpgyUj9z1hBjDg6i8QTLY="}},"lOo2VBBNkqgRTgu7zoQDqVo9BUjgV2kY838L6uH5nio=":{"valueMac":{"type":"Buffer","data":"G/epsisPEa2ganUS+gck/Dw1s6oOyxFdMYSxpXQc3+4="}},"ldEuwcv2wiAla0ICv/GVew4Fl5dClwblvApYnwy3a4A=":{"valueMac":{"type":"Buffer","data":"T9BunnHHKIsNOgWlENp/YS9oJOK7xOJuCdHFcGVLGmE="}},"l0yz9kK8dsUSmCJOzt7gQHzNAbcSZtg0YqpfkDJdwRQ=":{"valueMac":{"type":"Buffer","data":"JCNOfmOxFbRzNf8TMykXthsKbfeRf9kHdHX05y+F25Q="}},"l3qWfDcvg0B+KM3xNxVd+OSxoXDDrXtkxrCV9iNKJpo=":{"valueMac":{"type":"Buffer","data":"IqRhqEOEkXwtdI8jRnI57NWF/jWvUzc2QxfYl2vVed8="}},"mP8lqWqvgOTFaoAcWfaK2DtAzV1sElGhMJcUlsUZeck=":{"valueMac":{"type":"Buffer","data":"BbtNc385b29yx9WKhDGyfPQdjW9YAkJSjDuXM/SE+Q8="}},"mRr24R6yy3755Q9n1nhvYeswmLm/JP9RhVI4JykQ07c=":{"valueMac":{"type":"Buffer","data":"MUdTZUTxF8ImKTJTXpmvZQAxmkS3V5Q5Pa5HqrRLNDs="}},"mze06A1EqWAgFsolXRvVxSOXpU2Rekx77adCrpnCr7A=":{"valueMac":{"type":"Buffer","data":"leY4HMiDZPpSxqFnzs+Baoe4Lkuj+Vz8JMCuZfECQwA="}},"m4n5fWXffvj0TyW6onM8C3cI3I8R7vAqvkFWFIAiKDc=":{"valueMac":{"type":"Buffer","data":"aef+S1jkjyImUHI7OkbJCN76o6LKYj1O1ApkQIGDSrA="}},"nAuDv2qdAwP25DkB05G/VHdM+rm5BU6QxpLVQanL4GQ=":{"valueMac":{"type":"Buffer","data":"Ir20/jGC6p2PYLuMQdlZxSTAGhguihilqrYDOhfplSM="}},"nhsgxPMaWxkxi8Gz+pjNdWamOEIFNzAT3OvmdMPyVcM=":{"valueMac":{"type":"Buffer","data":"nbZqIk/IyQKWGcsophqF+CVkJmRBcddqHntO6xg/Mnc="}},"nnuRb063L9wNCvMj0jA1ewyQecLQ4cLxBomSjt/B6/w=":{"valueMac":{"type":"Buffer","data":"WuFFpJRntBxlqZLtroeaHisaP4XpcloExDzGIZtk4rE="}},"nuKq+uQwdgJc8cuUEMs+0dvuTfKyTOVjzUYiTFYxook=":{"valueMac":{"type":"Buffer","data":"UN1xVTpkdZgdvF2XN+DwEtuQ7k4Wfa6GACiD1yQ9j0s="}},"onmuO30JGYrXy7aA/x04Wp/72jiP57yXYG4r89mptS0=":{"valueMac":{"type":"Buffer","data":"1Ie21T8Tr3kRjPZFjlDO3Blax+KSWmwSK3l35/VwA4o="}},"owqfbrvAKZJn56FsrPR1ev80vgXWhlATIv9Kmgt9k8w=":{"valueMac":{"type":"Buffer","data":"E7mNUr5W9v+2vwUHr9TXapRQBQo1QzJ1gZs0N3FXVxE="}},"pPITLr3FQ2Zf8mxBSL03f0izAcVySbcAXQaQg29pxaA=":{"valueMac":{"type":"Buffer","data":"gzzw5k7mB9iNVPOIdyEh7I0xMmCTHk8NHBObOS9Iu8A="}},"pbIBAGL1iQdHkhfUatvVpj3ZlHpLWEGBwO30TctQkLQ=":{"valueMac":{"type":"Buffer","data":"TafBHyiaYW2Q3wVzUaAMrQ6mzKs5+mhfiGSCAHLDxUQ="}},"pc7sAFNDY6sMEF9+jEdx9vUNYOb5Tlqyjemp/j2Ngd0=":{"valueMac":{"type":"Buffer","data":"i886dmdRfHUZxxmuQSuofAY2JvrSpYxMRVf79IKIZY4="}},"pesYmk0gR1k4pW/7fhJkCKklxYZkJTUh940Weupcdt0=":{"valueMac":{"type":"Buffer","data":"G01kZf93T2fIcymq1Kf2gVdvKtAPjoHOB4To8AhOQCc="}},"pw7BpHWhwHpeerCCBo6OGtlV7+3zjRPKs46chANYYdo=":{"valueMac":{"type":"Buffer","data":"clG2bR0YaL+LfpHZlxj27H/AiyA31Ht+Ts7woOWOFIQ="}},"qYh0JQ/ahHIT1a4kHmQvK7b2wsWkTyLuEJ1eXFWLjz8=":{"valueMac":{"type":"Buffer","data":"orKfGIOQ4pdTgcUrRIsPDfYGVh5lhRwJtc2LK+MmKUU="}},"qZraiLkO8DSe/ujqOv4NagSWTisbAON/GgvpYu/kZmY=":{"valueMac":{"type":"Buffer","data":"evnRji/K/tbwXsymxzoicar5MzNt2W3kfMg9wzp+1GU="}},"qsjbHKIy4EVuB9iHAP1T6X9KA+OT5DCCnIgRDhMdQTo=":{"valueMac":{"type":"Buffer","data":"7wgqOkTKgfWkXoTVQXotnvoYNiptgn1jwrhK3O/aLYc="}},"rLqjx7dLmCnyJ2MU180B1OnEHlTXXdB6m9vADbYN0GE=":{"valueMac":{"type":"Buffer","data":"VuOE2lIX5+wt+EsFH7IqcstzV2Igfzbnwoq8UBTk7xw="}},"rQmhfBLG3GB2p5iPYke3HJ9SmoNamu1TGknz/Oo/PVM=":{"valueMac":{"type":"Buffer","data":"a/OdtYSMB3lxtxZLXZZQx8nCWBAqlai8GfNTV6GEI/E="}},"rgB44Ql4lI+Ng3gbZZ0cCxGIpGtEEGGjn8t2yb0wPHA=":{"valueMac":{"type":"Buffer","data":"/ynmb32+0msZU52IbBt9EWzIWEzxfokemrxz55D9B2U="}},"r4WNx/G035mIrfLEDbHdH7Org1QZ8yMc3X1Tc6AXxss=":{"valueMac":{"type":"Buffer","data":"VZzBQB3LOpzMa+x8o+qsnoOlxob7hd+jF0rm+hQcFjM="}},"sdpvj7OHS7j6vXCEv6YTKlS7R4iZoGzHQLh/qMgZdhc=":{"valueMac":{"type":"Buffer","data":"bkqlWlm7pydHO6tlHdEibcfQLLnVu+qI5nflAgLZ/b0="}},"shcytIFU0dXkAbldbxsIOmuJxj97xaEH1OaL2d2XwGk=":{"valueMac":{"type":"Buffer","data":"TpyaWiQsr8zTkUsGWhKipbIiIxGHKRMtLizMJ80xFbM="}},"sviUf95LoTdwsXiA5QwdSOp9QwMOC8JOr7gUU/2vaAA=":{"valueMac":{"type":"Buffer","data":"vMK0lC+iTs2kb6PvqprxSJGEL/gfHRQn4STrg2oM8Pg="}},"sxyS4z5A2e7HzpPpFdTeRUEdYNYsN57pHSWX6dhtdjA=":{"valueMac":{"type":"Buffer","data":"GoO9nD7wQdqnLGtooRSWzxykZtgXVg6J4VjkQFWulZQ="}},"s63Sdr4purg2e+0y+Nq1bRRwaH7UZ3B3jwE8eGGQudk=":{"valueMac":{"type":"Buffer","data":"GJIVCkdf9H9oqttAEcv6CoB4i7T5tH9OsaBuX+o/JIA="}},"tBmYR3QuzalfLLHi2xcr/ndKjlmx/Z43ClJNKqgpU9Y=":{"valueMac":{"type":"Buffer","data":"iswBMwn92KJf74kk3jm9Vvkp+FTKuWlKtMXipdwzcuM="}},"tM9RF9b1RjWJWX0rMOAGw/Ume4xDfP4lZ5ugKz8E5ec=":{"valueMac":{"type":"Buffer","data":"xOJtou+kugIqILVtfu2jLhEFzVo/QN8JgWxP5h55MrE="}},"tOaiCaZlsu5IvXkQCe8MOWtTpiWms8/LzJDt0GCwes4=":{"valueMac":{"type":"Buffer","data":"vm4rc6ghfVfMO7xEM8oOM4KX5MjsH+jrQZotuBVVByA="}},"tjFmuYR6Ay3oMagIiRjQGGSZaNZCugSAn8Abv/l9u58=":{"valueMac":{"type":"Buffer","data":"V7bVe49Dm1yPCzYxHcCdU8CG/tWz0wdM+v9xYp63aVA="}},"txjXlPmWoBc9pGGk9lZhvqyLoGITSAPW1TZhO5LH1hU=":{"valueMac":{"type":"Buffer","data":"tMeQo4cYw25NWR/BIiDPTHkc1O8nlf0MvnxK1F3X9I0="}},"t5YP16hPRxRNivGaP1+E+OBUJFXarPNylmBbNmiwHNI=":{"valueMac":{"type":"Buffer","data":"/nT9k0Q5tpKDv3iaDzm4G36q+wqHqldLURBClt9hx/c="}},"uCxs5eTsvakvB3lYxWqkMPa89L03zeqHdOAzX2uulpQ=":{"valueMac":{"type":"Buffer","data":"lDTHk+KlJCQ5Hp2DD+nC2F1SmvOpA+cYqk8MGo35Sc8="}},"uHSrj/RcIyIJfl5bMBvMOJW2BZ73tDwk0A3QL3COypY=":{"valueMac":{"type":"Buffer","data":"eZgY4dYVCiqjPqxFq7V6l0GNrFvCavPpu3OlHXwi2KA="}},"uQlzSfxuG2rP+pI0uYR7sIvDcKjdvOeEAXH1feNQrSY=":{"valueMac":{"type":"Buffer","data":"Iz+LQMME9rAsJ4+x/F5+jnms3p+tPQ4M+wl/Xo6IaQ0="}},"uxO4UuUA8GNEi8yyjY75Mh49zW2eenEGxico5VcLk8Y=":{"valueMac":{"type":"Buffer","data":"ZoWmKwsujzJfsN9rz18mtykayM1cCDgjmkSBSdEFGGM="}},"uy7ul0mJowLJXmEbYCq+z55Q97zsOGXL/8gRM5ocCQI=":{"valueMac":{"type":"Buffer","data":"zCOmBJ3O4JNJUl5w879HVgHvrfyJLQbqLHz6UPXniUk="}},"vT9HKfz0CBTyxwSvkb1nyUPntUua2Rhxj72PMDxQ3uw=":{"valueMac":{"type":"Buffer","data":"MtF+jQcM9s4gxDjJ8pPzjBVSvB45akIEQCRVz35S9YE="}},"vWCXToCvr2FkNt1iwyA6P0/A676hNotecZ8DjHJp7Dg=":{"valueMac":{"type":"Buffer","data":"JQ1658wU1+IqYStTVYhxUTlTm51ko2e+WZu1IZ8Td7A="}},"vdwL2sa63A6klDDzFLU0ITmix5yYSDDbKpBLgO/8TAo=":{"valueMac":{"type":"Buffer","data":"wnLjoYOK4NVbOiyPJR3ntE1OvHHYEVW1y66t91VdEiY="}},"vqeUUy0Glt8jA8ZYGjRnJYLmQ7iFFA8jE9j8edvjlDo=":{"valueMac":{"type":"Buffer","data":"GiuEXlBed3XkzA30ieuc4SyinDZSCj3XgE/CKJYf0W8="}},"v9WbgIFWyhsbj0xF0sgSNm8rOs82cpHv5N0/aBFz7FU=":{"valueMac":{"type":"Buffer","data":"iGZyZotM/tfkxsjLEeuE6iOFrACSXkRJp8Q2b1dvkF4="}},"wB0Jdbs36GNS7pVm2ZeGG+DXi/ormzy/ud9fwgU3BI4=":{"valueMac":{"type":"Buffer","data":"tGB1qBRN3NRHqb4B4RcGmjhccv1M3ciHsIh3kGHAlKQ="}},"wLmfjClF492Gu3dB9rJOajavp9BURQzDWh217FrCeTM=":{"valueMac":{"type":"Buffer","data":"r+lUJnVzyu0fEyUK8jpcomHMDhh8INVc0UOvQCJyUj0="}},"wLswjvWZTAQJce70qJesD7o8ImHUsqMZ+hTjP8pXHhU=":{"valueMac":{"type":"Buffer","data":"8rSF3kXXoK+A/VI20LnUqCII2IeADxBFT3j/Aukgavo="}},"wfZPsCPPRYxw0RohLbiXCzRUlrrXDrTq+uZ2z5Nb0XA=":{"valueMac":{"type":"Buffer","data":"0qi3sgHa48p4M3rIyFgBKmcjGp+DZBavM+PWLmYQGQc="}},"xPw5rSYM53Pblej9pdiIaZbVE3+utkpBRXP8/OmKqK8=":{"valueMac":{"type":"Buffer","data":"bIM/UOqVn/bDyh5C2zu4jJwgFbz9YSDSaKA7qz7kv8c="}},"xqcV8ag6UTXln2jtOAzOnZlRUd2oGN5Lf2qMVQuMMjI=":{"valueMac":{"type":"Buffer","data":"RJq30cTOgT39EieehNiwNVbyw5v377470UOR0gC+Etk="}},"xwbxei91sU+C0OPn2CWuQoGdvqGKcagI4GzPKYky+Pg=":{"valueMac":{"type":"Buffer","data":"8eZRmXunNUdLKtrybEwtRWyqeHg/bg1K9CTTNTn8Vvc="}},"yDArCm58tlw/8quYRAw+obgf0v1QeDw+aDp3QX769dQ=":{"valueMac":{"type":"Buffer","data":"DUxyInli6ezYhmz9fQAj6EoHbCFqG6PyPhQm44Or/Ig="}},"yVErrl6iXBHKVSJ55vhGkHyxzGezLgB9J5PsLIS+ofA=":{"valueMac":{"type":"Buffer","data":"XG7bhV++TXkL6pgsqV2i5jXbvqow7xlxB3y80kl2vHo="}},"yVj3U/uWB9Y1W/uomz3t7ijPjmKeUzQ7L5D1s7OmHwo=":{"valueMac":{"type":"Buffer","data":"ertYSvIWzjHp96awLpgP7ZQ92GjsD1HaYciaUYymKyM="}},"ynZFJ3OKtnC33cLhi+bJobOCmL0q1MwZNt1vb+R9NTc=":{"valueMac":{"type":"Buffer","data":"D97bAK6hEHMEGju5ixX79gwDVoNOiO/CYZFH+kt99Po="}},"yu01sdoUF6nHMU2aeib57n8ONtHK4GN5O54WQAUC+c4=":{"valueMac":{"type":"Buffer","data":"0Cop+Dr/8ZZEGlCkNeFSJ0/xB7I4LgTdRo4panljU0c="}},"y5yvhPNeksVVq/4v0rufAH3xPJ4acevtKrMPXEJmOzk=":{"valueMac":{"type":"Buffer","data":"GF5HfK//cvFbKix1+H94mpjvCKEswkUteqsDs8SGE3A="}},"z25qhzwCmW9eVq2EpG2JIO1X1m+oXt7ZSK3Cjm7G1EM=":{"valueMac":{"type":"Buffer","data":"AyG+1SL+/QgS1/VV0E48VKudqITboVDgMurFu9OOyEM="}},"z3Q3JOYJZZPofuf4EZD2kh+GHi+dE+e6C9P1CDXoEZw=":{"valueMac":{"type":"Buffer","data":"tdUBhCekaEvXpVb2CCW9SyZaBJ5paRaCIvwc7LWYq1M="}},"0FVp4IWBZn5Fn8t63zv0C2ZEadTwNQS+/JppcbULZkY=":{"valueMac":{"type":"Buffer","data":"CeKD/io6rwNYmZvqK9wBOGjVGiGVTsOM5nM3tEL+CV4="}},"0O52JnT0xaLJFrEnbg3O1S5LmV5eBiscLzvtDzFaJlk=":{"valueMac":{"type":"Buffer","data":"fqdomyXluTs+NFTSIOLDMTH2EpkhrFaHLrSqKuH4v2s="}},"0RJtfm6Z1sMzYjCWdEpCvU8F7UCQaqEV3C2B1JyGE7w=":{"valueMac":{"type":"Buffer","data":"quYb/akP3QBb2qApRB1HWHqg4l8V2ygh0/lSonUbPUo="}},"0fjvxK0TwnoSDPpjfqavq5E0ySSDd7RbQG03CFafiNQ=":{"valueMac":{"type":"Buffer","data":"2h5dgq90o3LMbF7mlPVlqp3eSEdYiyqoqZ8yaNp6Adw="}},"0wHwvOe6kuLvnmUaz70u2Fs3+kjUCiQqEg5moQY7UjM=":{"valueMac":{"type":"Buffer","data":"CEKKSptYrBPIPEtTxzYDX0hN1MvUZfDN4rg5FWK3DwY="}},"055owPr3gwRi3esklM9R44ImOerDasl9tauvqPD6FEs=":{"valueMac":{"type":"Buffer","data":"3qvucVUFpNm6fi+KkAVABY3jMtGW6n3Lg20HVAU5Fzs="}},"1ZZZzageWWQ5jDccUz7gjUD/fVRUF0fsEKZ3zeGSgs4=":{"valueMac":{"type":"Buffer","data":"jx3tCXkfkc/HCJrznEsw86DfyJmAawNHMsubh0S3qbE="}},"1pQUpqAk9dXB5EwguQ31iQEHQLefynsfmavhtItssyQ=":{"valueMac":{"type":"Buffer","data":"cqhRBIIivA0L7A5k3LW7OW2bCMAgRDkEAL52n6QxbrM="}},"1wYwdw90m0vE07dRB6lwhPOASzaRjwRFVGoKAkIlUXI=":{"valueMac":{"type":"Buffer","data":"3+FRNuvvwH5W9bTvNaKybJJgnQycyk8ySThL4ZbiT6U="}},"10oaLEXBNsAvY/imaPh8wtmg42vnQ/xo4qRQe/ics/Y=":{"valueMac":{"type":"Buffer","data":"4TfQSsktmtgXOXUDoZe7lJvenGael7Jdv1iMY4A8wx0="}},"2e8LzNCRATdNfZJNku6ZUJEraYPYUi/B3cipiwAY5sg=":{"valueMac":{"type":"Buffer","data":"WkVo4y0FmFyjSoCNQ90D2rPoIO7Cf7/pRa5RB7bRk/Y="}},"2+2Z3EGjXeTxqLOY/esH6DKkV5kUbVIIc1tPqeCp6BE=":{"valueMac":{"type":"Buffer","data":"12YxrLB96LFJvScTrWPTeWTmAmNmMsPp9SrL03vWEQI="}},"3h27onP+PyO0o+C1rVnQHzRniV7iFggu8IjkAYg1D2E=":{"valueMac":{"type":"Buffer","data":"5EYvId6yRhjV7SseT/ENijcpan7GZdkH4gGPJyruDz8="}},"32M9L36xkPAGt54JYxEK08UP0idDJDa070KlKJRF/AU=":{"valueMac":{"type":"Buffer","data":"TW3+oI23KWamgVbR+/bfL4ILwqkcnoZgleq1/voMWas="}},"4vYs1Ne4nSRCW1HOiRzWlKQ1gcgZT0CBDrBod+DuoZM=":{"valueMac":{"type":"Buffer","data":"oKAX7haWn93YHZoN1RFW8BSDcrqZhK5TMnXEBog4lZc="}},"5BBonrj1pcPUUuC7YH0BRsNsvHvy+pShvGbl6BU2Dy8=":{"valueMac":{"type":"Buffer","data":"fgdcTwfGgM30ziyG3qd/3/VbIdV4AR29UZKGJ8s7zYU="}},"5RLr3DjzhxrFeF1yDZoleAOCWF6SJ0kd8XCdEw21W/A=":{"valueMac":{"type":"Buffer","data":"BwKO4Ia22oTZYbAKU3BTU5dzaowIt5BuFlNTZk8GXNY="}},"5qcbJTGdYiPQH+nalgzb76iRa2S5ULPTeIbhCvLlprY=":{"valueMac":{"type":"Buffer","data":"4Dgl/TaplkY1Bb/YaHQ/Ko5FnjSEZTF9HChUdUmszV4="}},"5q7cWDhPYy1B6plRbMgwl5odM5b4DVWvruIeFKmcw9E=":{"valueMac":{"type":"Buffer","data":"byPPbng+3guselEp28JI0AoYbHxOFyexS/h4zE3s6Fk="}},"5r1o3RwdRVQn1fVVbCFeb33efN8bYx6O8/QVqgJKPjs=":{"valueMac":{"type":"Buffer","data":"5PhgrOC+yA9EhV2kxABcJOmVEsAXynHGIxABFyReCGs="}},"58+cf3GgMhLzB4kkNjxJPR58F/ke9TIFKNozqNBfYMk=":{"valueMac":{"type":"Buffer","data":"vJHlWELtJ6Cpp4hoTPgbKGfGa+vxAqoB0r/9tfSlr6U="}},"6DEXeID1HJPbGAZFyo/wnK3aHxP7LL+Sx6XVrxd1R0A=":{"valueMac":{"type":"Buffer","data":"aeyiIL4pCEvchzZU4WP3xXcrfZXZ+2poaK7s+70xRn0="}},"6G17FpRlXxtUM+rOuDcJhv94wgLI4vlGue3TfpVvy40=":{"valueMac":{"type":"Buffer","data":"N0hff9GDm/S0N3QJBATAGCo3ih9c/EKRJbc6dYWVvEo="}},"6e/y4KAFY5eW64poVLCjOa/RbuKTaOnFyooUmVMENLY=":{"valueMac":{"type":"Buffer","data":"eNrzN0bdrUnSyU1qmu/4gXyRILLDpNfTf2WtadIU5VU="}},"6yqYiUZwr9eDgjXpdqJB1ZWBFlW9066PGCTGi3myqBg=":{"valueMac":{"type":"Buffer","data":"xYLeEprAxeG9K02gkQOK5RmB/8W6fhwf0HtqOl7xhHI="}},"7STFFEcyjmaxNgai3o0F4Md24O4JK5Qw3rbWBPvBiHA=":{"valueMac":{"type":"Buffer","data":"ex2k2aBI7sduwhFYI4807pngC8/4AfMz2SJj269bJ6c="}},"8A+/MdcrrhZX4BTxMRlrhJCnUUWm8R+FzvE7CM6n3ds=":{"valueMac":{"type":"Buffer","data":"4HhtZKVm+vvFcv8BvRqgfRLLVh7Scc/RudbmrqiAypc="}},"8BxVC3KAQ2rr8CuIicyCav5/eyV02gjpqDgYk3IxLAc=":{"valueMac":{"type":"Buffer","data":"7jk0jufT0vYqEctGCYlqx1Oq/0W9U9OpvAGzI+uHcFw="}},"8F6fQ5/HjISpCMISeZSKjIDgiTw7Pl/CFax43qLN+OU=":{"valueMac":{"type":"Buffer","data":"agaNdCaoyzR9efaTzqT//U6FlKdj1+dZDHXykgAT8v4="}},"8Om87xxpNp2TWPCQ2xAWzKWdCt5Ax4LPQJyAgBjzq54=":{"valueMac":{"type":"Buffer","data":"KTXpQ0gYy7xbNv6yUbR5YRk6rqaFK0uij7cmoHthmIQ="}},"8X3wGMhRKwLf0555BZJdzgtr2ItI6SmmOmoFJumRzho=":{"valueMac":{"type":"Buffer","data":"VKVCubL5+mgsPVLZ105fT1Wlzp20ys4/q+8xejf42UA="}},"8awbC8ZQ4QD9PKeoK13N9VS4KCMDdF9Cl0VQ90t2oTo=":{"valueMac":{"type":"Buffer","data":"CT6T3Ky+KJ7xUaYCkb1df8PgRsyrIV9QAjTg9AwY5y8="}},"8bn7sxN8p/fc4OeV4VoMESZLEnLBq0ZTKkTtrBe9Oss=":{"valueMac":{"type":"Buffer","data":"sChyrG8pDICHiSKMzjovJr5mKjU9Ih0HjrHtwfYjL1c="}},"84Npa2L486/WHzHLLbdbN43n4tnUsLdGT8ofYiu71so=":{"valueMac":{"type":"Buffer","data":"dRjx6RsUj+arPq5M038Fho+g8W96u2B6qVPsoRPNV9I="}},"8+DHKB/Y+NsmqUN9bifpOm0OUZIZZKlyynLZfbORN1I=":{"valueMac":{"type":"Buffer","data":"RyATlA8gxQZKcJ/hM39Xq5BoV9hja8xT014VlhxaAJI="}},"9XIcF9HbSb2moO51OW7AV+E1Tyg8rey5QVrK2DFl7rU=":{"valueMac":{"type":"Buffer","data":"xb6Ue+Y4llU3puIcFNVYVEBcHj7BOYSBvNTzqTobmH0="}},"9eWf9ZncHhlS19nNUSvJCOiZuvdwIvQsz+ipNF9CbnI=":{"valueMac":{"type":"Buffer","data":"0DbpLjh3WIpZPwsS/FJfRvdiAH8rowaOtAhQsyo3j+E="}},"9yChlWYFtOuTFznYZ2MJ9pONf6FapgwBfL1fFINrpEw=":{"valueMac":{"type":"Buffer","data":"z2MUpBZTdiywkfwuJbV0WnjKv1gR2WzwofUDO37t9hM="}},"90gPknhDdxBexe7DjL59n6647HFGIwNc4RUsylVxy9Y=":{"valueMac":{"type":"Buffer","data":"DMLHRJCI66Ow2Wsl7Ts/OUFDhdwIU0svDAUUB//cIU8="}},"9436fnoMQBx9oifj1VWhc1JAkR4ah4huH84+G3P1FpI=":{"valueMac":{"type":"Buffer","data":"4wPXh5m2zXV6V+Yk5aSGMJUbA6uWUODu8Ej2vZ7UbW4="}},"95KP/03NtOzsc5vHSApC0KOy5l/27vtQbQvedQnWLbI=":{"valueMac":{"type":"Buffer","data":"XRiGUuVlgQ4GCSunij/l1yd058WYFuTWQsWdxBUluLY="}},"96E7d9eimIlwVR6S5WXnaGYyA/aJnYFucZgc4wv5Yfs=":{"valueMac":{"type":"Buffer","data":"+1Usq0nK6dmZRo7nb9M++J+sP7qPCkNbYV7CGkRraGQ="}},"992J6TVusDYySE3BiVWq5MGGacAZWf2isq480Z/zu3w=":{"valueMac":{"type":"Buffer","data":"lxM3uioxbIXJ+VH4l1WMJQdDdN0Vsd1/lRykjz0tK40="}},"9+z8dxGVzsYoIvcbpJLQUJ48MkJ/779CQgutW4Sd0zQ=":{"valueMac":{"type":"Buffer","data":"l6yAawOGX53k5ee+c2hnrBCsTSY5ZjsEI/58dgEIVy0="}},"+Dn8jK2TgELRXNzetxsPr3XKf9woIVrR/y9qsYWxN2k=":{"valueMac":{"type":"Buffer","data":"XZVJ5aEBSexXtUIFIfLMmD2TOG7JVHhZUqjN0OSF5kA="}},"+Gj1GCY7b/hMQZwUzIt0IJVxUDjFG6wcEmmhJNHIi4c=":{"valueMac":{"type":"Buffer","data":"mmja66vCU9xboD6di21jNilXuRlGF+Xri2/bsoxlpj0="}},"+VgKxyEbfUaGBi/pt5Ztlvli48/YTIusUKCgq7qpczA=":{"valueMac":{"type":"Buffer","data":"nhmQUXAYCdjRoQWay6EtF3/vfSB4DQaLP+jumpcy3jg="}},"+jP7FGqVGTLeOa9EaydXFVq76st/dXls7pFtsY3Eel4=":{"valueMac":{"type":"Buffer","data":"N8y2Css94/uFiJN+kcrtrGiXEEjoh5gM/l3eI/7XTs8="}},"++7ymcRATKn88qaLCmUBnRQg8UuTwsKmfdXd9GjFyYk=":{"valueMac":{"type":"Buffer","data":"nlGXNOeUYj7g7Smp+xYBmj/UpWRNTIbyUiDoxJhPusI="}},"/ZbKIRfiDdrfhRDTEAI+gnIF8/fvaGstemeaHagIiGI=":{"valueMac":{"type":"Buffer","data":"6H48yH9MHYC2iZqvbQm34ajndSu5xCq6JYtj0JOeyaY="}},"/0ZxYtymZJlqibAXcRzghseOZoiQH0IoKFD9DRnDvyY=":{"valueMac":{"type":"Buffer","data":"CUx2otlZO2mSz7k5dc38Ia72lhP8GO+BHdaVGmAXwoA="}},"/1nYh0JFn0mhzrSBEEiPZEFnW6204X2+cvRHrWBe+Dk=":{"valueMac":{"type":"Buffer","data":"7NodxKPRroXecSS1hM40IsmPF8YQyCcuo1A0jeBJrqU="}},"Z27SEjG0cAFG+AcnBkOdRKr9OiZLUjO3a0zWcdnPjbA=":{"valueMac":{"type":"Buffer","data":"I9ZyUAFcxqAdN8joldfBo7N2Qu5p6l1MAL49SJibPwk="}},"tOHCEmKvCWTKRFCTLl1wxyvkRGF8mPcIYvF9YesCy3A=":{"valueMac":{"type":"Buffer","data":"xVtGVUOElQoV7d746tu2Aetn23DMyF+rBqbdyrPrGwA="}},"0j4LzNHz96Xa0xW0X9Ows64/dmBpRLWXwH7ktd65UGw=":{"valueMac":{"type":"Buffer","data":"FhoXw2jo/zX+LW+yCUo+1YrSWv0ZYx6Bd4KfjzBDHTI="}},"LKpchYrk5rm3HL8Rkt8mQRDeHzwYB/kJXhRcKem05n8=":{"valueMac":{"type":"Buffer","data":"ZmLPR2xbJ3feTipjsp0cuY8cDTQ8v3hCQsPlGmwuqTU="}},"JEde+JJl9Z0+u0aNF7+7qN9pwX0SmurpnU4W2w7BRnk=":{"valueMac":{"type":"Buffer","data":"SFu38yWdiEHj0LtEOq0ACzLy4QluDnZPj4wOXN8MK8w="}},"fWYUC/G8YkspCSrqK/wBzlViSMoq2TLSECSfpEUVrn0=":{"valueMac":{"type":"Buffer","data":"zX+1rKNAzSWP3McGXH6DhG/Bz+xoAyF/ScMxTknc9EY="}},"eJAM45FmpmcBYdedS5Th/iH+A9HMvmtHZeczHOAbkMU=":{"valueMac":{"type":"Buffer","data":"gDDvJN83vkgO+o/rYNeE1tb5mnh+y1qeCEjB4TH1dVI="}},"2KNNvHRhDRFELb8R+kJII2vm+JX7ZS9AlPuD+rlfOP4=":{"valueMac":{"type":"Buffer","data":"4YrU+bvexeDy6hekiO/qhLdvgRMjFIqre7Sgla11AuI="}}}}