{"version":9,"hash":{"type":"Buffer","data":"2v7OsSOtLlMOHJMafGLfCyWO8b5iadaGfZQMMkPU1gozRwS/uJMkgdKEW0ynbYzcy7Uc1orXbyop/K4e7mmxbM86NarmtVwejja0wbr1bhse1CDFSzpc17NhKfm4BzAeHu2arAKlDIC1WsZfNaDrHHK9Vh6NEPdZjYVVKJohf4o="},"indexValueMap":{"PU8VBA0z8TyfGsPEmJhchs/HIICjfrDwBKHTpLCNipE=":{"valueMac":{"type":"Buffer","data":"Z0D78lXEvZW8KfbT0Okv6uxrp+wZqTbcWAIKXOlViX4="}},"urdEibrZvfVkWXXDR/RsHnSfQQgJ3DcW0BfH9zdTwNQ=":{"valueMac":{"type":"Buffer","data":"cX8tztfdjlPhCz0OU0IFcogwLD5gcf3Iijv/6P+iiXU="}},"vra28E8SQhRWZk1XAGl39U+HMAsN3Gv57bmu1Nictgw=":{"valueMac":{"type":"Buffer","data":"EPLfXLhzHLRPIAIBxuzrm0ulJfZeYKt+JDdLjdQ7PNY="}},"980RDk8Acubp+vokscye1vqAA0rTQC4jArEFxK+J590=":{"valueMac":{"type":"Buffer","data":"Np/BZh7kGSqD6lCsJmz3juggaAlhWwpAHNa4xonrdn8="}},"Yyom8TmooDb9Naj5PAg1L9ODH4hqdF44jtIn4HzO6Sw=":{"valueMac":{"type":"Buffer","data":"UGaNymKptf4gdf2S9XvzEYaqgCpRQ3Ns636R40Hr5c4="}},"XjC8dDEOH9p+OM/2xk/UzxlEp/w0Nfhex1uzBW4R7p4=":{"valueMac":{"type":"Buffer","data":"7KAfOPUGLYP1c9CjyddIvDDrjkQ7bzb53ZrWEN+Vmuw="}},"tYd4WWOWNzMWFpU1i3X3bwJY/iI/jUHyMb8PXZROrpU=":{"valueMac":{"type":"Buffer","data":"bWtwilfQt7Kc8dndU5c3z5peq8dOAq4TCax2Y/qsZjI="}},"a2kbhSTVNgIbG/18JABMLvLwSN5Lib9/WUx3Kfaz5Wo=":{"valueMac":{"type":"Buffer","data":"XFmHSEnK0EGOlYoVVyylx585nX59eJiekGsWqhAaJls="}}}}