{"version":30,"hash":{"type":"Buffer","data":"oFcCN212SVlYPt8YwaSfEFtDrpqh02vXg0DNrGDfB1GLhJNVwLRPz8fJwwThaI5QPmpvncpmwHgpx7w8IrmXTdTiYeA8SQAytgl4UwwPuQ22PetG/pNT3ieOsORlnawjgUp3G3WfnoW5is1OG8HYsbu9ulZ1aYozrmwyyqvgGps="},"indexValueMap":{"TQ1/VU/EXKFuOY4/DW2ehyZGTKbTaCZwrjG630YcXK8=":{"valueMac":{"type":"Buffer","data":"UCbZUalbUXO7fAioQnVuh5t77KZqU2N+CMCxe8dACUM="}},"Iuaz4DHEDl19JFGHbJXWh/j0RoLiWr90Pp2JIYTiZh8=":{"valueMac":{"type":"Buffer","data":"FDEY2wdWdwcLLZA7lEwFJ+SeLFZ93TmkkvlRy3i8bnw="}},"xV9siiYFWaNr3rnzOl1XPO31t2iklZ+MTk8ybyH8pIM=":{"valueMac":{"type":"Buffer","data":"rLyDGEC8NQ8vDmzMd4xiXUhe+KuQGuv7gQ5W/bk6i8k="}},"ncForwNF3Ety24wSQz8U2+FqcG0DS7dzJ/+TNoOqSwg=":{"valueMac":{"type":"Buffer","data":"zHNAiByeLfu79ySBu4zT/lB89ek1qgtIpbrro6Sc2DQ="}},"7CGIadBXWjvHcNCHzm0ShU3ET+QbswEcq6EDzLx9uoU=":{"valueMac":{"type":"Buffer","data":"1d/nydDYu87Sg5iXR8gA5LV4uZ0LNjuQfRJeU4pjK9g="}},"3A5mYR10wGkxamPgMFKTh2asSLMBfxKpb2sq09xWkNA=":{"valueMac":{"type":"Buffer","data":"oYQ9sjfg092TOZ2tgoS5Duqh6XZC62ndpHqcXaTWoeg="}},"SyJcx47uzUSZNkFgcC39Bx3WkX6fb0wt8R4Qzzd4gbU=":{"valueMac":{"type":"Buffer","data":"sSyI1oKjTelptQSJ6qkEMVm3ia/SyiI+IN4M66XDumo="}},"g3FmR1gIDNyx+SiONyE9VqHHYBXm0kHvfLC/SUm7fgY=":{"valueMac":{"type":"Buffer","data":"djurN0yHvB8lgzVPdZKhtbk+8PFbIO5BgUbe85zcPBs="}},"cYEs0CvkEn1rnz3KN2Ihzc/XhN6DpB34xA6fbhWGfSc=":{"valueMac":{"type":"Buffer","data":"3udp9HJ25KwqajkpQZWd3CQIqVXMES6rbKcQHldRc98="}},"xqHzc2q6Xeq3btmC4Ih5XofuV+AaJetv4HHKf9ZoKjw=":{"valueMac":{"type":"Buffer","data":"RCgiwHry04YNdZ4c/xn+ZJJ1QOD1EELavRfNP/DfWrg="}},"VlDgIfrdRGdL25GTq1GIvDdqja6nxXrqO+en5zHm9Dg=":{"valueMac":{"type":"Buffer","data":"92h6JUeLeGPgSckyyB6p7m0eveAxf4bal2SeXHvVz0A="}},"5lnmPPhQGK54OcB53Yc1sUnfcNzOHm5yUu50bfuW0VQ=":{"valueMac":{"type":"Buffer","data":"9DWobMEz/c03/r0eoY9nSRuQQLBuqLzNyXUcl78q8bg="}},"ynnIWeGvJsIE07DIGZFHAi0vPSpgumb4+baszgNJ7Ro=":{"valueMac":{"type":"Buffer","data":"nw1xwNS1d//N4qHAJvHSlgb80WscRdVcj4R6e7NkKTA="}},"7RCrS3f48EZdLeL6Z2aFRr71LE7Ueh6IIVb5PWj0upM=":{"valueMac":{"type":"Buffer","data":"wFBcHbikd8RLwauyetxwdhFg1o8O7xLxZ6MtLCL1cyo="}},"D3LgH8NVdktIQFDkHhnwsACXuxkYoAib6ZcfzOAiNXo=":{"valueMac":{"type":"Buffer","data":"wPYYUNT4kezfyc6F57zRUt0JU4IXfqzbIROtJMuWsV4="}},"PCzorOrPbAKrsB5CIfEqZlq0u2yJVysmcGWElhitKWM=":{"valueMac":{"type":"Buffer","data":"ypX/qAbkP9CgpYpi+LDugFY1h9Gg2pjpabF267MHfqg="}}}}