{"noiseKey":{"private":{"type":"Buffer","data":"wGXAm+OaliVfGclrIutGnnLVkUmoM1HfL3PbrUisGm4="},"public":{"type":"Buffer","data":"2G1qeGdsofMFgux4leAICiy/tggb4ncvgWjQ04iM8hs="}},"signedIdentityKey":{"private":{"type":"Buffer","data":"gDaajE6VtNlAERu+w4oHyWs1X8MCQFsDY8KADFKIO2w="},"public":{"type":"Buffer","data":"vbGmFM7xK12VKsfN8SThxQDieeP3keMxnfeHquk2DXU="}},"signedPreKey":{"keyPair":{"private":{"type":"Buffer","data":"4LDNqpSuS6zaIsF2FFjAuikLjVqEVpDazDfeXxfXEW4="},"public":{"type":"Buffer","data":"42M2odjVqm4erH9+T+xgZYbfRkKQe6SxLaHb9ZC8ClU="}},"signature":{"type":"Buffer","data":"kuWqLI1s0+odqespDUwyNBBo+2/x0wp+k6+8gd8MsiiEWgREZLnCbS5KlBK3XlgIuKugpLpFZQrdn5E0rdDuhw=="},"keyId":1},"registrationId":121,"advSecretKey":"Lfd3M/sEIzdEznQQVIofDECnKikZT/PPVQfKdMFgzqw=","processedHistoryMessages":[{"key":{"remoteJid":"6283150869541@s.whatsapp.net","fromMe":true,"id":"044F7CA1A8A226C5AB246ABDF196477A"},"messageTimestamp":1687192049},{"key":{"remoteJid":"6283150869541@s.whatsapp.net","fromMe":true,"id":"EBC7F36C194990CFADA670611062CEB0"},"messageTimestamp":1687192051},{"key":{"remoteJid":"6283150869541@s.whatsapp.net","fromMe":true,"id":"113AD3A1A826014B1F62C933784B4A9D"},"messageTimestamp":1687192083},{"key":{"remoteJid":"6283150869541@s.whatsapp.net","fromMe":true,"id":"F456784D31DAC54EDAB7EB910E8CAED1"},"messageTimestamp":1687192102},{"key":{"remoteJid":"6283150869541@s.whatsapp.net","fromMe":true,"id":"B862F7CE3C96408C80D8B6DE0591529A"},"messageTimestamp":1687192107},{"key":{"remoteJid":"6283150869541@s.whatsapp.net","fromMe":true,"id":"11FF63190D13F0EA28BA542EE45918BA"},"messageTimestamp":1687192142},{"key":{"remoteJid":"6283150869541@s.whatsapp.net","fromMe":true,"id":"BA0FE707D5159377B8876F39C284CE7A"},"messageTimestamp":1687192151},{"key":{"remoteJid":"6283150869541@s.whatsapp.net","fromMe":true,"id":"AD4EF202C6EA53C0696DD6C86BD3DB96"},"messageTimestamp":1687192167}],"nextPreKeyId":62,"firstUnuploadedPreKeyId":62,"accountSyncCounter":1,"accountSettings":{"unarchiveChats":false},"account":{"details":"CM7S0PQCEOGDwqQGGAk=","accountSignatureKey":"oMP0hZoctiU+I9PZYk3KpyoKiq6+CKBWSPYLmCvuoCI=","accountSignature":"8BVqledvAVdNSofI2o59qP+skz/mnN3QnbJBzeOYDYfXLZIS+pykC4EDoink6GmZpn8qWkPhyTzZXfAP7VXFAg==","deviceSignature":"za/6Oa32MVEOIpgA7S7/Z2FU+nQfMXXroxRU/jIuJ8zXcAYC0NGkh8OTKxoV94rMTLQuifTnv3a/Dbgquex2gQ=="},"me":{"id":"6283150869541:11@s.whatsapp.net","name":"AI","jid":"6283150869541@s.whatsapp.net"},"signalIdentities":[{"identifier":{"name":"6283150869541:11@s.whatsapp.net","deviceId":0},"identifierKey":{"type":"Buffer","data":"BaDD9IWaHLYlPiPT2WJNyqcqCoquvgigVkj2C5gr7qAi"}}],"platform":"smba","lastAccountSyncTimestamp":1687192113,"myAppStateKeyId":"AAAAALI+"}