[{"senderKeyId":2131548386,"senderChainKey":{"iteration":168,"seed":"/r6TlVr4hG5+v00nx9OtnoqKyhTOtZeJ62Hm0Mis9Xs="},"senderSigningKey":{"public":"BWtHQJfjQff15bdNkh7O/PvJE6pLZBG7wZASYFPbxHNB"},"senderMessageKeys":[{},{},{},{}]},{"senderKeyId":2131548386,"senderChainKey":{"iteration":78,"seed":"z0Rmcznw+Vu4iTF79Dth2uEmc2RZZfYfLeforE3LbtA="},"senderSigningKey":{"public":"BWtHQJfjQff15bdNkh7O/PvJE6pLZBG7wZASYFPbxHNB"},"senderMessageKeys":[]},{"senderKeyId":2131548386,"senderChainKey":{"iteration":78,"seed":"z0Rmcznw+Vu4iTF79Dth2uEmc2RZZfYfLeforE3LbtA="},"senderSigningKey":{"public":"BWtHQJfjQff15bdNkh7O/PvJE6pLZBG7wZASYFPbxHNB"},"senderMessageKeys":[]},{"senderKeyId":2131548386,"senderChainKey":{"iteration":78,"seed":"z0Rmcznw+Vu4iTF79Dth2uEmc2RZZfYfLeforE3LbtA="},"senderSigningKey":{"public":"BWtHQJfjQff15bdNkh7O/PvJE6pLZBG7wZASYFPbxHNB"},"senderMessageKeys":[]},{"senderKeyId":2131548386,"senderChainKey":{"iteration":78,"seed":"z0Rmcznw+Vu4iTF79Dth2uEmc2RZZfYfLeforE3LbtA="},"senderSigningKey":{"public":"BWtHQJfjQff15bdNkh7O/PvJE6pLZBG7wZASYFPbxHNB"},"senderMessageKeys":[]},{"senderKeyId":2131548386,"senderChainKey":{"iteration":78,"seed":"z0Rmcznw+Vu4iTF79Dth2uEmc2RZZfYfLeforE3LbtA="},"senderSigningKey":{"public":"BWtHQJfjQff15bdNkh7O/PvJE6pLZBG7wZASYFPbxHNB"},"senderMessageKeys":[]},{"senderKeyId":2131548386,"senderChainKey":{"iteration":78,"seed":"z0Rmcznw+Vu4iTF79Dth2uEmc2RZZfYfLeforE3LbtA="},"senderSigningKey":{"public":"BWtHQJfjQff15bdNkh7O/PvJE6pLZBG7wZASYFPbxHNB"},"senderMessageKeys":[]},{"senderKeyId":2131548386,"senderChainKey":{"iteration":78,"seed":"z0Rmcznw+Vu4iTF79Dth2uEmc2RZZfYfLeforE3LbtA="},"senderSigningKey":{"public":"BWtHQJfjQff15bdNkh7O/PvJE6pLZBG7wZASYFPbxHNB"},"senderMessageKeys":[]},{"senderKeyId":2131548386,"senderChainKey":{"iteration":78,"seed":"z0Rmcznw+Vu4iTF79Dth2uEmc2RZZfYfLeforE3LbtA="},"senderSigningKey":{"public":"BWtHQJfjQff15bdNkh7O/PvJE6pLZBG7wZASYFPbxHNB"},"senderMessageKeys":[]},{"senderKeyId":2131548386,"senderChainKey":{"iteration":78,"seed":"z0Rmcznw+Vu4iTF79Dth2uEmc2RZZfYfLeforE3LbtA="},"senderSigningKey":{"public":"BWtHQJfjQff15bdNkh7O/PvJE6pLZBG7wZASYFPbxHNB"},"senderMessageKeys":[]},{"senderKeyId":2131548386,"senderChainKey":{"iteration":78,"seed":"z0Rmcznw+Vu4iTF79Dth2uEmc2RZZfYfLeforE3LbtA="},"senderSigningKey":{"public":"BWtHQJfjQff15bdNkh7O/PvJE6pLZBG7wZASYFPbxHNB"},"senderMessageKeys":[]},{"senderKeyId":2131548386,"senderChainKey":{"iteration":78,"seed":"z0Rmcznw+Vu4iTF79Dth2uEmc2RZZfYfLeforE3LbtA="},"senderSigningKey":{"public":"BWtHQJfjQff15bdNkh7O/PvJE6pLZBG7wZASYFPbxHNB"},"senderMessageKeys":[]},{"senderKeyId":2131548386,"senderChainKey":{"iteration":78,"seed":"z0Rmcznw+Vu4iTF79Dth2uEmc2RZZfYfLeforE3LbtA="},"senderSigningKey":{"public":"BWtHQJfjQff15bdNkh7O/PvJE6pLZBG7wZASYFPbxHNB"},"senderMessageKeys":[]},{"senderKeyId":2131548386,"senderChainKey":{"iteration":90,"seed":"oULu7guWjFucu2HJ3hQfeWITpKrxAjVl6tWH8srARgM="},"senderSigningKey":{"public":"BWtHQJfjQff15bdNkh7O/PvJE6pLZBG7wZASYFPbxHNB"},"senderMessageKeys":[]}]