[{"senderKeyId":974248285,"senderChainKey":{"iteration":16,"seed":"wwM+zoC3KT6ChcWjOilqk8mZYVaiDcwM0u7459nuwzI="},"senderSigningKey":{"public":"BRcruXiFd1jHdV6L1orYnvwOXtzHT3EQ/Ecu0rjRkXtu"},"senderMessageKeys":[]},{"senderKeyId":974248285,"senderChainKey":{"iteration":3,"seed":"qIpJdIh0T81H1JHuGLzn9Xl99gstZMDcnXO3VpYKZj8="},"senderSigningKey":{"public":"BRcruXiFd1jHdV6L1orYnvwOXtzHT3EQ/Ecu0rjRkXtu"},"senderMessageKeys":[]},{"senderKeyId":2071186570,"senderChainKey":{"iteration":1,"seed":"bz0zCh3oJoQpvBIM8Qk1DGUTrwSF83FfIdGOrF8bVxs="},"senderSigningKey":{"public":"BUnzhxMYWjxT+SpUwUXalwSpPG+4d9qKh2yK1JK9eSUc"},"senderMessageKeys":[]}]