[{"senderKeyId":1343161359,"senderChainKey":{"iteration":66,"seed":"VYE72K565tXpRPcr389BVE/hMc+l6ayjvBVzpps2M2o="},"senderSigningKey":{"public":"BV+NB7iMZV6Q5ABTu9uGcEtPS1fHK4IJKsNpWpnqw2g7"},"senderMessageKeys":[{},{},{},{},{}]},{"senderKeyId":439510635,"senderChainKey":{"iteration":145,"seed":"o0bze6FJehqlQRA/kuTcPMAGLwmam3dQ+aU69cREsYs="},"senderSigningKey":{"public":"BdDTDXzsjESi3BrPqurJSpuGDqkEgfb74ZEltPGirChz"},"senderMessageKeys":[{},{},{}]},{"senderKeyId":1244386298,"senderChainKey":{"iteration":94,"seed":"5Agt0vVxwW3TeWUoIvx4RCELB0db4/kDCHp3N5T2wmw="},"senderSigningKey":{"public":"BZ2T9km+MZIxv9bpR5m1c8Q+6L/23gqNLhOfIVZ2ahxA"},"senderMessageKeys":[{}]},{"senderKeyId":1244386298,"senderChainKey":{"iteration":73,"seed":"+jgzTXsgqCz/TE0N94SEITD12zrINVTP8qSeCa4V4j4="},"senderSigningKey":{"public":"BZ2T9km+MZIxv9bpR5m1c8Q+6L/23gqNLhOfIVZ2ahxA"},"senderMessageKeys":[]},{"senderKeyId":1721731113,"senderChainKey":{"iteration":25,"seed":"Z6+5GpEFZICmJaoGe7lCPdqGPsjGrZHIo4xsmBbtZkg="},"senderSigningKey":{"public":"BYA6v7haPNz4XYivKXBAtiTAZbzjVKjK8jH7EtBgrGlk"},"senderMessageKeys":[]}]