[{"senderKeyId":1888720612,"senderChainKey":{"iteration":17,"seed":"vCN3hWucG0gHzLzCxgTCkYr8yOFvj3jr8CUExURcNTE="},"senderSigningKey":{"public":"BfL6ifKxIo3xOFgysPotP3rHx/lMAYIuvEBLwD2HwT8t"},"senderMessageKeys":[]},{"senderKeyId":1888720612,"senderChainKey":{"iteration":7,"seed":"j/dHns/VJR6Lxeq1rmnOjfk7GbHHsxhBk92E03hBMEc="},"senderSigningKey":{"public":"BfL6ifKxIo3xOFgysPotP3rHx/lMAYIuvEBLwD2HwT8t"},"senderMessageKeys":[]},{"senderKeyId":1888720612,"senderChainKey":{"iteration":16,"seed":"KROoWrQ2h3iVrU7qcWW4RgRH7bSHBa/+QV54dTL5/NI="},"senderSigningKey":{"public":"BfL6ifKxIo3xOFgysPotP3rHx/lMAYIuvEBLwD2HwT8t"},"senderMessageKeys":[]}]