[{"senderKeyId":179917374,"senderChainKey":{"iteration":281,"seed":"KuiOyBJ2Iws/YCj9qvT0ZpqZw2QeK0SKxaUBVSrbLnI="},"senderSigningKey":{"public":"BdamKRsxjv4KVxtkPhGxDjacXc8JAqQkjgcErVa1Ies1"},"senderMessageKeys":[{}]},{"senderKeyId":179917374,"senderChainKey":{"iteration":215,"seed":"w1AI/kWUfZfJn1piSufQ2A76mOxcOBJrhAQhUsZH2mw="},"senderSigningKey":{"public":"BdamKRsxjv4KVxtkPhGxDjacXc8JAqQkjgcErVa1Ies1"},"senderMessageKeys":[]},{"senderKeyId":751334508,"senderChainKey":{"iteration":47,"seed":"kgxRTG+vCrxrtjFySdZIBN1ulCbBkV+2wjLWylqNT8s="},"senderSigningKey":{"public":"BYQWVLM0o0LtImdGxuH0CS6dA4LiqN0n/YVieBBm5oFq"},"senderMessageKeys":[]},{"senderKeyId":1432291436,"senderChainKey":{"iteration":15,"seed":"mAEOneODEgzkxw+eBpRjfOQHguV/LQw97WLt8Mai2XI="},"senderSigningKey":{"public":"BTqP1rJmWgatPs+4te2DU46ARIWPdhBJykTPv4qZc35P"},"senderMessageKeys":[]},{"senderKeyId":1794307461,"senderChainKey":{"iteration":25,"seed":"EtsDcyMuNsoXxA1XsP94rqruSLX+j5XJwF2JJGL293s="},"senderSigningKey":{"public":"BROCvLtsl7lr+/oE+mjEC0BvUsJvAbYPJEuOomVaI4p/"},"senderMessageKeys":[]}]