[{"senderKeyId":793191489,"senderChainKey":{"iteration":9,"seed":"qJPD+KtF9b8bsCwVd5KGCp+JGNWse2QS4Vjk0qpbwxI="},"senderSigningKey":{"public":"Bcy8yr/F0YbtndBJ3qY/fgEmRAgwqUTNc19ToVJAAQdF"},"senderMessageKeys":[{},{},{},{}]},{"senderKeyId":2034794257,"senderChainKey":{"iteration":47,"seed":"mxn6qQZf1Ai8ynThVTIpQkKV05seeMsUdXaRx7P3zcs="},"senderSigningKey":{"public":"BR7z2CKExKRV5zUJ3pYigUE3NwfGYL0R7N1DUbRuToUz"},"senderMessageKeys":[{},{},{},{},{},{},{},{},{},{},{},{},{},{},{},{},{},{},{},{},{},{},{}]}]