[{"senderKeyId":1948936214,"senderChainKey":{"iteration":45,"seed":"Q22b5yrM2/GGfU/EsOWoOH0bfZ3zjGUJmN7T8ueeaeI="},"senderSigningKey":{"public":"BWu9hIIub3DV8S6p4INxA7eeGcMMKZAGmgvoFr8ySxZe"},"senderMessageKeys":[]},{"senderKeyId":1948936214,"senderChainKey":{"iteration":3,"seed":"+7E+N/QJqnTnN7ntR/ieXQnLINs+oOwRRhJQ1Pp768o="},"senderSigningKey":{"public":"BWu9hIIub3DV8S6p4INxA7eeGcMMKZAGmgvoFr8ySxZe"},"senderMessageKeys":[]},{"senderKeyId":210803056,"senderChainKey":{"iteration":8,"seed":"PHCZ/+cYTDwuLEhDyQNFsaDSwbUS6xteS+NyrYmqsZY="},"senderSigningKey":{"public":"BfoEgyx3RsPBukVxrgBIbjNZJ+kaDBxNs0K9wGvrEAVo"},"senderMessageKeys":[]}]