{"_sessions":{"BUDSUk1nWzLVaSfYrWOlEbY8PrK75ZLlR6j7duLyTV57":{"registrationId":6733,"currentRatchet":{"ephemeralKeyPair":{"pubKey":"BVgVxfwZB1PMOR0Y0AAJ9okKXwmGLQ1GjHz6OFFC4U5P","privKey":"eODB2vMM9X3FjDadWfT20Bjz/5uzmDvL42DUq3k1FH8="},"lastRemoteEphemeralKey":"Ba7n1+6DLU5AnkXmf7kwdDe2wljuMY0lVxZwt8BM9cNX","previousCounter":2,"rootKey":"Zew9avY3oG4nhmBILRiju24PNmMK59YXqe0CmqWKjBI="},"indexInfo":{"baseKey":"BUDSUk1nWzLVaSfYrWOlEbY8PrK75ZLlR6j7duLyTV57","baseKeyType":2,"closed":-1,"used":1687192869298,"created":1687192067667,"remoteIdentityKey":"BYHFLLkl5JUsJLHouREUZfnHS6JhEE4g/hignP8+mSok"},"_chains":{"BRLByLUTEvqrHSsuErBorXEt+hmpaz02flS8gZ6wyiBu":{"chainKey":{"counter":0},"chainType":2,"messageKeys":{}},"BY9o93mUtDAPtJaKNH4+IluUuM76wwejZcpHXvXJ/Mtg":{"chainKey":{"counter":0},"chainType":2,"messageKeys":{}},"BUYVTU8fnxdR/dCkP06uZektcywiDY7etI7L8OGmqVEq":{"chainKey":{"counter":0},"chainType":2,"messageKeys":{}},"Ba7n1+6DLU5AnkXmf7kwdDe2wljuMY0lVxZwt8BM9cNX":{"chainKey":{"counter":0,"key":"ZI44lLR/dd6YYPKOnzphkylNuJUFgwwLGWa0GjNkg/0="},"chainType":2,"messageKeys":{}},"BVgVxfwZB1PMOR0Y0AAJ9okKXwmGLQ1GjHz6OFFC4U5P":{"chainKey":{"counter":12,"key":"o14T6y2RdCvVV2JYcAoBgyctJwjxMK83Qipz7WyTL9A="},"chainType":1,"messageKeys":{}}}}},"version":"v1"}