{"_sessions":{"BTfi7Ri5BmDUKajrvwJeU3Y4Ghw/AC3Qm/KH1eqqVgI0":{"registrationId":219643100,"currentRatchet":{"ephemeralKeyPair":{"pubKey":"BW/nFldg+ko5aiOXckDgfq2piJL5ZADZubyIGsX7uw4U","privKey":"WA41dsziwKb3I3ue2hjVgXoOpCIH5OSPrqEhnomeLF0="},"lastRemoteEphemeralKey":"BTQ68jRp9/xqZN7EDS3T82kQ8VYksPrA34Rvi0EW2h4r","previousCounter":0,"rootKey":"2hItWE9oPRBmREroi4dWsC+e7LfbKwcaE7M+yK5jKmo="},"indexInfo":{"baseKey":"BTfi7Ri5BmDUKajrvwJeU3Y4Ghw/AC3Qm/KH1eqqVgI0","baseKeyType":1,"closed":-1,"used":1687274959919,"created":1687274959919,"remoteIdentityKey":"BegJ0Yy6yzf4fgFCYNQdOAekmuLNKZBtvX/ODOqtuHFy"},"_chains":{"BW/nFldg+ko5aiOXckDgfq2piJL5ZADZubyIGsX7uw4U":{"chainKey":{"counter":0,"key":"9IGxzv99s9O3Oudau2QxpKVICHgUEPrHnes6U+r6HMg="},"chainType":1,"messageKeys":{}}},"pendingPreKey":{"signedKeyId":0,"baseKey":"BTfi7Ri5BmDUKajrvwJeU3Y4Ghw/AC3Qm/KH1eqqVgI0","preKeyId":5810495}}},"version":"v1"}