{"_sessions":{"BSbxhx5fDQUk/Kbc4r3JRqGtvZp2V9LVplgASTSa0FJO":{"registrationId":8542,"currentRatchet":{"ephemeralKeyPair":{"pubKey":"BRYvrbsIpeX3hoJlhZ5rqP6z6i1QMByRItQvYLRS56Bo","privKey":"qCWUnHFcJRRf5PTcUZAFIaXOLEyBiqe6IdbfAEvaiko="},"lastRemoteEphemeralKey":"BQD/2vnEbVpueMKdTKhHZS/qHy9G9y3RPugpE0QNU1I5","previousCounter":0,"rootKey":"SV4RAlXI2+gqejrwYjnzJ2orHFzmOkDPzw8g/1v3Q9Y="},"indexInfo":{"baseKey":"BSbxhx5fDQUk/Kbc4r3JRqGtvZp2V9LVplgASTSa0FJO","baseKeyType":1,"closed":-1,"used":1687193749404,"created":1687192853293,"remoteIdentityKey":"BT0s0WO/meQcXZmeSjL0WrJDPYAQrdRkxyadUHORu8UG"},"_chains":{"BQD/2vnEbVpueMKdTKhHZS/qHy9G9y3RPugpE0QNU1I5":{"chainKey":{"counter":0,"key":"6RgVA9n/S+5G+mv1lS18Jog74x84HbQ0ADAsm8eZxm4="},"chainType":2,"messageKeys":{}},"BRYvrbsIpeX3hoJlhZ5rqP6z6i1QMByRItQvYLRS56Bo":{"chainKey":{"counter":-1,"key":"ZknlzD/s4wkfDFEdP8m/pchX71n/hMs7rQ4phipB+9k="},"chainType":1,"messageKeys":{}}}}},"version":"v1"}