{"_sessions":{"BUGuYxbPi2H7dv0U99Mya7PXMtFY5CgGUSmORHEXd4AG":{"registrationId":1467472621,"currentRatchet":{"ephemeralKeyPair":{"pubKey":"BQVderrH39VLE+QbobQfg+SfQAyiJoDcQ6byVVYOsjR8","privKey":"MLH1P0gVnAt0ZurOfFYVcdlFQPMXIvNCar88ZzmNTVQ="},"lastRemoteEphemeralKey":"BTMyjYicJKTbh1Q92PJUnZgz2Kr4wpp6gVqitQuShnMI","previousCounter":0,"rootKey":"butkDcv/W+ceYxAPRJE6gvy6R+9F6n6FKAsJwfDbaYs="},"indexInfo":{"baseKey":"BUGuYxbPi2H7dv0U99Mya7PXMtFY5CgGUSmORHEXd4AG","baseKeyType":1,"closed":1687192082717,"used":1687192068282,"created":1687192068282,"remoteIdentityKey":"BbeRk4y3NRTv9OCQm7mjMWtK2SYRKVy2ea6kMN4/5qIb"},"_chains":{"BQVderrH39VLE+QbobQfg+SfQAyiJoDcQ6byVVYOsjR8":{"chainKey":{"counter":0,"key":"aaiyt5DMJJtX2d5cenaPAcBUQqeqrzM2ElPJCLUOPw8="},"chainType":1,"messageKeys":{}}},"pendingPreKey":{"signedKeyId":10,"baseKey":"BUGuYxbPi2H7dv0U99Mya7PXMtFY5CgGUSmORHEXd4AG","preKeyId":15056234}},"BRD/jvAq4MrAG3Ek412P8AnXvaZ5ADbGEKhEsREAOAMf":{"registrationId":1467472621,"currentRatchet":{"ephemeralKeyPair":{"pubKey":"BanWGRAI3+BVOcZyY69TE9zrvDQGoLxjFRV+NKV1AU1/","privKey":"AFH7vrgYS7zGNtgNaC+EIdd6qdYU4HYU/2C8MrEqRlQ="},"lastRemoteEphemeralKey":"BU4mgi9xxilkMfAw3mNT2dSla/CWIupSVGwf2WpV0VYF","previousCounter":0,"rootKey":"QWCukWpIaQCHnkx2Ce7o34YihR8TVSATMLpZRL/5axw="},"indexInfo":{"baseKey":"BRD/jvAq4MrAG3Ek412P8AnXvaZ5ADbGEKhEsREAOAMf","baseKeyType":1,"closed":1687247980877,"used":1687222458961,"created":1687192082708,"remoteIdentityKey":"BbeRk4y3NRTv9OCQm7mjMWtK2SYRKVy2ea6kMN4/5qIb"},"_chains":{"BeGuwJ9+oilMlSdANJySnKVMv5ghScj+7SDGSe3Co/9K":{"chainKey":{"counter":0},"chainType":2,"messageKeys":{}},"BR64/HXoOYsdS7OhuldT8K3Bj2etQShmRHe5AXo+nxdw":{"chainKey":{"counter":1},"chainType":2,"messageKeys":{}},"BctqgzLQaw/Nr1bOTk0V5DCHnNMrc4kufwNG8/LtE1AP":{"chainKey":{"counter":1},"chainType":2,"messageKeys":{}},"BdD4R00reATfTj/yE74c3Wkuvc+VuN1HL8YqTeozWLEW":{"chainKey":{"counter":0},"chainType":2,"messageKeys":{}},"BeU62wiqzu5v/MQO7idSG1ZGGYLxVjdKC8YbO3vO8VYh":{"chainKey":{"counter":0},"chainType":2,"messageKeys":{}},"BXib3/1N6BZr2ov069pUapjnf552YOL/5yGUquJT+hEU":{"chainKey":{"counter":0},"chainType":2,"messageKeys":{}},"BU4mgi9xxilkMfAw3mNT2dSla/CWIupSVGwf2WpV0VYF":{"chainKey":{"counter":0,"key":"/9eIFOwXnFjYo6s2A+BBRug+io5HbKm0w/pKHl76/Oo="},"chainType":2,"messageKeys":{}},"BanWGRAI3+BVOcZyY69TE9zrvDQGoLxjFRV+NKV1AU1/":{"chainKey":{"counter":1,"key":"2pkvo0Z88yplf3M0+ixDtiGVj0wj4BR0eEHOuvX42EY="},"chainType":1,"messageKeys":{}}}},"BQG9jxBfU48riSz7uEqS5ZGCgD3bscpH0pEAisD6oYlR":{"registrationId":1467472621,"currentRatchet":{"ephemeralKeyPair":{"pubKey":"BdL7VKC2CmKeX+USSkF47rUe2WASR9qKNUaTj6BqzyZW","privKey":"KNCo5FJu03Iar6LOdDaJIpZJfdG9axxkXM+8301CLXA="},"lastRemoteEphemeralKey":"BTMyjYicJKTbh1Q92PJUnZgz2Kr4wpp6gVqitQuShnMI","previousCounter":0,"rootKey":"ZuYsNl0lSXPu6CXKTLpoyM2YnlFt9PIG2WCRhsMyuAM="},"indexInfo":{"baseKey":"BQG9jxBfU48riSz7uEqS5ZGCgD3bscpH0pEAisD6oYlR","baseKeyType":1,"closed":1687247991805,"used":1687247980745,"created":1687247980745,"remoteIdentityKey":"BbeRk4y3NRTv9OCQm7mjMWtK2SYRKVy2ea6kMN4/5qIb"},"_chains":{"BdL7VKC2CmKeX+USSkF47rUe2WASR9qKNUaTj6BqzyZW":{"chainKey":{"counter":1,"key":"DCJ2mfjNjzgWSHxOC9kbsOtwJiAYY4gS5oILADztPBw="},"chainType":1,"messageKeys":{}}},"pendingPreKey":{"signedKeyId":10,"baseKey":"BQG9jxBfU48riSz7uEqS5ZGCgD3bscpH0pEAisD6oYlR","preKeyId":15056517}},"BcEZcubnI/04b+SF6J2678Te1ZvGBTobOJluLdFyvScN":{"registrationId":1467472621,"currentRatchet":{"ephemeralKeyPair":{"pubKey":"BVIm9G4f/MZUodaDnt/FlnpDKq31cEObo5kY+kRH4iM1","privKey":"KJnxNRBzY1X9JA6UUuO3y9DWAcsWqcTo4/XnHtS9alE="},"lastRemoteEphemeralKey":"BTMyjYicJKTbh1Q92PJUnZgz2Kr4wpp6gVqitQuShnMI","previousCounter":0,"rootKey":"g2YO7pTV1gCsMTvedulu05oElF1pMeJscb1vqaca9oc="},"indexInfo":{"baseKey":"BcEZcubnI/04b+SF6J2678Te1ZvGBTobOJluLdFyvScN","baseKeyType":1,"closed":-1,"used":1687247991770,"created":1687247991770,"remoteIdentityKey":"BbeRk4y3NRTv9OCQm7mjMWtK2SYRKVy2ea6kMN4/5qIb"},"_chains":{"BVIm9G4f/MZUodaDnt/FlnpDKq31cEObo5kY+kRH4iM1":{"chainKey":{"counter":2,"key":"0cQmchH3uj4hcgTavjz7+k5+Hyw+7T+OeY2RPFYQVHc="},"chainType":1,"messageKeys":{}}},"pendingPreKey":{"signedKeyId":10,"baseKey":"BcEZcubnI/04b+SF6J2678Te1ZvGBTobOJluLdFyvScN","preKeyId":15056502}}},"version":"v1"}