{"_sessions":{"BXwXH2eGVZvxjtZI8/bBd7SrBw0anYeEbKrFA654NPIL":{"registrationId":1315954621,"currentRatchet":{"ephemeralKeyPair":{"pubKey":"BXRHuFmfjWz5/M1/Y+dL2P6jR8d13v5wCkyxB/mjwLEQ","privKey":"+E9ycCUCN++icVLR1KjnD1SceHZODnTes3p3XT1EfGI="},"lastRemoteEphemeralKey":"BSyWjcUkJ1zdIVmz0byO8tajT50YGpllv0/T9C47kaAI","previousCounter":1,"rootKey":"BBTGyh8bT4NHhmQGDrgVHGvnzokmp5+7Ft3UBApGGnA="},"indexInfo":{"baseKey":"BXwXH2eGVZvxjtZI8/bBd7SrBw0anYeEbKrFA654NPIL","baseKeyType":1,"closed":-1,"used":1687241378228,"created":1687192081817,"remoteIdentityKey":"BYSAN7iPMnyCbd7UmFoOgHJm26qqr6as3zff07zFHr8B"},"_chains":{"BSyWjcUkJ1zdIVmz0byO8tajT50YGpllv0/T9C47kaAI":{"chainKey":{"counter":0,"key":"yffTlwCI1K3GxKE62VNcooCpg0zvb804zzqUqba5j4Y="},"chainType":2,"messageKeys":{}},"BXRHuFmfjWz5/M1/Y+dL2P6jR8d13v5wCkyxB/mjwLEQ":{"chainKey":{"counter":-1,"key":"YNAwdkgLmNT2+ePQxxEjF9j8sQHNDWGgmXBy/rwgN28="},"chainType":1,"messageKeys":{}}}}},"version":"v1"}