{"_sessions":{"BfeANtNyUUyNR7fBcMWQuvx7ziPd+4G54Gs5ACUL3l9g":{"registrationId":888180306,"currentRatchet":{"ephemeralKeyPair":{"pubKey":"BQx1BiHzC5EbK2LwXRWnZcvWscpnuryIYyp/9wA7PQ1K","privKey":"0J9ecOq1FdFXjsF6iUvmwggR1kkZgdCrQP4BePMp2WM="},"lastRemoteEphemeralKey":"BR8jGPZY9cmXOiFHXW1YvdH0MXXGxn+1+n9wFt4NFfUO","previousCounter":0,"rootKey":"ivpXnOmd22bJ6UwcWPTEnyFDCykOSyN6COi7CgGOAqw="},"indexInfo":{"baseKey":"BfeANtNyUUyNR7fBcMWQuvx7ziPd+4G54Gs5ACUL3l9g","baseKeyType":2,"closed":-1,"used":1687227926508,"created":1687227926508,"remoteIdentityKey":"BR0ienHrS93vmVROr9k0rflka3ARk9veM0goaslbZERG"},"_chains":{"BR8jGPZY9cmXOiFHXW1YvdH0MXXGxn+1+n9wFt4NFfUO":{"chainKey":{"counter":0,"key":"XXH/iiCsT9gfEc48Hxb8JNB07YM3cicnzu8v6tWkuPg="},"chainType":2,"messageKeys":{}},"BQx1BiHzC5EbK2LwXRWnZcvWscpnuryIYyp/9wA7PQ1K":{"chainKey":{"counter":0,"key":"KZe2notPhLIxYncFWrKN5EVJAViQ7vkYB7WqqrlTdB8="},"chainType":1,"messageKeys":{}}}}},"version":"v1"}