{"_sessions":{"BZA1mcYRWsasvC4i8yn2/i4YuhbDfsT4SNK8j0uejJJo":{"registrationId":976701241,"currentRatchet":{"ephemeralKeyPair":{"pubKey":"BR0UQ5bsCoWYC/NILrqk6dSqrvSJiSMnUjTF1Fw4tH0N","privKey":"oA4QK689p9xaSfFbpVbIak3PEcmiGnPz3BwLgXJ1wWc="},"lastRemoteEphemeralKey":"BeZzxAxzRC29MQfcgAUa+2mQJZUMfWQwSytMS7fZswNx","previousCounter":0,"rootKey":"xWHw8kh4mnBShJQ0Q/qduTHTkmh8D8EYSdJw5Rky5PY="},"indexInfo":{"baseKey":"BZA1mcYRWsasvC4i8yn2/i4YuhbDfsT4SNK8j0uejJJo","baseKeyType":1,"closed":-1,"used":1687233759626,"created":1687233759626,"remoteIdentityKey":"BV84Wegxv+1ZR5Sl/zKQABvJ4PZ/Wqw24Ye03Z6TZkAI"},"_chains":{"BR0UQ5bsCoWYC/NILrqk6dSqrvSJiSMnUjTF1Fw4tH0N":{"chainKey":{"counter":3,"key":"r7C1qrlPJ2O84fnHoV/D9EnnDRiuUSkDf0FbkDEd1KI="},"chainType":1,"messageKeys":{}}},"pendingPreKey":{"signedKeyId":1,"baseKey":"BZA1mcYRWsasvC4i8yn2/i4YuhbDfsT4SNK8j0uejJJo","preKeyId":12527651}}},"version":"v1"}