{"_sessions":{"BbTSSnDw5OkMivSR8xpiBBsKXwPLuqHdPRlzlHjWKMFG":{"registrationId":1035798852,"currentRatchet":{"ephemeralKeyPair":{"pubKey":"BaslmB42VTKqbu1lFmyssaCOQ1R4aB1/AR1wDzgOTi8p","privKey":"aHnLuIklSGrdkphR2xxwUCvAereF/x8v4DrhhntQq0s="},"lastRemoteEphemeralKey":"BQDTbexa4ODDD29RIz2L5/9ws0aSRqfFNC/pSIbzOVs3","previousCounter":0,"rootKey":"N+lFgjwzKTZ5iWEEaQdyfNCNtP+AJOiSXofCqjtbajM="},"indexInfo":{"baseKey":"BbTSSnDw5OkMivSR8xpiBBsKXwPLuqHdPRlzlHjWKMFG","baseKeyType":1,"closed":-1,"used":1687233759475,"created":1687233759475,"remoteIdentityKey":"BXegcpQ5mpBE4PwFFXC8fwj1WhcbD77f0GkvUGCS9qw7"},"_chains":{"BaslmB42VTKqbu1lFmyssaCOQ1R4aB1/AR1wDzgOTi8p":{"chainKey":{"counter":3,"key":"0YLECTus8yzMG5TRmFeagcWA4cdt2WkX1cnUpvV3hJ4="},"chainType":1,"messageKeys":{}}},"pendingPreKey":{"signedKeyId":2,"baseKey":"BbTSSnDw5OkMivSR8xpiBBsKXwPLuqHdPRlzlHjWKMFG","preKeyId":2324089}}},"version":"v1"}