{"_sessions":{"BZ8wXS652g1rZpzGoZixL34/AfP6cMK8OXyvTTufGLga":{"registrationId":1341930809,"currentRatchet":{"ephemeralKeyPair":{"pubKey":"BQrztHd7xgO2xcbB3vgPsOF4zWBXIXvz3xBErv6xrD1b","privKey":"sB/WcnPitquAkrUFfL39cxavBvLbZXNckDVeEoWYdGI="},"lastRemoteEphemeralKey":"BQO1GmM/3T1LaPuhxNWSs9h7K6AmnbVBbSwJS6I1tjll","previousCounter":0,"rootKey":"jD8gMWL1M2vg8ieXKu7HZSvF+GdqoasD29wtMlOlp3k="},"indexInfo":{"baseKey":"BZ8wXS652g1rZpzGoZixL34/AfP6cMK8OXyvTTufGLga","baseKeyType":2,"closed":-1,"used":1687254133644,"created":1687254133644,"remoteIdentityKey":"BX1gJ6q979hpOCUpatdHBPugMP+QMtMByfpr0eQ4m/ZP"},"_chains":{"BQO1GmM/3T1LaPuhxNWSs9h7K6AmnbVBbSwJS6I1tjll":{"chainKey":{"counter":0,"key":"KAU/Z98uYxWePayqZebBmiQY2T2JyQcYIiyCgaWXZ+A="},"chainType":2,"messageKeys":{}},"BQrztHd7xgO2xcbB3vgPsOF4zWBXIXvz3xBErv6xrD1b":{"chainKey":{"counter":-1,"key":"J1gOpnxoV072sI374X+JFvKFRk7gjUV5WCDCH+/Vt6E="},"chainType":1,"messageKeys":{}}}}},"version":"v1"}