{"_sessions":{"BTdxtKKh1jNclBgBe1VMUjk9ali4l51YVlWjNpF8YyBb":{"registrationId":1650371903,"currentRatchet":{"ephemeralKeyPair":{"pubKey":"BeHpm7DONLLKfEDLn/OSWgD6B0uH0NPJTISLm0HxDGkq","privKey":"yPsfx6MKq/HlZI/wK6SXB4ebOUAPWxBJApMTlO+rUVU="},"lastRemoteEphemeralKey":"BR9KIjoR8tUZUTKWFn/R6ujufhx+IfM2pmLtxw4Oy+ss","previousCounter":0,"rootKey":"nVS+90dAs9Lbux8RtgwcXuKdU5xZI9m6anGet25cL1o="},"indexInfo":{"baseKey":"BTdxtKKh1jNclBgBe1VMUjk9ali4l51YVlWjNpF8YyBb","baseKeyType":1,"closed":-1,"used":1687233759294,"created":1687233759294,"remoteIdentityKey":"Beg0zpi+UohTyTy3z0o4D5tNkXjSQIbG7jNLqFWYlIN7"},"_chains":{"BeHpm7DONLLKfEDLn/OSWgD6B0uH0NPJTISLm0HxDGkq":{"chainKey":{"counter":3,"key":"RPvsoYAE10B+5LUFBwIZ5i5BiWnUkmg4b8Vj2KxxsbI="},"chainType":1,"messageKeys":{}}},"pendingPreKey":{"signedKeyId":14,"baseKey":"BTdxtKKh1jNclBgBe1VMUjk9ali4l51YVlWjNpF8YyBb","preKeyId":5690633}}},"version":"v1"}