{"_sessions":{"BcN30w9gDNTvqXg8kRD4EBTEinzcQkjJIeC18kb0hewJ":{"registrationId":653608667,"currentRatchet":{"ephemeralKeyPair":{"pubKey":"BXu3oQKUdfl0J5Bz8CA2QWMjOWlXiCe2l+9r/IKc0b1b","privKey":"EPu3MF+pUbqf+2zWDAv+zhExpbCFud39/XiM1EN2eVY="},"lastRemoteEphemeralKey":"BcFq9AlD5Hnc3sJ6is7PcZllLMdyLy/Q42pcjis39as4","previousCounter":0,"rootKey":"IDTZvSHUkPsR5MrsZW9JOTKbVmXhOfU5cUNNCGkgoZI="},"indexInfo":{"baseKey":"BcN30w9gDNTvqXg8kRD4EBTEinzcQkjJIeC18kb0hewJ","baseKeyType":1,"closed":-1,"used":1687195778250,"created":1687195778250,"remoteIdentityKey":"BbsiA1E+Qv0DNPPM05rDEaWo6jOelkMp1deEPZHng2lW"},"_chains":{"BXu3oQKUdfl0J5Bz8CA2QWMjOWlXiCe2l+9r/IKc0b1b":{"chainKey":{"counter":0,"key":"IzRuTi9m1SP/bx85TmWabGv7SxkUazIMqKw5qyfkOUg="},"chainType":1,"messageKeys":{}}},"pendingPreKey":{"signedKeyId":7,"baseKey":"BcN30w9gDNTvqXg8kRD4EBTEinzcQkjJIeC18kb0hewJ","preKeyId":14567977}}},"version":"v1"}