{"_sessions":{"BcQeGnB9pFbjxaF+xMw6XiMCRcaSDuBnagpBT2+8bsEw":{"registrationId":1254780652,"currentRatchet":{"ephemeralKeyPair":{"pubKey":"BVEt/QL5e+5iLPCgrwEq0X392uc9gKGujNV8mub0dWoH","privKey":"aKXJsdTe2hb5yoLmm1wCkXPCihNroIhlRgCwo7rKH3k="},"lastRemoteEphemeralKey":"BVzcvO692F2ZTggTyQYuiC4JpMZG1zcz4zHThr7Wk2EI","previousCounter":0,"rootKey":"SS2uMBbmwDF/2dQOQ/3QMrWov4/QCVRK91vGQSbp/6w="},"indexInfo":{"baseKey":"BcQeGnB9pFbjxaF+xMw6XiMCRcaSDuBnagpBT2+8bsEw","baseKeyType":1,"closed":-1,"used":1687233759278,"created":1687233759278,"remoteIdentityKey":"BSxTKQshVQ4rlzganiBAlAFYbt9mKo8wkCsyYzYoeqkp"},"_chains":{"BVEt/QL5e+5iLPCgrwEq0X392uc9gKGujNV8mub0dWoH":{"chainKey":{"counter":3,"key":"t7Y/ghxHIEfiGs1MgHEU+ylS+qDVMU3oxJ/0//PcnFw="},"chainType":1,"messageKeys":{}}},"pendingPreKey":{"signedKeyId":4,"baseKey":"BcQeGnB9pFbjxaF+xMw6XiMCRcaSDuBnagpBT2+8bsEw","preKeyId":9112394}}},"version":"v1"}