{"_sessions":{"BUBeddtq6VRa3WK8DItn0usPJqtivHxpTVdxGc0XIxt5":{"registrationId":10445,"currentRatchet":{"ephemeralKeyPair":{"pubKey":"Bcw6+lN9Munzzhd53t5bWh8jS2LGfM1wmA6pLlRx025e","privKey":"CBfQqeTpAcS3D8mQrGlYF0LBVE7+wWOsq1o2NsEWUnI="},"lastRemoteEphemeralKey":"BTGQwHJ7xfmZ5+R/EoEJxe466BedLDkLsh5eyoTQic8g","previousCounter":0,"rootKey":"QXxYndYJmJ+DSJWlYfeP9AmdcQ/FGpkUBPB8znp/Snw="},"indexInfo":{"baseKey":"BUBeddtq6VRa3WK8DItn0usPJqtivHxpTVdxGc0XIxt5","baseKeyType":1,"closed":-1,"used":1687274959858,"created":1687274959858,"remoteIdentityKey":"BYZ4QMvlOO108uTjoKRvCro3KYKWentfFpqXTHkyKIwI"},"_chains":{"Bcw6+lN9Munzzhd53t5bWh8jS2LGfM1wmA6pLlRx025e":{"chainKey":{"counter":0,"key":"TR5c16Sxf0GEBj7mnyZaLvCSaVCOPU7S94LFGnaecfM="},"chainType":1,"messageKeys":{}}},"pendingPreKey":{"signedKeyId":2,"baseKey":"BUBeddtq6VRa3WK8DItn0usPJqtivHxpTVdxGc0XIxt5","preKeyId":179}}},"version":"v1"}