{"_sessions":{"BdgQoimxUDcLmXPI5uzhTIUxThqUoGpbq63OGy+98Qdu":{"registrationId":1799993397,"currentRatchet":{"ephemeralKeyPair":{"pubKey":"BfcNJOFIfo8XEAV+zRM1KIZCbA+kgGfikZgO07mG7N8V","privKey":"eMqK8v5J1Q4cKdmwInx6eIF267QcOK6wjrOOSUUvdk8="},"lastRemoteEphemeralKey":"BdMZ39IrxKZ+1bTEmNH0OaTXODeBle2ptflLpHD2v3QM","previousCounter":0,"rootKey":"JBhYTCoo6CKAmlnSWxAUeGJNswNwbULQjU6nTJUWTak="},"indexInfo":{"baseKey":"BdgQoimxUDcLmXPI5uzhTIUxThqUoGpbq63OGy+98Qdu","baseKeyType":1,"closed":-1,"used":1687233759080,"created":1687233759080,"remoteIdentityKey":"BZKaaWs2ZvY7Nu2z4weRtZagywAPxTcGO0XP8NoYUu4l"},"_chains":{"BfcNJOFIfo8XEAV+zRM1KIZCbA+kgGfikZgO07mG7N8V":{"chainKey":{"counter":3,"key":"3C5Oyj08lmbiXwv3Xm26TrPBxK32LuhJMTjLvNsbUYE="},"chainType":1,"messageKeys":{}}},"pendingPreKey":{"signedKeyId":12,"baseKey":"BdgQoimxUDcLmXPI5uzhTIUxThqUoGpbq63OGy+98Qdu","preKeyId":4298396}}},"version":"v1"}