{"_sessions":{"BX7jmsZgcb1y+IKNGNVvJcxiOM0VBekG3/Xh7MEPO9NE":{"registrationId":900165816,"currentRatchet":{"ephemeralKeyPair":{"pubKey":"BfG6u+L1xoYrWPq4eJTE49F/1TjPNM8HwR5ATqH14uZe","privKey":"wBGvOHDpTUEUWKV9S0RqWZLZvfqztUnk9HRdWoug70g="},"lastRemoteEphemeralKey":"BaJe0oez2G3r8IF29z8LxmMVkCmyZvk2KgXG9i4iDI4n","previousCounter":0,"rootKey":"VLFaIX5XDefOFmMyS+TrExwPan0Ey3gXX//vdsHwsis="},"indexInfo":{"baseKey":"BX7jmsZgcb1y+IKNGNVvJcxiOM0VBekG3/Xh7MEPO9NE","baseKeyType":1,"closed":-1,"used":1687195777758,"created":1687195777758,"remoteIdentityKey":"BZiC3wklmcyWiSZmK3AdwaFoMqNFNrGyGP7+PRDtVUBS"},"_chains":{"BfG6u+L1xoYrWPq4eJTE49F/1TjPNM8HwR5ATqH14uZe":{"chainKey":{"counter":0,"key":"5FmF488vWNAOhfKUANdEJTUgwCXQGqaltB6pfCXzKZc="},"chainType":1,"messageKeys":{}}},"pendingPreKey":{"signedKeyId":0,"baseKey":"BX7jmsZgcb1y+IKNGNVvJcxiOM0VBekG3/Xh7MEPO9NE","preKeyId":11051152}}},"version":"v1"}