{"_sessions":{"BQqcfgFKlrH60rhgCzVfvhykhyv4cu7xkiHm2OxWbG8R":{"registrationId":1089302756,"currentRatchet":{"ephemeralKeyPair":{"pubKey":"BTFWlVup5W9MiaWe3mUrTDV5Oif1pShzbx2BYCaTpApC","privKey":"eI05zGqNy6bVR1dNSH+M8w8y77uuw3HoAv1HayyDaFg="},"lastRemoteEphemeralKey":"BVRAY8XzMJLbyO/Ft7+rMo8RUMTPfp3OMDWp1ut+mYJL","previousCounter":0,"rootKey":"iwiiEjHBFTwQV/oJr61nqKJXS7vukGaMDHjToHcO5wM="},"indexInfo":{"baseKey":"BQqcfgFKlrH60rhgCzVfvhykhyv4cu7xkiHm2OxWbG8R","baseKeyType":1,"closed":-1,"used":1687233759180,"created":1687233759180,"remoteIdentityKey":"BU6Uq9bSMzrJ9NOpDEJJioE9UpolLbL+ZN0Tpx49X7Jd"},"_chains":{"BTFWlVup5W9MiaWe3mUrTDV5Oif1pShzbx2BYCaTpApC":{"chainKey":{"counter":3,"key":"X3bTWYBRJJI9VOlYH+QfIza6GmC5VKvdaKII+1zzd5s="},"chainType":1,"messageKeys":{}}},"pendingPreKey":{"signedKeyId":1,"baseKey":"BQqcfgFKlrH60rhgCzVfvhykhyv4cu7xkiHm2OxWbG8R","preKeyId":9350369}}},"version":"v1"}