{"_sessions":{"BRS3gKcajBkbu1q1KUauqOyiHxBcs+VOiIvx4WhLm6k1":{"registrationId":241258699,"currentRatchet":{"ephemeralKeyPair":{"pubKey":"BddzDTcFCKe1vPxPsAGRDzfGL/3rIPcWuH9iGPv8gPpm","privKey":"2NYM+1FYoxojFH04U8cSAJUUOMKjf4j7QCnSCosKL0w="},"lastRemoteEphemeralKey":"BdVuTPCu8e1FlSXmmn+tPiHKU+Xrqkikk5bolaY4VTwh","previousCounter":0,"rootKey":"C3JowU8CwtbSP1nqEodL6qh4MPzGmhirn+DAaMithmk="},"indexInfo":{"baseKey":"BRS3gKcajBkbu1q1KUauqOyiHxBcs+VOiIvx4WhLm6k1","baseKeyType":1,"closed":-1,"used":1687233759906,"created":1687233759906,"remoteIdentityKey":"BV+goOMupIjs28R2/U2Hu5oEhFlwtXuBT2meeElvRAFN"},"_chains":{"BddzDTcFCKe1vPxPsAGRDzfGL/3rIPcWuH9iGPv8gPpm":{"chainKey":{"counter":3,"key":"GI9Qbxi6W85udJBJTj6G3yVHUHn+HIixtDToG81jiHs="},"chainType":1,"messageKeys":{}}},"pendingPreKey":{"signedKeyId":2,"baseKey":"BRS3gKcajBkbu1q1KUauqOyiHxBcs+VOiIvx4WhLm6k1","preKeyId":7122336}}},"version":"v1"}