{"_sessions":{"BVqqnZkxYLMHhC/z43PIvP6yBY/grOJpnz3BL1wU3uR5":{"registrationId":11085,"currentRatchet":{"ephemeralKeyPair":{"pubKey":"BbQMxMtqeT5v7LP0oh2QpG3umuWklr2PicpYiiLnPnxl","privKey":"+IYkXPpoHwIDwFrY6XCUPazdRyzZfHAdn1uiH7jqOmQ="},"lastRemoteEphemeralKey":"BQJgeW+vgbJqNNpCAvsEtqc8Ld62d2ApaV50Uq40goMQ","previousCounter":0,"rootKey":"lcos+Qw4k29oeLCMQDZWd9mbD1+wwita2OAlg3YwaF0="},"indexInfo":{"baseKey":"BVqqnZkxYLMHhC/z43PIvP6yBY/grOJpnz3BL1wU3uR5","baseKeyType":1,"closed":1687241741663,"used":1687236572417,"created":1687236572417,"remoteIdentityKey":"BTB4221DUO8kTA/PiqWMu7wc15r9TBk9oIfltrAVcgA7"},"_chains":{"BbQMxMtqeT5v7LP0oh2QpG3umuWklr2PicpYiiLnPnxl":{"chainKey":{"counter":0,"key":"SOuUCxmEb27UZogGQTKGPM1KHxji8zgi+/+HqyBhC4Y="},"chainType":1,"messageKeys":{}}},"pendingPreKey":{"signedKeyId":1,"baseKey":"BVqqnZkxYLMHhC/z43PIvP6yBY/grOJpnz3BL1wU3uR5","preKeyId":82}},"Bdq3PFE/bEVQ+Bk4lQPEmIOPxqIu2i9VOfkpHNXdVv0q":{"registrationId":11085,"currentRatchet":{"ephemeralKeyPair":{"pubKey":"BZH3hajbgnSUYX5cK3GlP2Vxm0zcKvU55Ev9qKdumA8K","privKey":"IKMk/zn7gxSlQWob/Vj4/1HfXiyOADV2nDd1xtWV9Vo="},"lastRemoteEphemeralKey":"BWoH/bcpvOKevryoZhGMLzRYC4BJob0d2d3o3+qh2eJN","previousCounter":0,"rootKey":"wssweTOCzFiGNcW5k6fvpNemI0TXp1ottjObaS3euTY="},"indexInfo":{"baseKey":"Bdq3PFE/bEVQ+Bk4lQPEmIOPxqIu2i9VOfkpHNXdVv0q","baseKeyType":2,"closed":1687247979404,"used":1687241741687,"created":1687241741687,"remoteIdentityKey":"BTB4221DUO8kTA/PiqWMu7wc15r9TBk9oIfltrAVcgA7"},"_chains":{"BWoH/bcpvOKevryoZhGMLzRYC4BJob0d2d3o3+qh2eJN":{"chainKey":{"counter":2,"key":"EifoEpViuz855007kjDf8Jd02ods4A+G40l4mVKq1KU="},"chainType":2,"messageKeys":{}},"BZH3hajbgnSUYX5cK3GlP2Vxm0zcKvU55Ev9qKdumA8K":{"chainKey":{"counter":-1,"key":"zYquR8YLheha/vw9/x4wrJfpx/FCFPYhh/PZ02XdD/g="},"chainType":1,"messageKeys":{}}}},"BaRUIUb7ZIQ3qJGTvuJFe7absmo7JXjLyx5xpiaGa3dY":{"registrationId":11085,"currentRatchet":{"ephemeralKeyPair":{"pubKey":"BVJaa8uuMU6mSKeuZA3uweJFQpylpI9AZibybr365SRh","privKey":"SMf1F9hs483+NpxwJu6ycK33HOUJD13+Fd7z8AQoTkk="},"lastRemoteEphemeralKey":"BRUWrEjVccC1Lx5j/Qf+QbH7PlgXGRVyIlbMDh2JxOcY","previousCounter":2,"rootKey":"IPYeBjb6pje1wIoEL10NnYoKNQtt/u2cRbd9THT4qKg="},"indexInfo":{"baseKey":"BaRUIUb7ZIQ3qJGTvuJFe7absmo7JXjLyx5xpiaGa3dY","baseKeyType":1,"closed":-1,"used":1687249554635,"created":1687247979390,"remoteIdentityKey":"BTB4221DUO8kTA/PiqWMu7wc15r9TBk9oIfltrAVcgA7"},"_chains":{"Bf8RSf4dNHpnV1ep1g+n8NGSGi0SQvlMNBMHiQPqIC5n":{"chainKey":{"counter":0},"chainType":2,"messageKeys":{}},"BVkrj5p8ibcDjyqFliXwdSnFW6h19fL8iHVSoB7Z/wpy":{"chainKey":{"counter":0},"chainType":2,"messageKeys":{}},"BRUWrEjVccC1Lx5j/Qf+QbH7PlgXGRVyIlbMDh2JxOcY":{"chainKey":{"counter":0,"key":"0BSH0Dalt1sZlWIKgPMblsz3UibUQk4zglUCSYKhQW0="},"chainType":2,"messageKeys":{}},"BVJaa8uuMU6mSKeuZA3uweJFQpylpI9AZibybr365SRh":{"chainKey":{"counter":-1,"key":"rfjPguc9Fz3IP3ydCmT7htGUR6CcCwsk6yLQZOkYX5Y="},"chainType":1,"messageKeys":{}}}}},"version":"v1"}