{"_sessions":{"BWpbr8PLt98n6RCmvMR90GIJmCHlEby0wLDvn+Cpl5Ng":{"registrationId":1391228432,"currentRatchet":{"ephemeralKeyPair":{"pubKey":"BdynPvils9+TdCVveJM5eNe4NdeVW9ByTbQnGKIK+2s0","privKey":"KCgz06HihG10Jvk9DV68f3UR0CBUcIvxkUz7ozW2I3Q="},"lastRemoteEphemeralKey":"Bf0OT34vduiGv0ADHGZEnvMDTwqZTJtsBvsLe0XOhYlG","previousCounter":0,"rootKey":"ZK0ajoJFDcDlYvXemQJVlaJ3UUK0m4PsE4RW8LNsTlY="},"indexInfo":{"baseKey":"BWpbr8PLt98n6RCmvMR90GIJmCHlEby0wLDvn+Cpl5Ng","baseKeyType":1,"closed":-1,"used":1687233759415,"created":1687233759415,"remoteIdentityKey":"BQHxVsqO4MUPYK1XpgMZfGmi1xq4Hqt4YVvQPpsM/ZE5"},"_chains":{"BdynPvils9+TdCVveJM5eNe4NdeVW9ByTbQnGKIK+2s0":{"chainKey":{"counter":3,"key":"3R7Pkrz9n6AF66W2dPHjirYccfzZbANhDlUbdKrBpVk="},"chainType":1,"messageKeys":{}}},"pendingPreKey":{"signedKeyId":2,"baseKey":"BWpbr8PLt98n6RCmvMR90GIJmCHlEby0wLDvn+Cpl5Ng","preKeyId":9438982}}},"version":"v1"}