{"_sessions":{"BU/IQfa+VwC79B9sWzymdm3KPbQX1IJMusnq7Ckk4l5F":{"registrationId":261265803,"currentRatchet":{"ephemeralKeyPair":{"pubKey":"BRxBJ7qtbSb+qAprhbUlmZ8YQLJUWL/Ym5nAd7m/w6Yu","privKey":"kClWWojlXmtbeNGsUakqEgxnhbJGrZBOWISNJLa6z38="},"lastRemoteEphemeralKey":"BenHr33ksoJK0ywKz1c7ySocbV7i54VCI1mdESe4Za07","previousCounter":0,"rootKey":"YtmE13hAAWhmO/29dIgQRCKjtoNLwTAwTjtHQMwpIsY="},"indexInfo":{"baseKey":"BU/IQfa+VwC79B9sWzymdm3KPbQX1IJMusnq7Ckk4l5F","baseKeyType":1,"closed":1687247979111,"used":1687195778194,"created":1687195778194,"remoteIdentityKey":"BRvcsW5Yab/yJSZlN+VO0tL1IUuvpv+mJU8/KQVJXwwu"},"_chains":{"BRxBJ7qtbSb+qAprhbUlmZ8YQLJUWL/Ym5nAd7m/w6Yu":{"chainKey":{"counter":1,"key":"M0LE0TqeC8665myjoYh0bafDf0GNmNmvqPTifiWaL/c="},"chainType":1,"messageKeys":{}}},"pendingPreKey":{"signedKeyId":2,"baseKey":"BU/IQfa+VwC79B9sWzymdm3KPbQX1IJMusnq7Ckk4l5F","preKeyId":7006730}},"Bc8jy7HdBQt0xwOLgmbZTRbnrV2lU0yGWeQfsSMm9u8g":{"registrationId":261265803,"currentRatchet":{"ephemeralKeyPair":{"pubKey":"BTLzC1TEKOck4BRa8uC8EJmQnhvVF1a3zswUq2EdjP4N","privKey":"8OwRVwLQd+bILy6y6zCJ1o+PBfZDOmiTeziik5r/TEM="},"lastRemoteEphemeralKey":"BenHr33ksoJK0ywKz1c7ySocbV7i54VCI1mdESe4Za07","previousCounter":0,"rootKey":"IIOyL8x0/JHrxztNmN8LSzAxfyENpQq0vN8seIwl3Gk="},"indexInfo":{"baseKey":"Bc8jy7HdBQt0xwOLgmbZTRbnrV2lU0yGWeQfsSMm9u8g","baseKeyType":1,"closed":1687247992417,"used":1687247979056,"created":1687247979056,"remoteIdentityKey":"BRvcsW5Yab/yJSZlN+VO0tL1IUuvpv+mJU8/KQVJXwwu"},"_chains":{"BTLzC1TEKOck4BRa8uC8EJmQnhvVF1a3zswUq2EdjP4N":{"chainKey":{"counter":1,"key":"lX0uXY38gMaWxJQ//yTQ0ATcMCNX5TKm0F6Uhc1yv6U="},"chainType":1,"messageKeys":{}}},"pendingPreKey":{"signedKeyId":2,"baseKey":"Bc8jy7HdBQt0xwOLgmbZTRbnrV2lU0yGWeQfsSMm9u8g","preKeyId":7006662}},"Bbh+nNiLMlfZfWBj9Hc3PJg8bVdHNkhzd9InH7CgQhBp":{"registrationId":261265803,"currentRatchet":{"ephemeralKeyPair":{"pubKey":"BWSWycKmvxe/RpApDVRbZdCDJEdkkktc5GcEcAQBmBlC","privKey":"iE047gTmpEwmFwKoinj74dujtFU2v74Lm+QRhBqH2nw="},"lastRemoteEphemeralKey":"BRdEzz/dDeoMdl53FfZTbwenXE3ehQ+aJwhft1dWdBE9","previousCounter":0,"rootKey":"VLOyJDX0ZPzIuzT1REc3Lq3pido3Ql6SRx1Jnzsa94M="},"indexInfo":{"baseKey":"Bbh+nNiLMlfZfWBj9Hc3PJg8bVdHNkhzd9InH7CgQhBp","baseKeyType":1,"closed":-1,"used":1687251293099,"created":1687247992408,"remoteIdentityKey":"BRvcsW5Yab/yJSZlN+VO0tL1IUuvpv+mJU8/KQVJXwwu"},"_chains":{"BRdEzz/dDeoMdl53FfZTbwenXE3ehQ+aJwhft1dWdBE9":{"chainKey":{"counter":0,"key":"I1s05G9evjcF8FanRl+bcNXBR9oKYQE+519gaP+Rcvs="},"chainType":2,"messageKeys":{}},"BWSWycKmvxe/RpApDVRbZdCDJEdkkktc5GcEcAQBmBlC":{"chainKey":{"counter":-1,"key":"a4wF5c7DnSGk9pG4fguriN2m6YEaqAHhxOvi0Mj4FNw="},"chainType":1,"messageKeys":{}}}}},"version":"v1"}