{"_sessions":{"BWKwdfXktvNAUxqM/jC2cHxhn4Gd2KJrE/kjocIgJrhi":{"registrationId":834320840,"currentRatchet":{"ephemeralKeyPair":{"pubKey":"BW9wIXe5ds22kQ/bUmP653fLlytAHPWuWIbAkayrywwr","privKey":"8LghHia5GLTf7czdMGXapYMpHVEVa+nAkDGrH5vxa3Y="},"lastRemoteEphemeralKey":"BQFOHUpuBK2bhLwMD3gSCfYXEeJQ8G50SwWJCW9qLTZL","previousCounter":0,"rootKey":"jaG1OBbRrYSfFmUWAMCYCUmrYSHmwMQdMJjuhPiXFvE="},"indexInfo":{"baseKey":"BWKwdfXktvNAUxqM/jC2cHxhn4Gd2KJrE/kjocIgJrhi","baseKeyType":2,"closed":-1,"used":1687196096947,"created":1687196096947,"remoteIdentityKey":"BT8AB2OS0h0uXDHrCxfUKXSJLjQqUbw9pQqb1fmVNZ4L"},"_chains":{"BQFOHUpuBK2bhLwMD3gSCfYXEeJQ8G50SwWJCW9qLTZL":{"chainKey":{"counter":0,"key":"PWJ1Dj+p7TsK2/C6tPSn20bKeWeOvqJ8JB8AKP0VUoM="},"chainType":2,"messageKeys":{}},"BW9wIXe5ds22kQ/bUmP653fLlytAHPWuWIbAkayrywwr":{"chainKey":{"counter":3,"key":"CVwc2MeWzGxyX/VAxLf04VY6mPLy+pgTmZHVND8CRxg="},"chainType":1,"messageKeys":{}}}}},"version":"v1"}