{"_sessions":{"BUyITes+aeFJdGzNJQWcFEy2Vt57NtR4wsJ8JHhIGs99":{"registrationId":390664300,"currentRatchet":{"ephemeralKeyPair":{"pubKey":"BZU5inqh0mbTAfVeJ1W6xzQhk5aEztIce4nqcaJpLJUH","privKey":"0AKA6q8ZqCzP+P0a/FloUn1PC1FBDlBx86+ft7BvHk8="},"lastRemoteEphemeralKey":"BQJMuV3XFullmIr8Rn9avQWghYlU/cLc3vz/7aIzsZdA","previousCounter":0,"rootKey":"pVYMoCbxMoJ87WdyQKssXnHTyRvm/J5wnv9/Hm+CVlw="},"indexInfo":{"baseKey":"BUyITes+aeFJdGzNJQWcFEy2Vt57NtR4wsJ8JHhIGs99","baseKeyType":1,"closed":-1,"used":1687219772336,"created":1687195778224,"remoteIdentityKey":"BUurES9r9kUNwHyALxGbxNCqvI2OdlhMepyjPlJpr+og"},"_chains":{"BQJMuV3XFullmIr8Rn9avQWghYlU/cLc3vz/7aIzsZdA":{"chainKey":{"counter":0,"key":"VI108E9ZWCNqP7N1QGcxOo+icgh5Djq/IBNfl2gSb4c="},"chainType":2,"messageKeys":{}},"BZU5inqh0mbTAfVeJ1W6xzQhk5aEztIce4nqcaJpLJUH":{"chainKey":{"counter":-1,"key":"gS8h3Itz2P7SD4r4oxo16hlNCj0mHZlh8ZxF/4yAnTw="},"chainType":1,"messageKeys":{}}}}},"version":"v1"}