{"_sessions":{"BSKXn2qUCqSmdEI56mn6HZ0pkUv8DIR0IS9KhHnx0NFT":{"registrationId":2123198152,"currentRatchet":{"ephemeralKeyPair":{"pubKey":"BSjoNhCRF9hhrOyAAIjBqMv1w9aS4VVROZfqHKg5wpNO","privKey":"QAl5yqGYJY1OdRZFvncxMaYONeAj6sAEWqtdj5TwLUc="},"lastRemoteEphemeralKey":"BS1cOqWpDlgWXD6rXh75E7YTHPQeEk5s6QMGFMCDILZM","previousCounter":1,"rootKey":"uRHBUdMrY43KncX43+bes1JZCt/0o0gGyWxKEn066lU="},"indexInfo":{"baseKey":"BSKXn2qUCqSmdEI56mn6HZ0pkUv8DIR0IS9KhHnx0NFT","baseKeyType":1,"closed":-1,"used":1687258540672,"created":1687233759854,"remoteIdentityKey":"BQ2K2tVLHPocuVY4reWuG2uXx2MrVy97jrr5L21KUtg5"},"_chains":{"BS1cOqWpDlgWXD6rXh75E7YTHPQeEk5s6QMGFMCDILZM":{"chainKey":{"counter":1,"key":"PRIrgP2AL3c+QlCkw1bobrHRhJPwlELqA6p+gCncnhE="},"chainType":2,"messageKeys":{}},"BSjoNhCRF9hhrOyAAIjBqMv1w9aS4VVROZfqHKg5wpNO":{"chainKey":{"counter":1,"key":"nAKnsd/QJsJGwJxh0VsbN5ZygMqdfccljiq198z+xew="},"chainType":1,"messageKeys":{}}}}},"version":"v1"}