{"_sessions":{"BfE7IsiOETLQEPDHLjd67jv9uMT0Iq4Ai/agr6GqLC5Y":{"registrationId":453023662,"currentRatchet":{"ephemeralKeyPair":{"pubKey":"BWceqW6StAmHFhDnAX6FkFS4t5bw/mJWBPqxsVZU3zUR","privKey":"IF6mncilop7fKR/m5d0dUDLyT5arA2W8m87mnhX38kY="},"lastRemoteEphemeralKey":"BXnhHm6rpLIflP1b6QIoCxFzLzziXFEd33to+lmrBXBM","previousCounter":0,"rootKey":"LaYowKMdpfafWxyS/zIAk2qYj+44F40c2P3wrRTdGtw="},"indexInfo":{"baseKey":"BfE7IsiOETLQEPDHLjd67jv9uMT0Iq4Ai/agr6GqLC5Y","baseKeyType":1,"closed":-1,"used":1687233758946,"created":1687233758946,"remoteIdentityKey":"BfC0YAGFcdrvbYYj9jFVgVVVYazdF+G3E1rVlKX4a3oA"},"_chains":{"BWceqW6StAmHFhDnAX6FkFS4t5bw/mJWBPqxsVZU3zUR":{"chainKey":{"counter":3,"key":"JLS7EEJ+Ws7o0sE7mh5dZDSiQ4/FLagI6DRLs5tTyo8="},"chainType":1,"messageKeys":{}}},"pendingPreKey":{"signedKeyId":0,"baseKey":"BfE7IsiOETLQEPDHLjd67jv9uMT0Iq4Ai/agr6GqLC5Y","preKeyId":4298082}}},"version":"v1"}