{"_sessions":{"Be0Na9QpdzQjJb1uIowzed69IK5gYhdEF798MnIf+McQ":{"registrationId":544283478,"currentRatchet":{"ephemeralKeyPair":{"pubKey":"BdCXJeGgHkJOKwqxDs2erEDNP2qXh0wbEmS4liLhG/BJ","privKey":"OAbMefBd7j0BeLuUJCNjOK/1MKXp5xPEGvQrYDWQ2WA="},"lastRemoteEphemeralKey":"BU2Nq66Hbmdlq9uUZbsrQqag7FD/R2V+36q/ormasj14","previousCounter":0,"rootKey":"ZQJ2tQiobgBrn9eJBbr+dxR3oQUPVYmsQOEsZnsoasQ="},"indexInfo":{"baseKey":"Be0Na9QpdzQjJb1uIowzed69IK5gYhdEF798MnIf+McQ","baseKeyType":2,"closed":-1,"used":1687257297257,"created":1687257297257,"remoteIdentityKey":"BQMjQq1kWqVe2QrW51m0pBWap4Kgh6b35+Z7n5nNJrN4"},"_chains":{"BU2Nq66Hbmdlq9uUZbsrQqag7FD/R2V+36q/ormasj14":{"chainKey":{"counter":0,"key":"5YPW8p3ABOUqwPmAjF2wt0kYRmwp7J+HmgoQz2x/dig="},"chainType":2,"messageKeys":{}},"BdCXJeGgHkJOKwqxDs2erEDNP2qXh0wbEmS4liLhG/BJ":{"chainKey":{"counter":-1,"key":"OyaKhBuGkjEDq9bpZZ6ppJB/lj0V8+uEmO+zrjemafs="},"chainType":1,"messageKeys":{}}}}},"version":"v1"}