{"_sessions":{"BZZ05i4L77n5jjEWtrMO5rQjkqsGb4PGyq1HE8FH69wj":{"registrationId":1046648908,"currentRatchet":{"ephemeralKeyPair":{"pubKey":"BWDYTPtsTzJDOpoLWRanGlIERiJCkNGEXweTU01wlMM+","privKey":"yLftZTpUMOrl5wVRjvPzhS15oBJ7nOIKn89wjYYgbXA="},"lastRemoteEphemeralKey":"BdXZWLPHiS+DtkLae8q5GAzM80fG/Ng34uTtwPhkFzE6","previousCounter":0,"rootKey":"fxE0Xxx55GjwByl4b2FJSTfup66ax6TJtTZRsEHJOBQ="},"indexInfo":{"baseKey":"BZZ05i4L77n5jjEWtrMO5rQjkqsGb4PGyq1HE8FH69wj","baseKeyType":2,"closed":-1,"used":1687230082162,"created":1687230082162,"remoteIdentityKey":"BSUk1kQy/5XE2yeU6pdJAXscmPbh2jC0iRPNEqDv0EUW"},"_chains":{"BdXZWLPHiS+DtkLae8q5GAzM80fG/Ng34uTtwPhkFzE6":{"chainKey":{"counter":1,"key":"K5/zjflcoi5b0GWYpsfjxy94l2OrRHbDGIJQboe4KeY="},"chainType":2,"messageKeys":{"0":"n6aD9LBakeC3uJx5MHWObQHaCsZ+JTjEAmV31eI93Jw="}},"BWDYTPtsTzJDOpoLWRanGlIERiJCkNGEXweTU01wlMM+":{"chainKey":{"counter":0,"key":"MWjxDgVdIHpPoYuTi6s/TdgLRLKpESAgl0agU653GXk="},"chainType":1,"messageKeys":{}}}}},"version":"v1"}