{"_sessions":{"BVxntNkqvLPIXGuDhn3lKzJBl/5y0du7Zk6fYnVjzOYo":{"registrationId":1813116279,"currentRatchet":{"ephemeralKeyPair":{"pubKey":"BfXXvYazzdhCctCynt9G6w/RKIbOJ6+Pf1xVDVCRGr4H","privKey":"cGlcBIujamVtgVN3Yyu5uU/olFgKNX1EfrqXgyfILFE="},"lastRemoteEphemeralKey":"BVSfZrdxz2QCt7QQcsgCj7YjCeVhEaBKLj1i/xxbv4ol","previousCounter":0,"rootKey":"50iJYxpWQMhCfPSZyyD/UGursaZjQIDwXhnATpRUIjU="},"indexInfo":{"baseKey":"BVxntNkqvLPIXGuDhn3lKzJBl/5y0du7Zk6fYnVjzOYo","baseKeyType":1,"closed":-1,"used":1687192853261,"created":1687192853261,"remoteIdentityKey":"BTll9XvOL9S86//mmgdHQqgHN+z60Yggfc9/VAS7FjtX"},"_chains":{"BfXXvYazzdhCctCynt9G6w/RKIbOJ6+Pf1xVDVCRGr4H":{"chainKey":{"counter":0,"key":"mXODdnrqUXcWmaY7gbTi5F7mfbhe/DZYGMdJQENHso0="},"chainType":1,"messageKeys":{}}},"pendingPreKey":{"signedKeyId":4,"baseKey":"BVxntNkqvLPIXGuDhn3lKzJBl/5y0du7Zk6fYnVjzOYo","preKeyId":10810507}}},"version":"v1"}