{"_sessions":{"BVRkxbGR30JaGzDpyOrAZjhX/19Q21AiekcQ+3QlKi8g":{"registrationId":798982867,"currentRatchet":{"ephemeralKeyPair":{"pubKey":"BVWZ9Ba3SlzLC9ap31gLGpCvjGd5cUk3GQsov9dYTd9c","privKey":"sNiVXvcScwqbCYBauvgbulva0emHUt360GCiooGUN14="},"lastRemoteEphemeralKey":"Bdf6Cl/XQ0jSMAwfbr9Q4Cxl7Io98vNKR8aLMuro02IW","previousCounter":0,"rootKey":"eAXdKjiFQjtnNn6gIegLda/SKru15g5RaLprAjvbQSM="},"indexInfo":{"baseKey":"BVRkxbGR30JaGzDpyOrAZjhX/19Q21AiekcQ+3QlKi8g","baseKeyType":1,"closed":-1,"used":1687274959807,"created":1687274959807,"remoteIdentityKey":"BZPYfLeCQrrHML9UEFt1zvxz+vmE/sNoyXHVZV3R/AAh"},"_chains":{"BVWZ9Ba3SlzLC9ap31gLGpCvjGd5cUk3GQsov9dYTd9c":{"chainKey":{"counter":0,"key":"JYVpFRv/LamhMfsuz4DkHeqbGxxtp9vZySn7tIzT+AU="},"chainType":1,"messageKeys":{}}},"pendingPreKey":{"signedKeyId":1,"baseKey":"BVRkxbGR30JaGzDpyOrAZjhX/19Q21AiekcQ+3QlKi8g","preKeyId":6248213}}},"version":"v1"}