{"_sessions":{"BWw3Z8hcM5wOosHFB3BUXyu1BTwFDgv9zM3hDqKGx8Ut":{"registrationId":1303872151,"currentRatchet":{"ephemeralKeyPair":{"pubKey":"BcYXrtzISvVMj5aeN6lQ6s9AY9qzHr2ybKhgzYBuo3F9","privKey":"sB8Cj65wBK483mHTHf6F9bE8W8rNt/fsKLIIiT80emo="},"lastRemoteEphemeralKey":"BYdRsNS8yYBjUIP0HrtsR7qmhLq/BPUElm6pFSR+Mbk9","previousCounter":0,"rootKey":"ZZQyM6tNcdSEqscS9LoW2cTUVn8GNhKg68hKwMkVeoU="},"indexInfo":{"baseKey":"BWw3Z8hcM5wOosHFB3BUXyu1BTwFDgv9zM3hDqKGx8Ut","baseKeyType":2,"closed":-1,"used":1687257052783,"created":1687257052783,"remoteIdentityKey":"BbYx4RWnLpIi2N1iXrj88SYf+LFMV67QsuoxDpQatl9Z"},"_chains":{"BYdRsNS8yYBjUIP0HrtsR7qmhLq/BPUElm6pFSR+Mbk9":{"chainKey":{"counter":0,"key":"BZkZGrMRzsEWJMs/UXlT72kduxmb/VP6ZdJnGYGtdac="},"chainType":2,"messageKeys":{}},"BcYXrtzISvVMj5aeN6lQ6s9AY9qzHr2ybKhgzYBuo3F9":{"chainKey":{"counter":-1,"key":"ScV4zYWZdEWvVW3OjmFl06RfXpV+hDMMxW6+gJujiXU="},"chainType":1,"messageKeys":{}}}}},"version":"v1"}