{"_sessions":{"BapgSQt9dEbRaFXPYNTy4+s1w/nhAwYic7MpEiiKzdBJ":{"registrationId":1329164840,"currentRatchet":{"ephemeralKeyPair":{"pubKey":"BfVIs1g/Bkz/kObGx22CTVHvL6EsZ4FuRlSxkp3krRZ6","privKey":"IPl4YjeKoY6+yXnFDKbD1vNF3ICvPeUUkJGyI1oTvU4="},"lastRemoteEphemeralKey":"BZ1/arx67x2C0hm0w1Iz/YNA+tr5RgJG7+nP8neONi55","previousCounter":0,"rootKey":"sCCm7qsqzC4qURT4j7jwEodz9QHfDVmLFjfvHjK9C+Y="},"indexInfo":{"baseKey":"BapgSQt9dEbRaFXPYNTy4+s1w/nhAwYic7MpEiiKzdBJ","baseKeyType":1,"closed":1687237672292,"used":1687233759607,"created":1687233759607,"remoteIdentityKey":"Ba/uo22j2obdx7jo4U4jFvxW5h4FbwxHD0KlrrMnZ7gj"},"_chains":{"BfVIs1g/Bkz/kObGx22CTVHvL6EsZ4FuRlSxkp3krRZ6":{"chainKey":{"counter":0,"key":"oajRLNGYoP6H99LPUzlioDVEHfL92NN6QP1TeFsQLa8="},"chainType":1,"messageKeys":{}}},"pendingPreKey":{"signedKeyId":13,"baseKey":"BapgSQt9dEbRaFXPYNTy4+s1w/nhAwYic7MpEiiKzdBJ","preKeyId":4677383}},"BVH2acigCkFzJlhuHYn2cVKxOaeVe+QPiNIvC6urkpB/":{"registrationId":1139001753,"currentRatchet":{"ephemeralKeyPair":{"pubKey":"BQVFmiUNlZoreLJheZBE7735a9upyun9XRmVB661ct8N","privKey":"KFUafoAvPu0YBbcGwIAXyjSzPFbKICxs6eItMaPRe2E="},"lastRemoteEphemeralKey":"BQ3Gc7dN/a2t2Qgdojt3+eqTtHBQ1LUT1KvmGBeaMEUq","previousCounter":0,"rootKey":"1d+YFxsMqWyJNBKrpZJvnnT+gRIwt+CCRa6EqKpkowE="},"indexInfo":{"baseKey":"BVH2acigCkFzJlhuHYn2cVKxOaeVe+QPiNIvC6urkpB/","baseKeyType":1,"closed":1687237672474,"used":1687237672277,"created":1687237672277,"remoteIdentityKey":"BU9oysyTyCB/5naGVvGwgiuIqjPU1HXkgtxDYko3a+A4"},"_chains":{"BQVFmiUNlZoreLJheZBE7735a9upyun9XRmVB661ct8N":{"chainKey":{"counter":-1,"key":"v8N+cKSQPH7uyjdqXJNUb+gwEnyLBGajT3doCJOUhBQ="},"chainType":1,"messageKeys":{}}},"pendingPreKey":{"signedKeyId":0,"baseKey":"BVH2acigCkFzJlhuHYn2cVKxOaeVe+QPiNIvC6urkpB/","preKeyId":13202295}},"BRHadP3UPI3HzlSP79gfwaHH2ReDlhmWWq1NhnE7zhYg":{"registrationId":1139001753,"currentRatchet":{"ephemeralKeyPair":{"pubKey":"BTLemGT3HRpuLWuruSMekQnKP7J/sdZU/q3Zjg48Dd4g","privKey":"UMwafcyox79kLyV7tIgfbAiWYK/lZzKlCz9GvhaslWc="},"lastRemoteEphemeralKey":"BQ3Gc7dN/a2t2Qgdojt3+eqTtHBQ1LUT1KvmGBeaMEUq","previousCounter":0,"rootKey":"pxsYLlqnZ4ScSNLPnMcyrrp508GLllYU1I8tgnQayhA="},"indexInfo":{"baseKey":"BRHadP3UPI3HzlSP79gfwaHH2ReDlhmWWq1NhnE7zhYg","baseKeyType":1,"closed":-1,"used":1687237672463,"created":1687237672463,"remoteIdentityKey":"BU9oysyTyCB/5naGVvGwgiuIqjPU1HXkgtxDYko3a+A4"},"_chains":{"BTLemGT3HRpuLWuruSMekQnKP7J/sdZU/q3Zjg48Dd4g":{"chainKey":{"counter":-1,"key":"BUhOyzZXbHj5lAJy9vBqRyUQEfrpkeyw+M72ANkf6bw="},"chainType":1,"messageKeys":{}}},"pendingPreKey":{"signedKeyId":0,"baseKey":"BRHadP3UPI3HzlSP79gfwaHH2ReDlhmWWq1NhnE7zhYg","preKeyId":13202261}}},"version":"v1"}