{"_sessions":{"Be5pVklUDja5r2lQk+JgkQE40COb2YxXWxN4CF4BamUj":{"registrationId":485225984,"currentRatchet":{"ephemeralKeyPair":{"pubKey":"Be/5ONdlacNFmHUupN2MUbKlHBdDyrssMl4VHFERqk9q","privKey":"oFy36x6o8k7Mgswf94oVH+/eZWyaJ1Sn6KFmi14Ntk0="},"lastRemoteEphemeralKey":"BVvIt9TBPqxcsD/GCHG00DTlg94u8t3JW0pRc04r6fBD","previousCounter":0,"rootKey":"xPit9ThKq7Ew7yAFS+V7GyvLfzV+zSIcxtAEFDce5b0="},"indexInfo":{"baseKey":"Be5pVklUDja5r2lQk+JgkQE40COb2YxXWxN4CF4BamUj","baseKeyType":1,"closed":-1,"used":1687192081749,"created":1687192081749,"remoteIdentityKey":"BdOQGk/JCRdN5QCLJnT2B/d5h2VvPKBcFCXLVBIowbsw"},"_chains":{"Be/5ONdlacNFmHUupN2MUbKlHBdDyrssMl4VHFERqk9q":{"chainKey":{"counter":1,"key":"s8cNRz3BNzKfOBdnFszw7ZwUfb3dZJUmJHjNof49qvM="},"chainType":1,"messageKeys":{}}},"pendingPreKey":{"signedKeyId":0,"baseKey":"Be5pVklUDja5r2lQk+JgkQE40COb2YxXWxN4CF4BamUj","preKeyId":8848247}}},"version":"v1"}