{"_sessions":{"BT0oQAxGlObrgTwynLnOzGWjF/NhsxxwrxBEuWB7XTQs":{"registrationId":289989724,"currentRatchet":{"ephemeralKeyPair":{"pubKey":"Bcsj6cfHLB0W5WCQcURE5Z3+NlU0/SFHfSW5iCQZppoU","privKey":"6A2giZalCSQRGCWEwAnrcxXWCgw5RKA99V/pHvUd0Vs="},"lastRemoteEphemeralKey":"BRlA1fSKtsrJu75lo1v4v1kMWdk8HRupg06YqS/o1ZNq","previousCounter":0,"rootKey":"/n4GxjsGXvWvZCdg6ZXilwwldyFvFUfxYRFdmFhaM94="},"indexInfo":{"baseKey":"BT0oQAxGlObrgTwynLnOzGWjF/NhsxxwrxBEuWB7XTQs","baseKeyType":1,"closed":-1,"used":1687233759639,"created":1687233759639,"remoteIdentityKey":"BXcWZdx+isCPxezLwbryY3uZMuHegJdEJoRSDOflCMZG"},"_chains":{"Bcsj6cfHLB0W5WCQcURE5Z3+NlU0/SFHfSW5iCQZppoU":{"chainKey":{"counter":3,"key":"QHrq8Y4eD+oTjYjPVzArgPkoauZDID0mFR8koPjCBtE="},"chainType":1,"messageKeys":{}}},"pendingPreKey":{"signedKeyId":6,"baseKey":"BT0oQAxGlObrgTwynLnOzGWjF/NhsxxwrxBEuWB7XTQs"}}},"version":"v1"}