{"_sessions":{"BdyxUEiIsO8e3XQ0uZnwtMJJWo9X0l55nPwYY9Wy8oJP":{"registrationId":1359877987,"currentRatchet":{"ephemeralKeyPair":{"pubKey":"BeCNyZ8hYXNWvh6Rhq642V+2B8T5rIMOZuyqobJl0nEM","privKey":"KC20JTAraCcaDH3wBlxv4EI+pC3lL160n0KOGL3ekVk="},"lastRemoteEphemeralKey":"BTiQcu2cVqecv+pVoPbGPMP5YTFhRBYoialGRFcdK08v","previousCounter":0,"rootKey":"0HTKaf+IB2BLjLQkekbTrw2PhAsfiOhceNSueaG2m9U="},"indexInfo":{"baseKey":"BdyxUEiIsO8e3XQ0uZnwtMJJWo9X0l55nPwYY9Wy8oJP","baseKeyType":1,"closed":-1,"used":1687192777099,"created":1687192777099,"remoteIdentityKey":"BfT5m3kwoFbW1zFI9nD6PUPtlsObFyn/EF7BHvFRxVtQ"},"_chains":{"BeCNyZ8hYXNWvh6Rhq642V+2B8T5rIMOZuyqobJl0nEM":{"chainKey":{"counter":1,"key":"taGj2IC62nNin8A9JTpv6owaEMLs99bowZ9zLd+Gn6M="},"chainType":1,"messageKeys":{}}},"pendingPreKey":{"signedKeyId":10,"baseKey":"BdyxUEiIsO8e3XQ0uZnwtMJJWo9X0l55nPwYY9Wy8oJP","preKeyId":7922501}}},"version":"v1"}