{"_sessions":{"BWtujQH+/JM6v5CXet3CIXsSgfdV21gG/HfgA8OFV/Zd":{"registrationId":14390,"currentRatchet":{"ephemeralKeyPair":{"pubKey":"BQJDszFsbc89KOOcxb+mInTbBXfebEQdwZLbFv0m0IJH","privKey":"aPXVHSxLxUV+SlpUPr+rZ9k8QlLqSO38qiOcC7xrsV8="},"lastRemoteEphemeralKey":"BY7BUg9Kt21bEDV/ciZqLjtLZX2P3UvjX+BLge37Z6QV","previousCounter":0,"rootKey":"ekf6BLv7EXrRPyMGp1B7OjKEzZ0dplgqov2QwJVnXoA="},"indexInfo":{"baseKey":"BWtujQH+/JM6v5CXet3CIXsSgfdV21gG/HfgA8OFV/Zd","baseKeyType":1,"closed":-1,"used":1687192081763,"created":1687192081763,"remoteIdentityKey":"BYKgM/0ZzcDaLtN/SySG1fIebHbNc4Q478H8Ebc+FfIi"},"_chains":{"BQJDszFsbc89KOOcxb+mInTbBXfebEQdwZLbFv0m0IJH":{"chainKey":{"counter":1,"key":"Cxrsbr/KZGkNUGWz8zzE+HBRcQt7hMnraa8ccZiw8ik="},"chainType":1,"messageKeys":{}}},"pendingPreKey":{"signedKeyId":1,"baseKey":"BWtujQH+/JM6v5CXet3CIXsSgfdV21gG/HfgA8OFV/Zd","preKeyId":311}}},"version":"v1"}