{"_sessions":{"BQ0AfECHJHL4vKZlhnNWB3mUFH+B01tBRJdHfciwYkA5":{"registrationId":1389192777,"currentRatchet":{"ephemeralKeyPair":{"pubKey":"BTfI8CbS3NkhduvyitCvo7fQ/hDGZKlpmxgBoq0dMTkJ","privKey":"CPtwOwHsONHyEbSbZHOehFo7f2QSvA9kxBPMyjSt80w="},"lastRemoteEphemeralKey":"BWj5i2DEXD0UDLBxXXlgdevUlcSsIu60puXQG0bkGTBE","previousCounter":0,"rootKey":"j7MQNKtb8qazutB0HNtWsmMAf3Is6Bt6c71lteLKyG0="},"indexInfo":{"baseKey":"BQ0AfECHJHL4vKZlhnNWB3mUFH+B01tBRJdHfciwYkA5","baseKeyType":1,"closed":-1,"used":1687233759519,"created":1687233759519,"remoteIdentityKey":"BQTBsGlA/iUjsLQ/MAtl5xrYnF3PG/aaFC2Y2Fqoo2F9"},"_chains":{"BTfI8CbS3NkhduvyitCvo7fQ/hDGZKlpmxgBoq0dMTkJ":{"chainKey":{"counter":3,"key":"xBX7UNAdIb9SO91ifV/2QyHseSSjV2UUvG8AOgajujk="},"chainType":1,"messageKeys":{}}},"pendingPreKey":{"signedKeyId":10,"baseKey":"BQ0AfECHJHL4vKZlhnNWB3mUFH+B01tBRJdHfciwYkA5","preKeyId":11775304}}},"version":"v1"}