{"_sessions":{"BUU6eTX2VC4TewsAko1ggyNLyrME9Drv0KTjUUpyE3YS":{"registrationId":1188,"currentRatchet":{"ephemeralKeyPair":{"pubKey":"Bd55s9xlEA3AFCjBUjjhNgoJg64dq1BZAbzjXQoM2nBr","privKey":"4KIisrWfsC+XxN3Jkw3ouqGfAWSNtVYX3BAwwh4Y72Y="},"lastRemoteEphemeralKey":"BeA5WEQGrV2OVmEJuq1INXe9HoGYhSrJyK+Rubbr5boc","previousCounter":0,"rootKey":"kQXkY87RpC7i3Zxf8snL3gx9l50QxsgHZ4ljtfvdsQA="},"indexInfo":{"baseKey":"BUU6eTX2VC4TewsAko1ggyNLyrME9Drv0KTjUUpyE3YS","baseKeyType":2,"closed":-1,"used":1687270073594,"created":1687269751485,"remoteIdentityKey":"BcUFQbl18pQI3SF5rzg8JlAi2/t2KJFDBCVXkhTTFeV9"},"_chains":{"BT651ZMZjEKpdSY7AMGl+Wl7oWXVFy4NViQKZVil2qVy":{"chainKey":{"counter":0},"chainType":2,"messageKeys":{}},"BeA5WEQGrV2OVmEJuq1INXe9HoGYhSrJyK+Rubbr5boc":{"chainKey":{"counter":1,"key":"adsPl3HHraKhNU85u06Q7MDproqiHJnB/dDuXWVppps="},"chainType":2,"messageKeys":{}},"Bd55s9xlEA3AFCjBUjjhNgoJg64dq1BZAbzjXQoM2nBr":{"chainKey":{"counter":0,"key":"KHB4XliMCETZKeT9y4w4aZdkrAxwRQsra0esU/NpFt4="},"chainType":1,"messageKeys":{}}}}},"version":"v1"}