{"_sessions":{"BerANrZRL4/J5lDqSSUMHYhb63DG9Thj6m6HLstSFO16":{"registrationId":562286275,"currentRatchet":{"ephemeralKeyPair":{"pubKey":"BYFru236DQgEgvTo1o/3hQMi1Hv+KSiRiLjebYynxXgv","privKey":"yDWtYSF4BFyYdONWdqull903Km6mi7rjMdoPE+4DDls="},"lastRemoteEphemeralKey":"BQlJZLEmG+AKc7Of3bOkZTYF+o56TThopOBXWI9IDQoC","previousCounter":0,"rootKey":"7VsEPAcDHUvZ2xuvkP9FY9ysjMp1evbu6SMIbexRFls="},"indexInfo":{"baseKey":"BerANrZRL4/J5lDqSSUMHYhb63DG9Thj6m6HLstSFO16","baseKeyType":1,"closed":-1,"used":1687236572575,"created":1687236572575,"remoteIdentityKey":"BSlPbfBGdxFwo90GFn3SxpxW6jFldbvXVTn24SqbjAV2"},"_chains":{"BYFru236DQgEgvTo1o/3hQMi1Hv+KSiRiLjebYynxXgv":{"chainKey":{"counter":3,"key":"PXuXLRB6BgbvnjQo5kTZZNa+DnPupczV/YDwX/ZG0Kg="},"chainType":1,"messageKeys":{}}},"pendingPreKey":{"signedKeyId":7,"baseKey":"BerANrZRL4/J5lDqSSUMHYhb63DG9Thj6m6HLstSFO16","preKeyId":7150942}}},"version":"v1"}