{"_sessions":{"BZsPHtX+ajey3i9CGpo0nq8deMhuZeDvB2VdFbDJYc0w":{"registrationId":1859495886,"currentRatchet":{"ephemeralKeyPair":{"pubKey":"BWLaJTkEsSxwxQn+f+7XhatNvEQqHWlcvCNOq9JeO6cF","privKey":"8ItzTRt7wUSCl+qksxXJFuua/kFx5wshaTimAmXMu0g="},"lastRemoteEphemeralKey":"BYgr+e0rqyHqKia/YX2IVusVxfl3uP+yxPi/XyJAkaB8","previousCounter":0,"rootKey":"Bb4Bk3GBS0vg8vvjTPK/srxGiSWjLUa1+tl9/E+9VBU="},"indexInfo":{"baseKey":"BZsPHtX+ajey3i9CGpo0nq8deMhuZeDvB2VdFbDJYc0w","baseKeyType":1,"closed":-1,"used":1687233759504,"created":1687233759504,"remoteIdentityKey":"BSp4vgBXO233vOUl4aNSEuKW1q3i6w1zjCGVEOn6hspF"},"_chains":{"BWLaJTkEsSxwxQn+f+7XhatNvEQqHWlcvCNOq9JeO6cF":{"chainKey":{"counter":3,"key":"+dhseT46I52otlPx7Gi/EWb8nn3B8BFDErMlX8Q73rc="},"chainType":1,"messageKeys":{}}},"pendingPreKey":{"signedKeyId":45,"baseKey":"BZsPHtX+ajey3i9CGpo0nq8deMhuZeDvB2VdFbDJYc0w","preKeyId":9138858}}},"version":"v1"}