{"_sessions":{"BU1ArhYoZDfY0nf0ghWJCdssC4nroQ+otQ++p3qbD15Y":{"registrationId":9406,"currentRatchet":{"ephemeralKeyPair":{"pubKey":"BfbeW3sV3JdL0aq/gHX8LErd/yrsBtdFOwSpXib54L5s","privKey":"sNUHSolGTeNXrX8ZbbflyJh1IX7RMOJvToB0dGpie1M="},"lastRemoteEphemeralKey":"BWQVhYfjLtPmv9R5QfqnSzVHK6p9XMMYWvDPd4ehLm5A","previousCounter":0,"rootKey":"B7moCDi1sMBDTnEBvaaiTNgnlab8oS3QgGZf1K7w21I="},"indexInfo":{"baseKey":"BU1ArhYoZDfY0nf0ghWJCdssC4nroQ+otQ++p3qbD15Y","baseKeyType":1,"closed":-1,"used":1687192068270,"created":1687192068270,"remoteIdentityKey":"Bcjb19yJL9lensklHDhReWVIafAKpzWCzo2Ui7qu5nxl"},"_chains":{"BfbeW3sV3JdL0aq/gHX8LErd/yrsBtdFOwSpXib54L5s":{"chainKey":{"counter":17,"key":"aSFCGSZv4X1t684rLXp4MJXxTqK6pi6w1iPBnsG/qdE="},"chainType":1,"messageKeys":{}}},"pendingPreKey":{"signedKeyId":1,"baseKey":"BU1ArhYoZDfY0nf0ghWJCdssC4nroQ+otQ++p3qbD15Y","preKeyId":148}}},"version":"v1"}