{"_sessions":{"BSgtIQf0KEN7/z7skxfTQ7Vp/JDnXn6Pktc/7GHaALdL":{"registrationId":1144788173,"currentRatchet":{"ephemeralKeyPair":{"pubKey":"BfGIE8JCN/fyYZcJHCR5eGnpwmg5nSuJ4DzhN4hVsZMx","privKey":"YInUhiKQmLsBnitGe7GMGu99Y7ufIdmmNvwJwT6YA38="},"lastRemoteEphemeralKey":"BSgVgVzTpLviwFQZ8oY/GztMczo3YVreCskd1k6TNB8d","previousCounter":0,"rootKey":"MsjZKweIZvoBOMBHrEOthJGpHbOXzr4rE6hVVrylTH8="},"indexInfo":{"baseKey":"BSgtIQf0KEN7/z7skxfTQ7Vp/JDnXn6Pktc/7GHaALdL","baseKeyType":1,"closed":-1,"used":1687233759888,"created":1687233759888,"remoteIdentityKey":"BSCSGp8uQ4bxRWvJAVRwTLVMl5Up1DmqpdOIchZ4Tz9C"},"_chains":{"BfGIE8JCN/fyYZcJHCR5eGnpwmg5nSuJ4DzhN4hVsZMx":{"chainKey":{"counter":3,"key":"jFT9Sa1CYSDKY8P9AFzo3X4/XDhTEMZBgKtZuXJ1av8="},"chainType":1,"messageKeys":{}}},"pendingPreKey":{"signedKeyId":17,"baseKey":"BSgtIQf0KEN7/z7skxfTQ7Vp/JDnXn6Pktc/7GHaALdL","preKeyId":3916471}}},"version":"v1"}