{"_sessions":{"BdefbWhUBaLA8R0hEb8yVD0LMdMA8ajZFSomRGoru+8/":{"registrationId":371822271,"currentRatchet":{"ephemeralKeyPair":{"pubKey":"BbBiaQWNZ5LZRZX1OyoWqw4PLiIW0tYb+WlpDLn72ddD","privKey":"qCTUaaOzVqVLw3l3mpKPukOnTcbKJfr0sanN5hXOhVY="},"lastRemoteEphemeralKey":"BeVGl5z3/sBm/LKt1Isw9sNAlLLTR0gWyCl+xdCnouIN","previousCounter":2,"rootKey":"HZ7W8vJe41nLHSfEZamJ/uIPFxIRaKZ95MfSxxSU7vw="},"indexInfo":{"baseKey":"BdefbWhUBaLA8R0hEb8yVD0LMdMA8ajZFSomRGoru+8/","baseKeyType":1,"closed":1687247978060,"used":1687237690472,"created":1687192081916,"remoteIdentityKey":"BZJZDXobkWjbipxUV4nfIrYo0EzlLU7iYrEzmPOykvhF"},"_chains":{"BfvsMF0/Ur4pMLUvrgT491Vj3f9mxDGNeVRUH3OSfzUd":{"chainKey":{"counter":1},"chainType":2,"messageKeys":{}},"BZuGwmPWW6rwOFctFUSw+z6vQbYBqKnkG9QDxXxEj34B":{"chainKey":{"counter":2},"chainType":2,"messageKeys":{}},"Be8wj8tJBmlOlonZwMMF/OvkagP4C4XZpGPIafiqLbgG":{"chainKey":{"counter":0},"chainType":2,"messageKeys":{}},"BeVGl5z3/sBm/LKt1Isw9sNAlLLTR0gWyCl+xdCnouIN":{"chainKey":{"counter":0,"key":"GCU1NTeBBTVeIirrwbk+Rjk9nMX+VIKDUTQuzuq1h4M="},"chainType":2,"messageKeys":{}},"BbBiaQWNZ5LZRZX1OyoWqw4PLiIW0tYb+WlpDLn72ddD":{"chainKey":{"counter":0,"key":"zmS8prpWvmCH/2BkD4weTu9a05sz96QWZ9BIJ1Pnhk0="},"chainType":1,"messageKeys":{}}}},"BQbG7MVP2FyixU91om2q22LFTmsl3G/Z2Ny/Y7HDezQk":{"registrationId":371822271,"currentRatchet":{"ephemeralKeyPair":{"pubKey":"BVNfTlBSwCVQ3zLM+oiKvuhSZHUjoMDw+P4x/GhYqxte","privKey":"KFkEenqaxE8uDnMhlVJjfvcN8lZPs/vUtvV30VSuSnc="},"lastRemoteEphemeralKey":"BUTE3KA22jlPjS6f6Oil+rfQzGgPB4N/vwinavLVhCgX","previousCounter":0,"rootKey":"3wW4sMyBuoQFWJtZw0SM+W97j/ZAdDVC3rzfmtXHbUM="},"indexInfo":{"baseKey":"BQbG7MVP2FyixU91om2q22LFTmsl3G/Z2Ny/Y7HDezQk","baseKeyType":1,"closed":1687247992234,"used":1687247978056,"created":1687247978056,"remoteIdentityKey":"BZJZDXobkWjbipxUV4nfIrYo0EzlLU7iYrEzmPOykvhF"},"_chains":{"BVNfTlBSwCVQ3zLM+oiKvuhSZHUjoMDw+P4x/GhYqxte":{"chainKey":{"counter":1,"key":"Bce/Bh+gXHRqFE9/gZp7cJojJUpb/eXDdsSNiOGg6VM="},"chainType":1,"messageKeys":{}}},"pendingPreKey":{"signedKeyId":7,"baseKey":"BQbG7MVP2FyixU91om2q22LFTmsl3G/Z2Ny/Y7HDezQk","preKeyId":9092093}},"BS1K0hCZhXXa3X/gSgylLvEMasbToZnxy8cxYu9/V/Jz":{"registrationId":371822271,"currentRatchet":{"ephemeralKeyPair":{"pubKey":"Be+yTyu7g5IB8RFXL8Gzn+2LpAXnHrYLMVpZJN4cDz4A","privKey":"KAoLIpREpIwYLC0hx3TA+rzYFp7+42F1ifEMUcJDo2k="},"lastRemoteEphemeralKey":"BZkMnWZw4TxKmJDTpI5mSUB0WtWAcTdZ3zgghjYjQOUB","previousCounter":0,"rootKey":"mmTmhHU6iK3xVNAvFnALYA87KBqJOPGk9tHppSQols8="},"indexInfo":{"baseKey":"BS1K0hCZhXXa3X/gSgylLvEMasbToZnxy8cxYu9/V/Jz","baseKeyType":1,"closed":-1,"used":1687258980922,"created":1687247992209,"remoteIdentityKey":"BZJZDXobkWjbipxUV4nfIrYo0EzlLU7iYrEzmPOykvhF"},"_chains":{"BT6wi/k+2G/rEYCmAxGP3gqHBj/c/SQk+9nbJ3PIuSUP":{"chainKey":{"counter":3},"chainType":2,"messageKeys":{"2":"/VHSev/RxKftxIH5x8YrNmKcT9sah4SgLBUamj9XPDE="}},"BdKSim2D/00DWbUIhjUvHHYcKHinQ/+csDh03ZMwsDc1":{"chainKey":{"counter":0},"chainType":2,"messageKeys":{}},"BTljwH9WkFcHufU2Bsatcru+b9nzoVlU9H+OfJhVYYAl":{"chainKey":{"counter":0},"chainType":2,"messageKeys":{}},"BZkMnWZw4TxKmJDTpI5mSUB0WtWAcTdZ3zgghjYjQOUB":{"chainKey":{"counter":0,"key":"MEd1EKoX7S0mpIvQBA9QtWDjHLx5FQYIkhpNpzn02vM="},"chainType":2,"messageKeys":{}},"Be+yTyu7g5IB8RFXL8Gzn+2LpAXnHrYLMVpZJN4cDz4A":{"chainKey":{"counter":7,"key":"XWCHO/9k8asgZpV9+W7PNoqHtN6JReP101xtv0U4zi4="},"chainType":1,"messageKeys":{}}}}},"version":"v1"}