{"_sessions":{"Ba1wQg+MPYFJ5otRnZyJLaGs87O2SLVKXGwzOfpPgS59":{"registrationId":1542859371,"currentRatchet":{"ephemeralKeyPair":{"pubKey":"BQqd3lZVUHey3D4CtjJ8qcnMy9PoT8j+3kiLMILpV3U9","privKey":"mG7/0lU4BFfYlNKvu+3dzpQ0C00IlOxIDCQMpJsZdlY="},"lastRemoteEphemeralKey":"BZdfv+vS9LbU93CAIkQyvi0pzUmD8u9DtazVJJxm0vsQ","previousCounter":0,"rootKey":"xcEzzKzl4UbYqh70yVhpXnCLvmEFJbuLa+gn4160vkI="},"indexInfo":{"baseKey":"Ba1wQg+MPYFJ5otRnZyJLaGs87O2SLVKXGwzOfpPgS59","baseKeyType":1,"closed":-1,"used":1687259096322,"created":1687195777993,"remoteIdentityKey":"BV9fAKa9cN0zUj6D9CLwOX+IhX8NMVtw6CDCC0puLk5H"},"_chains":{"BZdfv+vS9LbU93CAIkQyvi0pzUmD8u9DtazVJJxm0vsQ":{"chainKey":{"counter":0,"key":"NdNkRQCfH1ZRE7OgKpeqO6Et5FcoI9Kni3i9p6TD95s="},"chainType":2,"messageKeys":{}},"BQqd3lZVUHey3D4CtjJ8qcnMy9PoT8j+3kiLMILpV3U9":{"chainKey":{"counter":-1,"key":"fd0RMI+MN4Z8+VlK4/83ETv2gqkyQvxXB+ckVij5PY8="},"chainType":1,"messageKeys":{}}}}},"version":"v1"}