{"_sessions":{"Be8c04L+gGlLCOuwFBtrENY5eYSH6x0Z7rfN//Vc8HVF":{"registrationId":1803105845,"currentRatchet":{"ephemeralKeyPair":{"pubKey":"BQh+9OEuXrJxkD8OfOUEDlR9fCS7e+kV0CcTM1TfLTMy","privKey":"yC5y5pcFnyPXz0SrvRdsoXskF3ILAq4uzfr1INnxOk8="},"lastRemoteEphemeralKey":"BRDdR4QE8YGntE9O5tztfaCKxomfVggpC27JEnkRkMpm","previousCounter":0,"rootKey":"KA9TgeMMiFzK+MSB/6729eQXu3WHPlqYBxqTLz7IV7Y="},"indexInfo":{"baseKey":"Be8c04L+gGlLCOuwFBtrENY5eYSH6x0Z7rfN//Vc8HVF","baseKeyType":1,"closed":-1,"used":1687219455953,"created":1687195778115,"remoteIdentityKey":"BQE/uy0L8UNcop7pRuJ47W+SutXjz7ge1C+75PgD2Gk4"},"_chains":{"BRDdR4QE8YGntE9O5tztfaCKxomfVggpC27JEnkRkMpm":{"chainKey":{"counter":0,"key":"WqCy2PW4dUZHrsSYvb5YtL0YrR86OYwrJ0udrZm7/Bo="},"chainType":2,"messageKeys":{}},"BQh+9OEuXrJxkD8OfOUEDlR9fCS7e+kV0CcTM1TfLTMy":{"chainKey":{"counter":-1,"key":"Y2o5YuZsgw43IX82JqeGl2f1nmS8lM4MENg2aLN22Vk="},"chainType":1,"messageKeys":{}}}}},"version":"v1"}