{"_sessions":{"BWHle3m8L4TdIyL2rGRk7P7aIjIiyEGqLQoRbSovebgi":{"registrationId":47790191,"currentRatchet":{"ephemeralKeyPair":{"pubKey":"BZn/WyLbKluZ0EIeHSDEjtyW5YpL5DJh6vu3cnV2aUIB","privKey":"QMcqSCzmpgnKUipukljkUl3Ze1VODU3poMjrgTHy0l0="},"lastRemoteEphemeralKey":"Bcq95FjQ2tDAKy9kGgbarGzKvYaxcCLpcnBsIZh2goVm","previousCounter":1,"rootKey":"6TQnmLJt2uvoxsiB5saS1pe0B+2HKimZu2PYmxbQtak="},"indexInfo":{"baseKey":"BWHle3m8L4TdIyL2rGRk7P7aIjIiyEGqLQoRbSovebgi","baseKeyType":1,"closed":-1,"used":1687259704503,"created":1687233759808,"remoteIdentityKey":"BbM5eWOYp2vTYj0Fp4JeKWp9UkR8LnovYrRexEZFll1Y"},"_chains":{"Bcq95FjQ2tDAKy9kGgbarGzKvYaxcCLpcnBsIZh2goVm":{"chainKey":{"counter":0,"key":"CMvmXBE6txVmEXw63fxnNpKX6t0j61PpRVn//Nhvqdo="},"chainType":2,"messageKeys":{}},"BZn/WyLbKluZ0EIeHSDEjtyW5YpL5DJh6vu3cnV2aUIB":{"chainKey":{"counter":2,"key":"+IpDjguZs5kuFBX8QoKk3KhSzw6iTK7xj9ZemvlAo4k="},"chainType":1,"messageKeys":{}}}}},"version":"v1"}