{"_sessions":{"BSZ+xIlH1mPX9muXuvMHvMue9NEOUEwM4nOUf3iHOgpY":{"registrationId":418931336,"currentRatchet":{"ephemeralKeyPair":{"pubKey":"BV0k2rZuQ66iHpi5QeqOza2iDX6Ccg25SfwFoSRMuQRI","privKey":"gE0vPduXIBj6n27vmsFYp9ltza6KIKHzhDZBnSLFkXw="},"lastRemoteEphemeralKey":"BTsH7oTn/8ArZhVgxXrgy1cKGmQM+jDzMuPKPsZsBOQz","previousCounter":0,"rootKey":"/npUUrUg4UnnkdotOfNB9+9Pa2XYtQQAaLPdLF/ZOXA="},"indexInfo":{"baseKey":"BSZ+xIlH1mPX9muXuvMHvMue9NEOUEwM4nOUf3iHOgpY","baseKeyType":1,"closed":-1,"used":1687192081848,"created":1687192081848,"remoteIdentityKey":"BbKctnjta5TYn+zeM2he22OVXEP/U4VeKZNK/e3dFIJo"},"_chains":{"BV0k2rZuQ66iHpi5QeqOza2iDX6Ccg25SfwFoSRMuQRI":{"chainKey":{"counter":1,"key":"J3PiFv35rjzwAhJAQFWuaRBuxekghtpaQqmjSk4582k="},"chainType":1,"messageKeys":{}}},"pendingPreKey":{"signedKeyId":0,"baseKey":"BSZ+xIlH1mPX9muXuvMHvMue9NEOUEwM4nOUf3iHOgpY","preKeyId":1070394}}},"version":"v1"}