{"_sessions":{"BUGgLzxwJJWuSDbwEFn+h5InSViuoUXjrUWCSoKD3x80":{"registrationId":753737297,"currentRatchet":{"ephemeralKeyPair":{"pubKey":"BWxxvjgN/NUCbAK/+SQktSZYu0F7bJr8WwCYbANfqcYn","privKey":"YP7s4/Q+hXnBkShCevEdzxuy7eWSPmPfON4MOQUNHXM="},"lastRemoteEphemeralKey":"BZecZlqp9MmcBvyAMjjdZbhjS/P7dfV1xIJrwwwWBskU","previousCounter":0,"rootKey":"brm+kmadFPJuY4tpKvI4l4ENP/lhSS2sTAlPe4/72wc="},"indexInfo":{"baseKey":"BUGgLzxwJJWuSDbwEFn+h5InSViuoUXjrUWCSoKD3x80","baseKeyType":1,"closed":-1,"used":1687192777074,"created":1687192777074,"remoteIdentityKey":"BSaiTMq5+TsylgZbP2qrzuPjdgrggDTyYqZ0KARAWjFo"},"_chains":{"BWxxvjgN/NUCbAK/+SQktSZYu0F7bJr8WwCYbANfqcYn":{"chainKey":{"counter":3,"key":"Qz9pqngdQbX3Q9ZIq5TNj88EY5dAG8fKdboFU7YpBKU="},"chainType":1,"messageKeys":{}}},"pendingPreKey":{"signedKeyId":2,"baseKey":"BUGgLzxwJJWuSDbwEFn+h5InSViuoUXjrUWCSoKD3x80","preKeyId":7123395}}},"version":"v1"}