{"_sessions":{"BbAiqYbjxpM7YxjOLFU/4CoLJm0/wb+R71Oi/gsOPoRg":{"registrationId":1865348005,"currentRatchet":{"ephemeralKeyPair":{"pubKey":"BWf418r2OmASOfDck1/w/DxrGYFwl3UN8BjdZiYF13dw","privKey":"UCVnLNy3dZeMatmhIYchkbBKQwrRr3+zWdycm2GvCmI="},"lastRemoteEphemeralKey":"BVO1iAN3akgozupSvtojGp6p6LfAWzRTfQRxfJCaRWpp","previousCounter":0,"rootKey":"Z05GvET29bseZge7D9mtmkntfOqUSBcn6HRRXVsnusM="},"indexInfo":{"baseKey":"BbAiqYbjxpM7YxjOLFU/4CoLJm0/wb+R71Oi/gsOPoRg","baseKeyType":1,"closed":-1,"used":1687274959844,"created":1687274959844,"remoteIdentityKey":"Bborm9rYdeO8zAvstfT26MpVNxV69ymfqJWa63CT7/FC"},"_chains":{"BWf418r2OmASOfDck1/w/DxrGYFwl3UN8BjdZiYF13dw":{"chainKey":{"counter":0,"key":"9Kp+qVXnB9v57+9CYN81j4W/4jK3JA6b7CKGbFTCRhs="},"chainType":1,"messageKeys":{}}},"pendingPreKey":{"signedKeyId":1,"baseKey":"BbAiqYbjxpM7YxjOLFU/4CoLJm0/wb+R71Oi/gsOPoRg","preKeyId":11486553}}},"version":"v1"}