{"_sessions":{"BTNGfEFIFXOT4f9IbZJPG1u8ABrPlhh/cy+nNNof90ck":{"registrationId":630461338,"currentRatchet":{"ephemeralKeyPair":{"pubKey":"BSNdaS+CFqrxEAZrq2X4TSGE0AoCMawUdls9Fv4IeFhG","privKey":"gFPyz4QNs65IoWkGg0jYRoHvclfWGh6tInQmD/PzfFI="},"lastRemoteEphemeralKey":"BUfl0i6jcE1vq2i1AhLR9AZ0aRFk+1qD1xYpueshY4YP","previousCounter":0,"rootKey":"80dZiqvNJW0onRuTSz34jGIzZ8rBWSGkdfYFuz5X+eg="},"indexInfo":{"baseKey":"BTNGfEFIFXOT4f9IbZJPG1u8ABrPlhh/cy+nNNof90ck","baseKeyType":1,"closed":-1,"used":1687233759460,"created":1687233759460,"remoteIdentityKey":"BcY6QSKzCgk25RlGM/VR5jPVja2gR3jiohUPkNBq00MA"},"_chains":{"BSNdaS+CFqrxEAZrq2X4TSGE0AoCMawUdls9Fv4IeFhG":{"chainKey":{"counter":3,"key":"gsxvGk049+79epxAuGAGe3/dng4T/PRoPRshF5qjRvA="},"chainType":1,"messageKeys":{}}},"pendingPreKey":{"signedKeyId":17,"baseKey":"BTNGfEFIFXOT4f9IbZJPG1u8ABrPlhh/cy+nNNof90ck","preKeyId":7989541}}},"version":"v1"}