{"_sessions":{"BYyTFNvBIs6jacKEH0kHIVPfsZcvYsdVJ9KdDRRKqi1S":{"registrationId":727451068,"currentRatchet":{"ephemeralKeyPair":{"pubKey":"Be0WXUT8Llzag0p2+1m1BF926cbqe7w5Q6YwUYKdy4IM","privKey":"eOQqkzLzF66C3wML+8anetomPOJpH2NlIPgR431XgFg="},"lastRemoteEphemeralKey":"BRAY2/UNd+bmGhRtfZmNhg2SxnzQUAMNmmp/kqOiiQtI","previousCounter":0,"rootKey":"LRFbArqZX1UfSHkUP8QwhUT0HQNmwD2mqJSLS0bWQVM="},"indexInfo":{"baseKey":"BYyTFNvBIs6jacKEH0kHIVPfsZcvYsdVJ9KdDRRKqi1S","baseKeyType":1,"closed":-1,"used":1687274959904,"created":1687274959904,"remoteIdentityKey":"Ba2qTd6zEZ/XrBE9bYFebnKbd4z3tprw878FsnKfOuVJ"},"_chains":{"Be0WXUT8Llzag0p2+1m1BF926cbqe7w5Q6YwUYKdy4IM":{"chainKey":{"counter":0,"key":"4ZNtbjNjwA4mHhhu1g1mdkfhJnejPoseC6jRvbZ+lUM="},"chainType":1,"messageKeys":{}}},"pendingPreKey":{"signedKeyId":1,"baseKey":"BYyTFNvBIs6jacKEH0kHIVPfsZcvYsdVJ9KdDRRKqi1S","preKeyId":12153147}}},"version":"v1"}