{"_sessions":{"Bdp5+8h4PGDxrTrUqYYMubbvySAfTB7XtXsLirkcLaxq":{"registrationId":1915256377,"currentRatchet":{"ephemeralKeyPair":{"pubKey":"BfORoMlIGSU+un5AxQyvId+aH2aY6emowrp86GWh7jop","privKey":"gFxoMQHZPYu5oFNT4VMdR7nbWbUNjhM6sEaWv6YuFHM="},"lastRemoteEphemeralKey":"Bb/nHGHk3b2a5NpS+mBcTl1Gs69qD7K+MgL2muYxjxVD","previousCounter":0,"rootKey":"/A8gyfK4zb5hxud11a7u/D2tUizibFz+8BNtVbPLQZA="},"indexInfo":{"baseKey":"Bdp5+8h4PGDxrTrUqYYMubbvySAfTB7XtXsLirkcLaxq","baseKeyType":1,"closed":-1,"used":1687192853304,"created":1687192853304,"remoteIdentityKey":"BRejQO1o02edzj0ErJvH3pX1ZMx/lsY5O00Tf6aHxLd0"},"_chains":{"BfORoMlIGSU+un5AxQyvId+aH2aY6emowrp86GWh7jop":{"chainKey":{"counter":0,"key":"nbr6nqisynTewB4tQ3Tw5By9CT2tWuuEeov3u0uwAYY="},"chainType":1,"messageKeys":{}}},"pendingPreKey":{"signedKeyId":32,"baseKey":"Bdp5+8h4PGDxrTrUqYYMubbvySAfTB7XtXsLirkcLaxq","preKeyId":12204425}}},"version":"v1"}