{"_sessions":{"BWoD1y++BXwx7YfKIFr+tPuNEzEQQatNKNKCw+eoEGIi":{"registrationId":1766544228,"currentRatchet":{"ephemeralKeyPair":{"pubKey":"Ba8zUFl3mZZl6zMa2Y7byya4jDQ6aQuH9+bXNCEM7FEp","privKey":"eP0zCf2kAflqepwHjaiBCDtGc3I+SjejPxPVVQwDilQ="},"lastRemoteEphemeralKey":"BVT/oikDgra7F34PgTsXwpdzqW23XfALctHGM8B4gghj","previousCounter":0,"rootKey":"xQt6NbT5VjlMOETxRIT/QOhrR4OxF2PjE1KVYZCJ21s="},"indexInfo":{"baseKey":"BWoD1y++BXwx7YfKIFr+tPuNEzEQQatNKNKCw+eoEGIi","baseKeyType":2,"closed":-1,"used":1687259208809,"created":1687259208809,"remoteIdentityKey":"BZQU6yH0cGlKaz4LsBCi3usUNii2LS+E5IkEWjmPNvYW"},"_chains":{"BVT/oikDgra7F34PgTsXwpdzqW23XfALctHGM8B4gghj":{"chainKey":{"counter":0,"key":"BFkuZ6g7kV0Q5Nohsfx0pGXLhIUXxDq2+8UFvySVwDY="},"chainType":2,"messageKeys":{}},"Ba8zUFl3mZZl6zMa2Y7byya4jDQ6aQuH9+bXNCEM7FEp":{"chainKey":{"counter":-1,"key":"LGs79HqTZAC6ofSAEXlKJcmN0Vyy4GddiQpMJjnyQog="},"chainType":1,"messageKeys":{}}}}},"version":"v1"}