{"_sessions":{"BZwszrhyGzwrjNrpiCiIdwBEN/iTj4kv2kQ6gt9TrYJD":{"registrationId":408867437,"currentRatchet":{"ephemeralKeyPair":{"pubKey":"BapoZx5MS3BvSUTXUMzarZFFgWhsm/61A4A66WZv6mMc","privKey":"SBB8PMwMiILc/WOABmS+8vUqYlEIUsY75a3VN0IhcFg="},"lastRemoteEphemeralKey":"BQ/qbriGqhjpEDkKWJgL/6oH67BR32AByAfhoY6ZXo02","previousCounter":0,"rootKey":"5S9tT7Y8J1QhsuTqgPXUil6bo0wfuaaDjcEvQEpQfcU="},"indexInfo":{"baseKey":"BZwszrhyGzwrjNrpiCiIdwBEN/iTj4kv2kQ6gt9TrYJD","baseKeyType":1,"closed":-1,"used":1687233759760,"created":1687233759760,"remoteIdentityKey":"BWJVFokKXxIKiGGJgEGlnMXhVjpoW4zexk2dBm1NMVEq"},"_chains":{"BapoZx5MS3BvSUTXUMzarZFFgWhsm/61A4A66WZv6mMc":{"chainKey":{"counter":3,"key":"6I+cRTveVLTW6aIt/QcY8/kad5Jz5cUbMwswToAEbzI="},"chainType":1,"messageKeys":{}}},"pendingPreKey":{"signedKeyId":1,"baseKey":"BZwszrhyGzwrjNrpiCiIdwBEN/iTj4kv2kQ6gt9TrYJD","preKeyId":6211491}}},"version":"v1"}