{"_sessions":{"BdNBTSTBDZmT9gUqjEdh/fBz5iEemAJaPWVdZRrVb951":{"registrationId":9884041,"currentRatchet":{"ephemeralKeyPair":{"pubKey":"BSwl7EA4nTgt7pITw7WSlHoO7XIFAmS5LUpALF3QpeZ/","privKey":"8OdVGbMX6eHAYSR0yv/jwfJnb4XBGTCkgi1pkezUAlc="},"lastRemoteEphemeralKey":"BdTA8WMaAz0+4zDw7v7g+eos7GQNZg0X/NB5oUxJK2xt","previousCounter":0,"rootKey":"OLHayZDuHeh7tpoqRKqn2AUcgBGhfJmA+iucf0gJbPA="},"indexInfo":{"baseKey":"BdNBTSTBDZmT9gUqjEdh/fBz5iEemAJaPWVdZRrVb951","baseKeyType":1,"closed":-1,"used":1687236572491,"created":1687236572491,"remoteIdentityKey":"BUODlwSckAJnuD1UOP/Zct+oQAvBzqovhDNOtE3WCdVC"},"_chains":{"BSwl7EA4nTgt7pITw7WSlHoO7XIFAmS5LUpALF3QpeZ/":{"chainKey":{"counter":3,"key":"nLkgsO33ILfRGygcH1mSZTJxnSGZhNVCXjhg1yEO9Uo="},"chainType":1,"messageKeys":{}}},"pendingPreKey":{"signedKeyId":9,"baseKey":"BdNBTSTBDZmT9gUqjEdh/fBz5iEemAJaPWVdZRrVb951","preKeyId":3886462}}},"version":"v1"}