{"_sessions":{"BWU85B50hPxwXtsvJ0dTKqkez4qCt5O0Iq17Z0sY58Uf":{"registrationId":41509281,"currentRatchet":{"ephemeralKeyPair":{"pubKey":"BTTwLWLB0DNg+zzPriUA6kvUa8yvPQVDceD6+Z4itfIS","privKey":"+G/ykv9CuW1oFOf+bSOCrnuF8hyOUjf3sZZCgy9TP1A="},"lastRemoteEphemeralKey":"BXGXjbVsA4v9rI7CWSYhngs8KoUpH2T69ZCJOQMNII0I","previousCounter":0,"rootKey":"cYB+0HbylrTzrIEN1lc5ZHcCdhXy0yMOey3I3nEcG44="},"indexInfo":{"baseKey":"BWU85B50hPxwXtsvJ0dTKqkez4qCt5O0Iq17Z0sY58Uf","baseKeyType":1,"closed":-1,"used":1687220287556,"created":1687195778093,"remoteIdentityKey":"BRNrQL2Lch1YfPkdcKi7JSI2Ic07mrZ/WpLqjciD7NEp"},"_chains":{"BXGXjbVsA4v9rI7CWSYhngs8KoUpH2T69ZCJOQMNII0I":{"chainKey":{"counter":0,"key":"GczGMSEGHcs7Knz9WGP7zucWJjkQki+Ymx7rYJXjAaw="},"chainType":2,"messageKeys":{}},"BTTwLWLB0DNg+zzPriUA6kvUa8yvPQVDceD6+Z4itfIS":{"chainKey":{"counter":-1,"key":"+wBkGy8Rn77P0AfdIZWfNgm5dDBLx1X8bSJWMJdpHH0="},"chainType":1,"messageKeys":{}}}}},"version":"v1"}