{"_sessions":{"BR7YT2nD3BHGO8fq8v/KU976TcfmsCQE/ambbXfsvMsD":{"registrationId":1603546380,"currentRatchet":{"ephemeralKeyPair":{"pubKey":"BT5sl5BTnMj0MIsHcyi8EkQa4d5Yruy8DfofhR3VaOxE","privKey":"eJSuXJZf55pl5ghYrFh4u9A12r2ikcKb5Nr4PuhKwUg="},"lastRemoteEphemeralKey":"BX+QRhHScFlQUE1y6GqO2E4u6ZMgKhronN9FBrlNIp5Q","previousCounter":0,"rootKey":"81ct3zl/X/7ksfXFvNkB044/Cf9gGGMwNHI9anqWS5s="},"indexInfo":{"baseKey":"BR7YT2nD3BHGO8fq8v/KU976TcfmsCQE/ambbXfsvMsD","baseKeyType":2,"closed":-1,"used":1687261362356,"created":1687261362356,"remoteIdentityKey":"BUfjZa79zl7K7mmjcFGUIVW115bZEmi4XrgtO/PZYtgG"},"_chains":{"BX+QRhHScFlQUE1y6GqO2E4u6ZMgKhronN9FBrlNIp5Q":{"chainKey":{"counter":0,"key":"C1NFWSdF6VbLSHrADkYTbgeDVZ+Kj0TQFN2ABYjxmK4="},"chainType":2,"messageKeys":{}},"BT5sl5BTnMj0MIsHcyi8EkQa4d5Yruy8DfofhR3VaOxE":{"chainKey":{"counter":0,"key":"FuJjiTNKY7Izxd5JqPcR9Jz8BBFecKRg6cpHc/NdRQI="},"chainType":1,"messageKeys":{}}}}},"version":"v1"}