{"_sessions":{"Bd8DJLApYdo/dC762Ar+DloW+j5QYXndGcW0xIMN1iJr":{"registrationId":5720,"currentRatchet":{"ephemeralKeyPair":{"pubKey":"BZK3+ZUeZyeWAucg87WqtITFDTGWK0ImnHEJRajosINO","privKey":"CBKN1FDu42TUb0R9/hJAzFZi/ilCauK+mAEH95f8PFU="},"lastRemoteEphemeralKey":"BT4GYEUfQFNZVVKMufP4axPFc1fXj+UQb8+fkkavJcFc","previousCounter":0,"rootKey":"oiKzEW2EvkYKZSRlXK//2bpnadaVgEV7VNjo4uJkYyc="},"indexInfo":{"baseKey":"Bd8DJLApYdo/dC762Ar+DloW+j5QYXndGcW0xIMN1iJr","baseKeyType":1,"closed":-1,"used":1687192081776,"created":1687192081776,"remoteIdentityKey":"BQWEonuxbGXHmmQkE+kL83Msx0ukatwfGxmIZS1InspS"},"_chains":{"BZK3+ZUeZyeWAucg87WqtITFDTGWK0ImnHEJRajosINO":{"chainKey":{"counter":1,"key":"vKuyjLVE5dngo3q2R1uW26xx6K9tJLLivzh7rp4o6i8="},"chainType":1,"messageKeys":{}}},"pendingPreKey":{"signedKeyId":1,"baseKey":"Bd8DJLApYdo/dC762Ar+DloW+j5QYXndGcW0xIMN1iJr","preKeyId":330}}},"version":"v1"}