{"_sessions":{"BYZIC9RlJyIB8ydiq8tND8tmjfm1wq2UjpEq4zWLK4Ja":{"registrationId":1843654591,"currentRatchet":{"ephemeralKeyPair":{"pubKey":"BYJ7zejVezZQ4CjJ2Z5g+19PEBd3KK9tdVS8QE5RL38n","privKey":"0CV6+M03ifVPeDA1Ys8N8hIXbQKjYC9LB8dovkZXmkw="},"lastRemoteEphemeralKey":"BQWwTRuj3NYnXt6pYutO/TlaHbrOykBBnkTQuEi7LKMQ","previousCounter":0,"rootKey":"Dq+9UXKjjLT82rln3vwtl206ESqQmk+U+LLS1ndVKLw="},"indexInfo":{"baseKey":"BYZIC9RlJyIB8ydiq8tND8tmjfm1wq2UjpEq4zWLK4Ja","baseKeyType":1,"closed":-1,"used":1687233759131,"created":1687233759131,"remoteIdentityKey":"BevsCnzGHdzCx2gnKnf3bU8sBUkdWiaEdYKkJ0luSRYr"},"_chains":{"BYJ7zejVezZQ4CjJ2Z5g+19PEBd3KK9tdVS8QE5RL38n":{"chainKey":{"counter":3,"key":"/woRq32Yo4y+eePrFUwCdSamBKcVMJeO+pMoq0iXtGE="},"chainType":1,"messageKeys":{}}},"pendingPreKey":{"signedKeyId":1,"baseKey":"BYZIC9RlJyIB8ydiq8tND8tmjfm1wq2UjpEq4zWLK4Ja","preKeyId":5036738}}},"version":"v1"}