{"_sessions":{"BbPyOxRu+e8WZutKjFF+yZ05hn6a3PKiDvDSf4YF4AwK":{"registrationId":5422,"currentRatchet":{"ephemeralKeyPair":{"pubKey":"BUULzZ4OZrt+ML50ZozEDwdZmVM3bH6p4Nnd4oIeHe5K","privKey":"qP6j4kngXl3JZ118VgUpdhefL0S7klKafM4REmLKKW0="},"lastRemoteEphemeralKey":"BVGwTH6rz73IlCmBqs9x4NqIApp3uDT1J/ytdkuiB14m","previousCounter":0,"rootKey":"9wUIeVlRu1ctpBe6rHPsIC7txyCYuF8vwfDXaaI/v/I="},"indexInfo":{"baseKey":"BbPyOxRu+e8WZutKjFF+yZ05hn6a3PKiDvDSf4YF4AwK","baseKeyType":1,"closed":-1,"used":1687274959766,"created":1687274959766,"remoteIdentityKey":"Be5z+T44YKE4NxleVyabYh+cxbO5LPOzm+fRAK38yuAZ"},"_chains":{"BUULzZ4OZrt+ML50ZozEDwdZmVM3bH6p4Nnd4oIeHe5K":{"chainKey":{"counter":0,"key":"lT8NYBaj9Rndm5nAcqHywv+ESdcoIZRdIPW70aV+gQw="},"chainType":1,"messageKeys":{}}},"pendingPreKey":{"signedKeyId":11,"baseKey":"BbPyOxRu+e8WZutKjFF+yZ05hn6a3PKiDvDSf4YF4AwK","preKeyId":289}}},"version":"v1"}