{"_sessions":{"Ba0DtOakz6lGTbH2iMYtopgNelZXW2ZGNmdC+Sl+5ZYn":{"registrationId":416344689,"currentRatchet":{"ephemeralKeyPair":{"pubKey":"BStYVSBQkqGOoRdxFG3bMU1khfCTLRxWqjMEDGEk+uYB","privKey":"qNC7PbnE7HJIouVASVb6THHfPXrIike8VRL6AbIffUI="},"lastRemoteEphemeralKey":"BWhfd25C2r4sZuUOYovsEyYIR/ghhiKC8Y3ZfwhwiYwT","previousCounter":0,"rootKey":"wZbStFn6yXWgb9eqj+x9tnpYPKoI1oQSKq1bEjbMdlA="},"indexInfo":{"baseKey":"Ba0DtOakz6lGTbH2iMYtopgNelZXW2ZGNmdC+Sl+5ZYn","baseKeyType":2,"closed":-1,"used":1687235785237,"created":1687235785237,"remoteIdentityKey":"BdCNgIDfaj60YMIgzumnZmqr4qZrqRhCT5q11qRp/hZy"},"_chains":{"BWhfd25C2r4sZuUOYovsEyYIR/ghhiKC8Y3ZfwhwiYwT":{"chainKey":{"counter":0,"key":"LsF0M1gm31E78Mi7SCu9yHpDuamCy0zGIf8O47LeHFE="},"chainType":2,"messageKeys":{}},"BStYVSBQkqGOoRdxFG3bMU1khfCTLRxWqjMEDGEk+uYB":{"chainKey":{"counter":0,"key":"A18QtjIcJfaun4gdWlA96v9g7y7upHuCbqupyareZxY="},"chainType":1,"messageKeys":{}}}}},"version":"v1"}