{"_sessions":{"BRQJqk5KCHIbSybRBggFCcGjX6hPSeOxv8c/FwKQ1Zdm":{"registrationId":2049287991,"currentRatchet":{"ephemeralKeyPair":{"pubKey":"BWo/gESrLRtiWLkg6i+wOADfCv5CS8HEjVfBmuoboYdG","privKey":"uG+9JBiiZW1pxJ4IxnrcsBzdwS1jDup3ORMrtnuy3Eo="},"lastRemoteEphemeralKey":"BSp/YakbDbgrF/U+mFtiP2Z4nKjw2kJpcwUqFu9cha1X","previousCounter":0,"rootKey":"5rDV1jxUEDwpVb12GYBtSOhMzqz4NKTkFsQDXW0C9gs="},"indexInfo":{"baseKey":"BRQJqk5KCHIbSybRBggFCcGjX6hPSeOxv8c/FwKQ1Zdm","baseKeyType":1,"closed":-1,"used":1687192081809,"created":1687192081809,"remoteIdentityKey":"BYpQv+WUXfhXnnpahpqaV5oWnNynIQYbz/1CXMqM1/4H"},"_chains":{"BWo/gESrLRtiWLkg6i+wOADfCv5CS8HEjVfBmuoboYdG":{"chainKey":{"counter":1,"key":"2mh5L/1Ql0hi6IngLYy+Lz2mjrFPI/Xw94hSbAM2PwY="},"chainType":1,"messageKeys":{}}},"pendingPreKey":{"signedKeyId":6,"baseKey":"BRQJqk5KCHIbSybRBggFCcGjX6hPSeOxv8c/FwKQ1Zdm","preKeyId":8946066}}},"version":"v1"}