{"_sessions":{"BTxHGb70ft6weWFcrxKvnwzkqo13UAFmh1rKwVA4iCJ7":{"registrationId":8547,"currentRatchet":{"ephemeralKeyPair":{"pubKey":"BQnnAgdOrWNvaltbPB+6vwIrhk7W4nlYbsYL4K9KUxdB","privKey":"uHz0KdQlUvEp594q+byKsdelgH9/IQDmA01QgafntHo="},"lastRemoteEphemeralKey":"BXEe/qSUm6mty2Zp6RL1kXkE6oemoopOjR2HBZMZLQZU","previousCounter":0,"rootKey":"1JoBXXlf+G025HjTPIc34KSjUU3ogsRTrYWTghA6VIA="},"indexInfo":{"baseKey":"BTxHGb70ft6weWFcrxKvnwzkqo13UAFmh1rKwVA4iCJ7","baseKeyType":1,"closed":-1,"used":1687192853271,"created":1687192853271,"remoteIdentityKey":"BU0q2wZQOCGLZHueNZmyEwAfS2LJtT93N2Sn4g6vfBUJ"},"_chains":{"BQnnAgdOrWNvaltbPB+6vwIrhk7W4nlYbsYL4K9KUxdB":{"chainKey":{"counter":0,"key":"CWdVhp1cYMak70doN0tYOwchYvOxzA7h2W+lSAfWals="},"chainType":1,"messageKeys":{}}},"pendingPreKey":{"signedKeyId":1,"baseKey":"BTxHGb70ft6weWFcrxKvnwzkqo13UAFmh1rKwVA4iCJ7","preKeyId":253}}},"version":"v1"}