{"_sessions":{"BR8rra1R9EXNfcvz0UN3zjzihI9ein28MA/yVNKRbwBf":{"registrationId":1123576828,"currentRatchet":{"ephemeralKeyPair":{"pubKey":"BTcJHBddSnOfBRlBuO2rmnKWsLUmj8n3j29EjZ1i38l5","privKey":"SLAq35xnC8Oc4Xiz/PW0kxysHrzwxS3MGTqmldzyb2k="},"lastRemoteEphemeralKey":"BfZpR8OXJDHa+5mPe92ZAt95YlibxQ4FDFgrHOz4DDcg","previousCounter":0,"rootKey":"YbQLFHGY2U3nrKqylIf1UFJ+eLaCfJI4QG574XGQQi0="},"indexInfo":{"baseKey":"BR8rra1R9EXNfcvz0UN3zjzihI9ein28MA/yVNKRbwBf","baseKeyType":1,"closed":-1,"used":1687233759838,"created":1687233759838,"remoteIdentityKey":"BU6bl2nredfyhKrDiRn9W+lGnNVXjNSh8eevqYPP/H02"},"_chains":{"BTcJHBddSnOfBRlBuO2rmnKWsLUmj8n3j29EjZ1i38l5":{"chainKey":{"counter":3,"key":"syqufCF4W8UpWy+JKDtveG+uD2m/5nnv0v1UtFjbOTM="},"chainType":1,"messageKeys":{}}},"pendingPreKey":{"signedKeyId":4,"baseKey":"BR8rra1R9EXNfcvz0UN3zjzihI9ein28MA/yVNKRbwBf","preKeyId":161803}}},"version":"v1"}