{"_sessions":{"BUkE7L/q3ZZAHKQKM/sk/BRMusENIgSqEab5djEpIIFe":{"registrationId":1472699537,"currentRatchet":{"ephemeralKeyPair":{"pubKey":"BVuJl7npnvE8mKC98xgveTCSRaQJgc6bl9gvu/F9kL0K","privKey":"2A5SB9sDX1UWBYVsG6CjIACVGE3sn0kenzUTlPqWUXI="},"lastRemoteEphemeralKey":"BZNBRYU6UIW6Nrk1eE152XP67a3UjhQJWH9W/mgePK5a","previousCounter":0,"rootKey":"IGam8SuLgybsZzCks1Sxs0p9PWmX1m+cBOmK707u/KQ="},"indexInfo":{"baseKey":"BUkE7L/q3ZZAHKQKM/sk/BRMusENIgSqEab5djEpIIFe","baseKeyType":1,"closed":1687247977695,"used":1687195777897,"created":1687195777897,"remoteIdentityKey":"BSTKJ38gEWjqYAznB2usa2DJpJlMAx0vuF8bfOyX9CcZ"},"_chains":{"BVuJl7npnvE8mKC98xgveTCSRaQJgc6bl9gvu/F9kL0K":{"chainKey":{"counter":1,"key":"tsipFrMFY48WcJPD5CqzC4cwnc12EiehUNcyULywZvs="},"chainType":1,"messageKeys":{}}},"pendingPreKey":{"signedKeyId":2,"baseKey":"BUkE7L/q3ZZAHKQKM/sk/BRMusENIgSqEab5djEpIIFe","preKeyId":13539842}},"BfBrRRn2IWk5bRsWK3LWcMZhHb7+l+w+Xmn9cygc6oh6":{"registrationId":1472699537,"currentRatchet":{"ephemeralKeyPair":{"pubKey":"BURGnOx8H8fdhHmglbo8CFhxmF5tHG1WdJX1yn+VTJNS","privKey":"yIVS6XFnLqZRJiiZ36RUx84nfQLCP1j8t0aKKwjc2Fg="},"lastRemoteEphemeralKey":"BZNBRYU6UIW6Nrk1eE152XP67a3UjhQJWH9W/mgePK5a","previousCounter":0,"rootKey":"0Cxllj0k4kC61IPpM77llsFwqYHv9U3tnzYVSihmTgE="},"indexInfo":{"baseKey":"BfBrRRn2IWk5bRsWK3LWcMZhHb7+l+w+Xmn9cygc6oh6","baseKeyType":1,"closed":1687247991307,"used":1687247977631,"created":1687247977631,"remoteIdentityKey":"BSTKJ38gEWjqYAznB2usa2DJpJlMAx0vuF8bfOyX9CcZ"},"_chains":{"BURGnOx8H8fdhHmglbo8CFhxmF5tHG1WdJX1yn+VTJNS":{"chainKey":{"counter":1,"key":"4bxhlKYs9YpBoZMt2q5j4WMLmFuPqrdE7ims3T4/C6g="},"chainType":1,"messageKeys":{}}},"pendingPreKey":{"signedKeyId":2,"baseKey":"BfBrRRn2IWk5bRsWK3LWcMZhHb7+l+w+Xmn9cygc6oh6","preKeyId":13539900}},"BQHFhD+0l4aRKC/QZgBqJbGzlyK+s7HBXJgAcgV6948S":{"registrationId":1472699537,"currentRatchet":{"ephemeralKeyPair":{"pubKey":"BR2RZ9pIZKbpmwusC+TJMPONakbn9syaiZcjK8iJSpwu","privKey":"2Dcn8GrPqJ/QW4EgQdwp0f1KTAXZxc3eStHmr89qE3o="},"lastRemoteEphemeralKey":"BZNBRYU6UIW6Nrk1eE152XP67a3UjhQJWH9W/mgePK5a","previousCounter":0,"rootKey":"/+CV9hwSdXjIGl9qhEoRfEYZm3qaWEYH2DNCNp0MbqQ="},"indexInfo":{"baseKey":"BQHFhD+0l4aRKC/QZgBqJbGzlyK+s7HBXJgAcgV6948S","baseKeyType":1,"closed":-1,"used":1687247991276,"created":1687247991276,"remoteIdentityKey":"BSTKJ38gEWjqYAznB2usa2DJpJlMAx0vuF8bfOyX9CcZ"},"_chains":{"BR2RZ9pIZKbpmwusC+TJMPONakbn9syaiZcjK8iJSpwu":{"chainKey":{"counter":0,"key":"PJshiwi4mMkGgz1h7mU5S+hkrAnZLCtoTWad1lNkgb0="},"chainType":1,"messageKeys":{}}},"pendingPreKey":{"signedKeyId":2,"baseKey":"BQHFhD+0l4aRKC/QZgBqJbGzlyK+s7HBXJgAcgV6948S","preKeyId":13539176}}},"version":"v1"}