{"_sessions":{"BfUfrJ04r/8vBqOCZFT+z2V9mOdqNNoOoTajlfnreW47":{"registrationId":1593987296,"currentRatchet":{"ephemeralKeyPair":{"pubKey":"Bar9e8+FaAEfrviGZf+egYSBuJpaNoDOVh2VtFAXvIpx","privKey":"ADvwY31XGgShJQz37vGtWJjMBB/YbWUmTUOOFoSq420="},"lastRemoteEphemeralKey":"BSAyPbjmBT3jSUksF7CPF6H70chAwbAM6iNCc/wDQq1G","previousCounter":0,"rootKey":"IfSaYVevWNj0bm5aHPX10gbTWvElECYD2ZFVRqR6ZJA="},"indexInfo":{"baseKey":"BfUfrJ04r/8vBqOCZFT+z2V9mOdqNNoOoTajlfnreW47","baseKeyType":1,"closed":-1,"used":1687192853335,"created":1687192853335,"remoteIdentityKey":"BZkZOX+YkZKpIi+hcQj4Pe/WTk6ObHJ8ZjB12r033MBZ"},"_chains":{"Bar9e8+FaAEfrviGZf+egYSBuJpaNoDOVh2VtFAXvIpx":{"chainKey":{"counter":0,"key":"CLAhIBtpNQY9br0XLNJ2EDN09p+Fj+HjPppLDanNWmc="},"chainType":1,"messageKeys":{}}},"pendingPreKey":{"signedKeyId":35,"baseKey":"BfUfrJ04r/8vBqOCZFT+z2V9mOdqNNoOoTajlfnreW47","preKeyId":2385220}}},"version":"v1"}