{"_sessions":{"BdS7buIdei1d2Tzu1Xsez0ThmBhe1OutypFpj/5MhR0a":{"registrationId":687163421,"currentRatchet":{"ephemeralKeyPair":{"pubKey":"BRET239IyMZ/yLsel7KSVN4eKlYSCsO1P4/iwj0ktF4z","privKey":"CMvQJOqShYrDf2d2mYtDH7iPzA95U70HYEJc/NHWpWc="},"lastRemoteEphemeralKey":"BSAk/S+VLrXJBQ0CYM9Z3rYmESdx2RFDXCA4kUo1/9dZ","previousCounter":0,"rootKey":"GbRlxExICt3dMfc8onDdV33G+5XDI1hxYgXh2cm/w6w="},"indexInfo":{"baseKey":"BdS7buIdei1d2Tzu1Xsez0ThmBhe1OutypFpj/5MhR0a","baseKeyType":1,"closed":-1,"used":1687233759098,"created":1687233759098,"remoteIdentityKey":"BVl2VMk9vUGRAixS84fltUv9x9+KgsTvEXT1d8IevyFr"},"_chains":{"BRET239IyMZ/yLsel7KSVN4eKlYSCsO1P4/iwj0ktF4z":{"chainKey":{"counter":3,"key":"YwiaHI6x7vTAcSd6PBM0423IxzEBwYofBfFc1Qq1pyc="},"chainType":1,"messageKeys":{}}},"pendingPreKey":{"signedKeyId":1,"baseKey":"BdS7buIdei1d2Tzu1Xsez0ThmBhe1OutypFpj/5MhR0a","preKeyId":6289483}}},"version":"v1"}