{"_sessions":{"BZcA1uyDPeHRKH1nLvuIbLK85PuODZERhra2fdxKTEYn":{"registrationId":749214256,"currentRatchet":{"ephemeralKeyPair":{"pubKey":"BcCE/k27mCQMrmTyjP22i0hOiCpn0ZhpyPrQZiTk18Ji","privKey":"gDqgx4JGy2Ygwono1hMNO+s2RHi4orSoXhQJ0cvyvHc="},"lastRemoteEphemeralKey":"BW/7jbjTlS4v6NiUTeF1BcrSBhvCy8sXWyzllh4C7FEb","previousCounter":3,"rootKey":"n33so30AsDCswWYqGF6qwgKuDNmlYWPlz6PQTgmHux8="},"indexInfo":{"baseKey":"BZcA1uyDPeHRKH1nLvuIbLK85PuODZERhra2fdxKTEYn","baseKeyType":2,"closed":-1,"used":1687248112065,"created":1687238889604,"remoteIdentityKey":"BUBHCsaoiGeqHwwpNmGSI18MDkp3Bj/cS/dQ7qHzbEA/"},"_chains":{"Bc3dQWW36nwG0K+ur83xgQKEi3lYjCSz4zSwKKZGW8tL":{"chainKey":{"counter":1},"chainType":2,"messageKeys":{}},"BW/7jbjTlS4v6NiUTeF1BcrSBhvCy8sXWyzllh4C7FEb":{"chainKey":{"counter":0,"key":"+5fCNNH2ScpBxoDinhJ5fwCukJhg0uiEFiJ1WVxl+0A="},"chainType":2,"messageKeys":{}},"BcCE/k27mCQMrmTyjP22i0hOiCpn0ZhpyPrQZiTk18Ji":{"chainKey":{"counter":-1,"key":"fxkpQ+9f6psK6dbgwG5aFHuaaQdoJeA2LI8YJttrEc4="},"chainType":1,"messageKeys":{}}}}},"version":"v1"}