{"_sessions":{"BQMmXdgeowdnRCuafxew8HlZQzD1m5m5jLvVhiGS3I4n":{"registrationId":1324474810,"currentRatchet":{"ephemeralKeyPair":{"pubKey":"BfZwHwSQSirPMO9NZwhVsUWvtCjxKOpbRANGMAk6r/tj","privKey":"eIwVVk3Ng/HLMh5MYTb5GWYAQOY49HqxWdg6WYa82nU="},"lastRemoteEphemeralKey":"BSAlDmwmAHkslkiFGg3pHhfiFGQLxxZxaLmv1mhISO8i","previousCounter":0,"rootKey":"LQqa6iVEpA4PR+Y6SqRh6GNl09A03ze2HMFrdZs43Vk="},"indexInfo":{"baseKey":"BQMmXdgeowdnRCuafxew8HlZQzD1m5m5jLvVhiGS3I4n","baseKeyType":1,"closed":-1,"used":1687233759791,"created":1687233759791,"remoteIdentityKey":"BbelkxOh6kGw7iSk7QLgG81q2HKvHZQ1hame2ybQH6gL"},"_chains":{"BfZwHwSQSirPMO9NZwhVsUWvtCjxKOpbRANGMAk6r/tj":{"chainKey":{"counter":3,"key":"GyRsKOfzhpbMX5WOdTFozqjHGmDw3XjTtdSafEYNpMk="},"chainType":1,"messageKeys":{}}},"pendingPreKey":{"signedKeyId":21,"baseKey":"BQMmXdgeowdnRCuafxew8HlZQzD1m5m5jLvVhiGS3I4n"}}},"version":"v1"}