{"_sessions":{"BetNUB5705+J9TRNtlNbQYwO4qKzSdKL2RvD8sG0Hf9y":{"registrationId":39147890,"currentRatchet":{"ephemeralKeyPair":{"pubKey":"BU8tCKB7zPtDb5Xh7wvm+Dc9QDoojBOkJhxP48Gmbfp5","privKey":"ADXLVHGjBVLjWwgKDSZJXRGlmKZW/q98jfIP2BfgNVk="},"lastRemoteEphemeralKey":"BTNQzkr8fDipOBXG7lOE5XxH5czpDILicWl9TnRBEfFD","previousCounter":0,"rootKey":"U2HHQWBpRXnyc/If0GhXq8gYiimBf4du82foupCOeTY="},"indexInfo":{"baseKey":"BetNUB5705+J9TRNtlNbQYwO4qKzSdKL2RvD8sG0Hf9y","baseKeyType":1,"closed":-1,"used":1687233759211,"created":1687233759211,"remoteIdentityKey":"BSz/du+0Dps5Zi5xg2rzFJKB3/ZgF5Nge8X678gOXeFm"},"_chains":{"BU8tCKB7zPtDb5Xh7wvm+Dc9QDoojBOkJhxP48Gmbfp5":{"chainKey":{"counter":3,"key":"k0wnG9CybCGOHEseYtchHWY0oFW5bK6s4r0SHb5zdNQ="},"chainType":1,"messageKeys":{}}},"pendingPreKey":{"signedKeyId":41,"baseKey":"BetNUB5705+J9TRNtlNbQYwO4qKzSdKL2RvD8sG0Hf9y","preKeyId":14925002}}},"version":"v1"}