{"_sessions":{"BVVJUVXOp4abbuZaz/mYGQCtCJIjk/oNKoOyw5TfbqAR":{"registrationId":480619012,"currentRatchet":{"ephemeralKeyPair":{"pubKey":"BTvSwkc+aeBbJihhJKXYZZwhtRBahWKm0wuy/vE198EV","privKey":"ALLel5LOtV0cp3a5kw3oXabzueuyDdeM/1CL+G7+C34="},"lastRemoteEphemeralKey":"Ba4z0v2PSODx+suij5Mub2ZTAXhMARFr5M7k1zATpPMo","previousCounter":0,"rootKey":"zfduzEi5Jc3fiCIJgKizZXQGFvzJL/pGrRYGjmOcQyY="},"indexInfo":{"baseKey":"BVVJUVXOp4abbuZaz/mYGQCtCJIjk/oNKoOyw5TfbqAR","baseKeyType":1,"closed":1687247977199,"used":1687236572476,"created":1687236572476,"remoteIdentityKey":"BaVan90jqaXtn3FBL4usLnZZ/h4IBPie6WaWZp3n13ss"},"_chains":{"BTvSwkc+aeBbJihhJKXYZZwhtRBahWKm0wuy/vE198EV":{"chainKey":{"counter":0,"key":"M+FEeB6hew78ku3Jv0u3YV0YxTyUvJs62E6+GSJh6ic="},"chainType":1,"messageKeys":{}}},"pendingPreKey":{"signedKeyId":16,"baseKey":"BVVJUVXOp4abbuZaz/mYGQCtCJIjk/oNKoOyw5TfbqAR","preKeyId":721449}},"BXHnzUiikGUPlAGaznCpuHMMQWrkG4l2tWWjjmeYe1Qf":{"registrationId":480619012,"currentRatchet":{"ephemeralKeyPair":{"pubKey":"BQYcXHzrveLtUNQGPoF7antXd/1pNpVk/D0mH2VM7CM3","privKey":"4FfP61eXCJB/I+zmWBZVnRbwSMTa78sQP6lD/KcVzHA="},"lastRemoteEphemeralKey":"Ba4z0v2PSODx+suij5Mub2ZTAXhMARFr5M7k1zATpPMo","previousCounter":0,"rootKey":"Ly5LuMWbGj8YQFpuojxbbfNhqrizy8jdnpPSxz157nM="},"indexInfo":{"baseKey":"BXHnzUiikGUPlAGaznCpuHMMQWrkG4l2tWWjjmeYe1Qf","baseKeyType":1,"closed":1687247991060,"used":1687247977172,"created":1687247977172,"remoteIdentityKey":"BaVan90jqaXtn3FBL4usLnZZ/h4IBPie6WaWZp3n13ss"},"_chains":{"BQYcXHzrveLtUNQGPoF7antXd/1pNpVk/D0mH2VM7CM3":{"chainKey":{"counter":1,"key":"Druw4WAqFX91J0YZk8IxjIsuLe97+xMxtEy6PqRcx1c="},"chainType":1,"messageKeys":{}}},"pendingPreKey":{"signedKeyId":16,"baseKey":"BXHnzUiikGUPlAGaznCpuHMMQWrkG4l2tWWjjmeYe1Qf","preKeyId":722168}},"BfbOFdPhUEepYigy4rY4Gg9KzQxA9sek9BhT8I0vv7B0":{"registrationId":480619012,"currentRatchet":{"ephemeralKeyPair":{"pubKey":"BQDRb/FVFboGnbKwDf7GlsnA9/F8UHshb2GOthvyuSIF","privKey":"eBDkSaQOHSTgbItmbVh548JvynarSOQpvX5DCgE4sVo="},"lastRemoteEphemeralKey":"Ba4z0v2PSODx+suij5Mub2ZTAXhMARFr5M7k1zATpPMo","previousCounter":0,"rootKey":"PIwUnNorJwZCENM0EiPNefLdDAlLBUDcjm0+QTgHgCU="},"indexInfo":{"baseKey":"BfbOFdPhUEepYigy4rY4Gg9KzQxA9sek9BhT8I0vv7B0","baseKeyType":1,"closed":-1,"used":1687247991049,"created":1687247991049,"remoteIdentityKey":"BaVan90jqaXtn3FBL4usLnZZ/h4IBPie6WaWZp3n13ss"},"_chains":{"BQDRb/FVFboGnbKwDf7GlsnA9/F8UHshb2GOthvyuSIF":{"chainKey":{"counter":0,"key":"vp54mUm/TR9l8C16SXdtKE02I/Grv/irccCC+VLQOB8="},"chainType":1,"messageKeys":{}}},"pendingPreKey":{"signedKeyId":16,"baseKey":"BfbOFdPhUEepYigy4rY4Gg9KzQxA9sek9BhT8I0vv7B0","preKeyId":722220}}},"version":"v1"}