{"_sessions":{"BS7+SMXgEqLWrwP3+R1ljfc6TlYEPhmdloN2UEQbKwxr":{"registrationId":605939882,"currentRatchet":{"ephemeralKeyPair":{"pubKey":"BSJVZmNIpCxPBsf7hSnwdeaUwbrwFlQAij9ZFOKukNgw","privKey":"oHmJzUwQpXJUcQIDT8WsZlI7V+kxBY/1TQkgfY55TF4="},"lastRemoteEphemeralKey":"BQIWCtk9aJDkbuAhNPIEDCoD48lFki4q6o+Mxirf0Z0p","previousCounter":0,"rootKey":"DTfpeSQiPyKlZRFOKbslpNl8qJ1mIiGNWL7tlh5+W80="},"indexInfo":{"baseKey":"BS7+SMXgEqLWrwP3+R1ljfc6TlYEPhmdloN2UEQbKwxr","baseKeyType":1,"closed":-1,"used":1687194315470,"created":1687192853314,"remoteIdentityKey":"BQf4qEgjD8tIyM8UlOOLGEJFJzx+tX/6wiNy2yfu2C5G"},"_chains":{"BQIWCtk9aJDkbuAhNPIEDCoD48lFki4q6o+Mxirf0Z0p":{"chainKey":{"counter":0,"key":"csNKzWEufDNQvb2RjRA+SCBTwUaLkanNQjYk6jHo4mg="},"chainType":2,"messageKeys":{}},"BSJVZmNIpCxPBsf7hSnwdeaUwbrwFlQAij9ZFOKukNgw":{"chainKey":{"counter":-1,"key":"ZJsf09gNAEok9w0IMZmXNkhjbAAmbhHSR9BTkH6JzpE="},"chainType":1,"messageKeys":{}}}}},"version":"v1"}