{"_sessions":{"BSOb1yOHgdpEMs7wxZ1zH65se6JMyk5tf2Yducf5BPxD":{"registrationId":11719,"currentRatchet":{"ephemeralKeyPair":{"pubKey":"BZcFku7zZrotOSA1Ev9naRrYpKYyO8doLbYeOLP6MJsc","privKey":"+EYNxdorJDiJBi5OFOGMPAESKzP1RrHLibqJTHWW230="},"lastRemoteEphemeralKey":"BZDlq2fEUY+GPKo9aXIo+xFkFpWjdtIpclyDCud9iM9p","previousCounter":0,"rootKey":"eMMA4RLuUF6Mh9apeVoYICpGwN9fe5ZlbXXAY1BTqFQ="},"indexInfo":{"baseKey":"BSOb1yOHgdpEMs7wxZ1zH65se6JMyk5tf2Yducf5BPxD","baseKeyType":1,"closed":-1,"used":1687192081737,"created":1687192081737,"remoteIdentityKey":"BbiQeeQ0/tK9RId/8E0+OODCfmpf5/d+zeLXLldpjYto"},"_chains":{"BZcFku7zZrotOSA1Ev9naRrYpKYyO8doLbYeOLP6MJsc":{"chainKey":{"counter":1,"key":"1aj7LaukEzs0sxF1DkIVQw9rLqLMNcjbHjvpC4f+ats="},"chainType":1,"messageKeys":{}}},"pendingPreKey":{"signedKeyId":1,"baseKey":"BSOb1yOHgdpEMs7wxZ1zH65se6JMyk5tf2Yducf5BPxD"}}},"version":"v1"}