{"_sessions":{"BVPZ9o6z/EjT1HeqlrZQZVDO3zyfe5NMPYgUrFKng2oK":{"registrationId":1973953268,"currentRatchet":{"ephemeralKeyPair":{"pubKey":"BUBCziUxFjz0rnPUNzoxzvAkz/6ta6egoQDDhyJOuyoN","privKey":"IDIvOJ1ZO/Lg/hhlxAU24FwDdBQAYJwP6P2+vnHhKU0="},"lastRemoteEphemeralKey":"BUwr45CxzFMkFtIxvsxdArd1ugbs8qzt8dgXLB7ViXBi","previousCounter":0,"rootKey":"BJ2l0i3Ye8byD4jIq5BWYvht/HfEWVaBuKAgKZAgIbc="},"indexInfo":{"baseKey":"BVPZ9o6z/EjT1HeqlrZQZVDO3zyfe5NMPYgUrFKng2oK","baseKeyType":1,"closed":-1,"used":1687226676111,"created":1687195777922,"remoteIdentityKey":"BWH2K9IZu+pliSV99JCc5jwaR9lpdvVvqGtBELQH0Y0m"},"_chains":{"BUwr45CxzFMkFtIxvsxdArd1ugbs8qzt8dgXLB7ViXBi":{"chainKey":{"counter":0,"key":"gSpiDca9ULcjSqodAhf7U7xuI2UDHu45D3WdLb47tko="},"chainType":2,"messageKeys":{}},"BUBCziUxFjz0rnPUNzoxzvAkz/6ta6egoQDDhyJOuyoN":{"chainKey":{"counter":-1,"key":"kKPQgJb42uN7S0j6TXp3SMrz84N0fqFFx9yc2ABir8g="},"chainType":1,"messageKeys":{}}}}},"version":"v1"}