{"_sessions":{"BQN61LzQ4YKHoE/f6LkTV0lqCjvvgX+xJvmOST15oZUa":{"registrationId":1897029756,"currentRatchet":{"ephemeralKeyPair":{"pubKey":"BeCMlUGwJcGd3x0vixum18+gpNf2kEdVQW5eXADRiBwg","privKey":"2KaFwuFDU9StQ/J+mrl2QFoye63o+ucdlgAh/d9ZG1k="},"lastRemoteEphemeralKey":"BfQp7ieqxug6/y2ruk2PY22ep0JIJiUs0anpY9LXPOV8","previousCounter":0,"rootKey":"IKnYO1Wk1rdRr5PMtsgPysm99nusedGpjfHbMKwwmec="},"indexInfo":{"baseKey":"BQN61LzQ4YKHoE/f6LkTV0lqCjvvgX+xJvmOST15oZUa","baseKeyType":1,"closed":-1,"used":1687274959821,"created":1687274959821,"remoteIdentityKey":"BTVQF1SkbXcVqHFi3dUwaqJakPgW48ZuxGorEZoOdLN2"},"_chains":{"BeCMlUGwJcGd3x0vixum18+gpNf2kEdVQW5eXADRiBwg":{"chainKey":{"counter":0,"key":"sZ8LofhPaqQOqIchDWewhjtQMPJWRPzXs6NZw4/okaI="},"chainType":1,"messageKeys":{}}},"pendingPreKey":{"signedKeyId":1,"baseKey":"BQN61LzQ4YKHoE/f6LkTV0lqCjvvgX+xJvmOST15oZUa","preKeyId":8171265}}},"version":"v1"}