{"_sessions":{"BdSqXBa9+Vj9x22G+p91akPWrnIDmYQUOGUxStoNvNtk":{"registrationId":1742940104,"currentRatchet":{"ephemeralKeyPair":{"pubKey":"BSFOZjYG8+YvE8cas7y/MP6lcgbx91izc+YxwN3kJXwh","privKey":"WFzCzvM13e7BYs8fnXxaBKDNZrbnvQ0efp1mWj+5eUE="},"lastRemoteEphemeralKey":"Be5C2fMmgU2pCnu45NiB0p0dLB2I/hnJIYruf2v9e2UL","previousCounter":0,"rootKey":"l8FZxySE6QHr2uRwzJ+B9k6mk4C0HUZaMtVMSLtNNDk="},"indexInfo":{"baseKey":"BdSqXBa9+Vj9x22G+p91akPWrnIDmYQUOGUxStoNvNtk","baseKeyType":1,"closed":-1,"used":1687233758980,"created":1687233758980,"remoteIdentityKey":"Bcm8xGL2iAJHb460ARPtg3nmZXcdKbABaD4VF/pEGuUP"},"_chains":{"BSFOZjYG8+YvE8cas7y/MP6lcgbx91izc+YxwN3kJXwh":{"chainKey":{"counter":3,"key":"o/Xb00JGCNw9i4kp0DzN68g+AaQyGUNKvn5lIFhGlSk="},"chainType":1,"messageKeys":{}}},"pendingPreKey":{"signedKeyId":20,"baseKey":"BdSqXBa9+Vj9x22G+p91akPWrnIDmYQUOGUxStoNvNtk","preKeyId":16142231}}},"version":"v1"}