{"_sessions":{"BRvUEt1UB0glu6ANA5Fuv4dXD3xp4GIL/kwYQbsF70AR":{"registrationId":1670556452,"currentRatchet":{"ephemeralKeyPair":{"pubKey":"BfGWwX7IxkLO7mrbctEdDS7M77/w++7MRkDA8I7AMx1S","privKey":"GFaCdW6QsLMS2xveIt/h/nTSxLenq2ryV5OvKHZKGHg="},"lastRemoteEphemeralKey":"BZufm44OxggIn0OLAkhTNFPRMdtrzso280CKYQz1dbJN","previousCounter":0,"rootKey":"ejYCesjM7HYDPtK6gyOz+Fqcmh3+8IGHBY6QJbIuK4s="},"indexInfo":{"baseKey":"BRvUEt1UB0glu6ANA5Fuv4dXD3xp4GIL/kwYQbsF70AR","baseKeyType":1,"closed":-1,"used":1687192853325,"created":1687192853325,"remoteIdentityKey":"BbgJJ7wAFDy3jc4DbS5XopYtG0YmHoDDdHi6hIm1GT9q"},"_chains":{"BfGWwX7IxkLO7mrbctEdDS7M77/w++7MRkDA8I7AMx1S":{"chainKey":{"counter":0,"key":"aXSS0qu8DioiJxfI9k4mNoGsNZjHdnp6A+sudE153h4="},"chainType":1,"messageKeys":{}}},"pendingPreKey":{"signedKeyId":22,"baseKey":"BRvUEt1UB0glu6ANA5Fuv4dXD3xp4GIL/kwYQbsF70AR","preKeyId":4110186}}},"version":"v1"}