{"_sessions":{"BfqJeQl8CNQZXxb/IhDekhhR/+m80iYshLzdrzdKZIRs":{"registrationId":1818674501,"currentRatchet":{"ephemeralKeyPair":{"pubKey":"BQ2AM5SD3elJXpRi8BxFDmqatM1Qvvql0fQvGV/bcyYh","privKey":"iDz5Bh2UHv+3I5FfrwwTG4v1wIb+wLwCAuzzmayGAXE="},"lastRemoteEphemeralKey":"BR53Gkt22HiW6xrnm7PC1pf0ui0X3v4H1dQWilxASI88","previousCounter":0,"rootKey":"eHIULeztg5/1E8njc8NgXBzclOFAf1JPzVbuNP1R6II="},"indexInfo":{"baseKey":"BfqJeQl8CNQZXxb/IhDekhhR/+m80iYshLzdrzdKZIRs","baseKeyType":1,"closed":-1,"used":1687233759341,"created":1687233759341,"remoteIdentityKey":"BYxiJqs6Edw1P2D5nUlyY3gjs/RBZQFpc3OKlPCZIpVD"},"_chains":{"BQ2AM5SD3elJXpRi8BxFDmqatM1Qvvql0fQvGV/bcyYh":{"chainKey":{"counter":3,"key":"ctT2+iYKkWm1DttDbrH26Ndm/PgWvDfHMME2gwi0BqE="},"chainType":1,"messageKeys":{}}},"pendingPreKey":{"signedKeyId":2,"baseKey":"BfqJeQl8CNQZXxb/IhDekhhR/+m80iYshLzdrzdKZIRs","preKeyId":11782524}}},"version":"v1"}