{"_sessions":{"BY6HYj06EG7p/WBTOMT6C74aR+Xu8HB7WvHC4aIggrFi":{"registrationId":1238934428,"currentRatchet":{"ephemeralKeyPair":{"pubKey":"BcJDYzMVrDK6yPunrG/JsM+5TjxRM3oqM6Lm2F0/RPVd","privKey":"AENAcLJJlPBIdEhpTD7cPf1F9TtoSlt8kTies9x1+mI="},"lastRemoteEphemeralKey":"BWay1lPuzILABZ2HE3/NFkWjtY+pBj252S3kdfZEYXRh","previousCounter":0,"rootKey":"Ak/6fNyvHZkpMYY/6UxY61SZeBiTScpDOwGWZ9zdNZE="},"indexInfo":{"baseKey":"BY6HYj06EG7p/WBTOMT6C74aR+Xu8HB7WvHC4aIggrFi","baseKeyType":1,"closed":1687247976585,"used":1687236572606,"created":1687236572606,"remoteIdentityKey":"BfWt47aK8xmi1isIdhpkz+rvMBFizaXnfLoBAtH0iDhc"},"_chains":{"BcJDYzMVrDK6yPunrG/JsM+5TjxRM3oqM6Lm2F0/RPVd":{"chainKey":{"counter":0,"key":"fCC1rdELEdprD8WdmZGJXvA+OyqDYt34VWHxIANhpWg="},"chainType":1,"messageKeys":{}}},"pendingPreKey":{"signedKeyId":38,"baseKey":"BY6HYj06EG7p/WBTOMT6C74aR+Xu8HB7WvHC4aIggrFi","preKeyId":7331973}},"BZzXwRvIq2SwOXq+WoyAfIW6MQEmwfqdbuIV1jXmHpAo":{"registrationId":1238934428,"currentRatchet":{"ephemeralKeyPair":{"pubKey":"BT2qt8UCVCTikA6qKstT0O6X9z+ivTqQd6ZZiqJA4vFO","privKey":"0KNeOQKofa5y6Rt+cdL9KNa+yZ4KOMZdgSyoYZipA2s="},"lastRemoteEphemeralKey":"BWay1lPuzILABZ2HE3/NFkWjtY+pBj252S3kdfZEYXRh","previousCounter":0,"rootKey":"u4G5s71xK3jfA8vwO7QSR2UrXUa81UASX1m5WaOUiqY="},"indexInfo":{"baseKey":"BZzXwRvIq2SwOXq+WoyAfIW6MQEmwfqdbuIV1jXmHpAo","baseKeyType":1,"closed":1687247991557,"used":1687247976549,"created":1687247976549,"remoteIdentityKey":"BfWt47aK8xmi1isIdhpkz+rvMBFizaXnfLoBAtH0iDhc"},"_chains":{"BT2qt8UCVCTikA6qKstT0O6X9z+ivTqQd6ZZiqJA4vFO":{"chainKey":{"counter":1,"key":"Ra6SPTB20OcaS3Ile+JSBdzZ+cItPsiOGTVTpX2jMzU="},"chainType":1,"messageKeys":{}}},"pendingPreKey":{"signedKeyId":38,"baseKey":"BZzXwRvIq2SwOXq+WoyAfIW6MQEmwfqdbuIV1jXmHpAo","preKeyId":7332214}},"BYA7XYYEoH1DMw5mbcxAjOUmyLy0O2TAV2RTmzCcgzAi":{"registrationId":1238934428,"currentRatchet":{"ephemeralKeyPair":{"pubKey":"BTNMcG2EwajE8nTg5jeTcsku4XZ13mcM+aZUkcNmJJwP","privKey":"SFHLl4BggCAPzwvGPoabNHKrG/jrmFA/HI60Rsmeyko="},"lastRemoteEphemeralKey":"BWay1lPuzILABZ2HE3/NFkWjtY+pBj252S3kdfZEYXRh","previousCounter":0,"rootKey":"n1Cgb0SZSiPcghuUnQICG9umfUdCEi/3LUoto/xWkEM="},"indexInfo":{"baseKey":"BYA7XYYEoH1DMw5mbcxAjOUmyLy0O2TAV2RTmzCcgzAi","baseKeyType":1,"closed":-1,"used":1687247991527,"created":1687247991527,"remoteIdentityKey":"BfWt47aK8xmi1isIdhpkz+rvMBFizaXnfLoBAtH0iDhc"},"_chains":{"BTNMcG2EwajE8nTg5jeTcsku4XZ13mcM+aZUkcNmJJwP":{"chainKey":{"counter":0,"key":"0ZMy9Sylu5DZVcn4kdDBrvGDuWhA18sz2vUf9XAbAY4="},"chainType":1,"messageKeys":{}}},"pendingPreKey":{"signedKeyId":38,"baseKey":"BYA7XYYEoH1DMw5mbcxAjOUmyLy0O2TAV2RTmzCcgzAi","preKeyId":7332070}}},"version":"v1"}