{"_sessions":{"Bclo1cylDwgSiqezw6MxskymtCxYiRO5H9h3bm+v4h8s":{"registrationId":742562419,"currentRatchet":{"ephemeralKeyPair":{"pubKey":"BZdpOWGjogzLE9Red0GrGy1Rchc8uVav/rvg41QGEiQp","privKey":"ILiiQA2poBB+dU00+B0wNL4mKy3ovUFBhyVSx2JElW8="},"lastRemoteEphemeralKey":"BRjrMvKHxwbyIomHPup0ushhHqaHQpha3jaZG6/+u9xM","previousCounter":0,"rootKey":"fxYCiKJ/a+i4IZFcElIonE0JQtv86b95TAmEUmOUV0I="},"indexInfo":{"baseKey":"Bclo1cylDwgSiqezw6MxskymtCxYiRO5H9h3bm+v4h8s","baseKeyType":1,"closed":1687247978285,"used":1687236572524,"created":1687236572524,"remoteIdentityKey":"BZ0GxJgDUYllKtKNvqyVrCfmDYX9IBj96cmJtYd4/tMX"},"_chains":{"BZdpOWGjogzLE9Red0GrGy1Rchc8uVav/rvg41QGEiQp":{"chainKey":{"counter":0,"key":"6Iz9TrqI0WtvlLNDPoGozqAgTAo079qgq/grAdf8IhI="},"chainType":1,"messageKeys":{}}},"pendingPreKey":{"signedKeyId":4,"baseKey":"Bclo1cylDwgSiqezw6MxskymtCxYiRO5H9h3bm+v4h8s","preKeyId":14169}},"BUO5JydBL4axi4qjOSTAu2cycvIsEJavIpRBc3pfUCFd":{"registrationId":742562419,"currentRatchet":{"ephemeralKeyPair":{"pubKey":"BSrkOIVOP3aj6Q+XYoqfOheaM9Ydaui3ZEd6OCdjOS88","privKey":"oJRwuwJasa3bCZqKpNLAcAHPHVpdh5fjP+5qET76RHA="},"lastRemoteEphemeralKey":"BRjrMvKHxwbyIomHPup0ushhHqaHQpha3jaZG6/+u9xM","previousCounter":0,"rootKey":"J5cYoVNl38qEneoPLuB4xCKy9K5nHNK2fkQq8RzNle4="},"indexInfo":{"baseKey":"BUO5JydBL4axi4qjOSTAu2cycvIsEJavIpRBc3pfUCFd","baseKeyType":1,"closed":1687247990200,"used":1687247978241,"created":1687247978241,"remoteIdentityKey":"BZ0GxJgDUYllKtKNvqyVrCfmDYX9IBj96cmJtYd4/tMX"},"_chains":{"BSrkOIVOP3aj6Q+XYoqfOheaM9Ydaui3ZEd6OCdjOS88":{"chainKey":{"counter":0,"key":"1bnG8UgA5DOnQJxZ1SyqQWFBjdvVPWzmO6w1fn4vRdQ="},"chainType":1,"messageKeys":{}}},"pendingPreKey":{"signedKeyId":4,"baseKey":"BUO5JydBL4axi4qjOSTAu2cycvIsEJavIpRBc3pfUCFd","preKeyId":14199}},"Bfc+pQvLidG3Y9eNu1Tk1OdURfNMrEhbcF/YVSCaByEB":{"registrationId":742562419,"currentRatchet":{"ephemeralKeyPair":{"pubKey":"BbyR4UZZXvCmy/bo6vwVbHlaYNKbnWEJDXt28iSZN6Ab","privKey":"OEceiP7nM1cmrZb3vIaG4LjRSTgNLne+2pVo2g9qhkE="},"lastRemoteEphemeralKey":"BRjrMvKHxwbyIomHPup0ushhHqaHQpha3jaZG6/+u9xM","previousCounter":0,"rootKey":"PMKOiRxrH0JJbdstji39Z86inDApGOHRqCw0zKYuxsA="},"indexInfo":{"baseKey":"Bfc+pQvLidG3Y9eNu1Tk1OdURfNMrEhbcF/YVSCaByEB","baseKeyType":1,"closed":-1,"used":1687247990030,"created":1687247990030,"remoteIdentityKey":"BZ0GxJgDUYllKtKNvqyVrCfmDYX9IBj96cmJtYd4/tMX"},"_chains":{"BbyR4UZZXvCmy/bo6vwVbHlaYNKbnWEJDXt28iSZN6Ab":{"chainKey":{"counter":1,"key":"P0iqdIY3dMwPWHp72qwFHuBvnDeHkojzxZ0M+BS/NMQ="},"chainType":1,"messageKeys":{}}},"pendingPreKey":{"signedKeyId":4,"baseKey":"Bfc+pQvLidG3Y9eNu1Tk1OdURfNMrEhbcF/YVSCaByEB","preKeyId":14288}}},"version":"v1"}