{"_sessions":{"BSTXECvrgzaruzhbNSaim0o3dmCbf6EfOxGW30yp7+1I":{"registrationId":2088700955,"currentRatchet":{"ephemeralKeyPair":{"pubKey":"BSSCiVyTd4zvG1wgZNujS3/JElvl+xXcA1i4GOsyt/Ef","privKey":"kKBzXtACPA2FghRMBI2mjV1FFfMWN4T6U2bGGBnKZ0U="},"lastRemoteEphemeralKey":"BdUzA1+O38sSx9vHC9Mom58hM6TrntHtwRbAfQM5gPY6","previousCounter":0,"rootKey":"h0wcsdbXbQUTZwIgUQ9qCUiNYfakRUHAFWFhlFKoopw="},"indexInfo":{"baseKey":"BSTXECvrgzaruzhbNSaim0o3dmCbf6EfOxGW30yp7+1I","baseKeyType":2,"closed":-1,"used":1687259018192,"created":1687259018192,"remoteIdentityKey":"BVYAYAcBtmKWg7SrYhK65K7NpW9iFnkoY0FUqxpengQ7"},"_chains":{"BdUzA1+O38sSx9vHC9Mom58hM6TrntHtwRbAfQM5gPY6":{"chainKey":{"counter":0,"key":"QcW+35GIYCN8XidjY/oVDfR3sp6k6NeAecA9p3TwmuY="},"chainType":2,"messageKeys":{}},"BSSCiVyTd4zvG1wgZNujS3/JElvl+xXcA1i4GOsyt/Ef":{"chainKey":{"counter":-1,"key":"Nv4ssdXALXOM45aJcnWfXKFGk9RBhBmZHVhUw/KNfws="},"chainType":1,"messageKeys":{}}}}},"version":"v1"}