{"_sessions":{"BZo8Y+md57g4SIcAFrvufuD/FwAPCTb8dXMAD3Mc/iJR":{"registrationId":1409583267,"currentRatchet":{"ephemeralKeyPair":{"pubKey":"BWBxyDid0vjnNbDQQuTHYac+PooBivsy2SD4RCY0/84R","privKey":"+CpstZpS/RBEBETenqz7lxJdzKF/FTu1927jlwSDX1U="},"lastRemoteEphemeralKey":"BURzaQNFrmpqCUP+wgoA3EquVqK1DdiS33twV23LOYwn","previousCounter":0,"rootKey":"YIiWCDfvk+r6RVrNowLoUv8kW/m8FOu8l2NAObVlUiM="},"indexInfo":{"baseKey":"BZo8Y+md57g4SIcAFrvufuD/FwAPCTb8dXMAD3Mc/iJR","baseKeyType":1,"closed":-1,"used":1687192081882,"created":1687192081882,"remoteIdentityKey":"BenwC3bPLTu1GyMlniU/X2BZ8NO8wnFCFBpfbRGAb/Yh"},"_chains":{"BWBxyDid0vjnNbDQQuTHYac+PooBivsy2SD4RCY0/84R":{"chainKey":{"counter":1,"key":"ALmayuZrQE/QMDTMGrfSYYkB27P25rV8cSIUGPtlcNk="},"chainType":1,"messageKeys":{}}},"pendingPreKey":{"signedKeyId":35,"baseKey":"BZo8Y+md57g4SIcAFrvufuD/FwAPCTb8dXMAD3Mc/iJR","preKeyId":16272666}}},"version":"v1"}