{"_sessions":{"BV/PVz02FoxXXa5kiAmwbJH94jRtgZSfcUORbUTmjep7":{"registrationId":533068500,"currentRatchet":{"ephemeralKeyPair":{"pubKey":"BWGeeQl0X2BjG97umMW4hBowA4EusqjAG49pF/Jb/Ft5","privKey":"qCln5UQpkO2BqvzvoMjvv+EgXWs8e+gEQCMEpay/RVs="},"lastRemoteEphemeralKey":"BUWl027T6Mjn8/coLsRXBNgd15g3Dqe2+N/dZvKiAhx8","previousCounter":0,"rootKey":"7gXAGKsZNGoqSW4E593VxtRAQDeq6YRuYBtoHaQsE5A="},"indexInfo":{"baseKey":"BV/PVz02FoxXXa5kiAmwbJH94jRtgZSfcUORbUTmjep7","baseKeyType":1,"closed":1687271754859,"used":1687233759163,"created":1687233759163,"remoteIdentityKey":"BX6pVhF10S7NEtv9EF78P6ifwYLJlztaBx0vjZs3ccBh"},"_chains":{"BWGeeQl0X2BjG97umMW4hBowA4EusqjAG49pF/Jb/Ft5":{"chainKey":{"counter":1,"key":"OIXQ/iB0BOntpIngb/FlmDoTXp2VhN/OA/6D4N/29dE="},"chainType":1,"messageKeys":{}}},"pendingPreKey":{"signedKeyId":0,"baseKey":"BV/PVz02FoxXXa5kiAmwbJH94jRtgZSfcUORbUTmjep7","preKeyId":253239}},"BdxfN3wzcflRbRr8fxHp8Scuxsupvwv3+796XY2LS+A7":{"registrationId":533068500,"currentRatchet":{"ephemeralKeyPair":{"pubKey":"BU0YHGr4XPsD/yEk2AA2b1RJSugT/6i4nil1J6wJY7cT","privKey":"SLPSDTwijIOApnuKZqD0f1ChfhX30wbmYJ8gCUyUm28="},"lastRemoteEphemeralKey":"BUWl027T6Mjn8/coLsRXBNgd15g3Dqe2+N/dZvKiAhx8","previousCounter":0,"rootKey":"WdNUUT/SuXVrX773eQnJOPTLlnsac55PwlF8nJ1AoS4="},"indexInfo":{"baseKey":"BdxfN3wzcflRbRr8fxHp8Scuxsupvwv3+796XY2LS+A7","baseKeyType":1,"closed":1687271758640,"used":1687271754834,"created":1687271754834,"remoteIdentityKey":"BX6pVhF10S7NEtv9EF78P6ifwYLJlztaBx0vjZs3ccBh"},"_chains":{"BU0YHGr4XPsD/yEk2AA2b1RJSugT/6i4nil1J6wJY7cT":{"chainKey":{"counter":-1,"key":"E+HylHg4ExbrID97ngFicoqrTLgZIj5lFxFwTFJY9As="},"chainType":1,"messageKeys":{}}},"pendingPreKey":{"signedKeyId":0,"baseKey":"BdxfN3wzcflRbRr8fxHp8Scuxsupvwv3+796XY2LS+A7","preKeyId":253241}},"BQolEE8jyDmqz7UmqyN1a9a12cDNC1dZ2uxZeXEPCBcC":{"registrationId":533068500,"currentRatchet":{"ephemeralKeyPair":{"pubKey":"Bd/y9qFCDuPXvE7uwa9o1WwXZ2mHeEJFTTg9789bSolf","privKey":"4NtOP9azhmO6Qjr/FyNQ0xRgm+TOb2ZJQfMmUbjZW10="},"lastRemoteEphemeralKey":"BUWl027T6Mjn8/coLsRXBNgd15g3Dqe2+N/dZvKiAhx8","previousCounter":0,"rootKey":"fPeeHB4uyjoKZVU3DP7jefNbVWgm7he7rzTzDJgPjTE="},"indexInfo":{"baseKey":"BQolEE8jyDmqz7UmqyN1a9a12cDNC1dZ2uxZeXEPCBcC","baseKeyType":1,"closed":-1,"used":1687271758627,"created":1687271758627,"remoteIdentityKey":"BX6pVhF10S7NEtv9EF78P6ifwYLJlztaBx0vjZs3ccBh"},"_chains":{"Bd/y9qFCDuPXvE7uwa9o1WwXZ2mHeEJFTTg9789bSolf":{"chainKey":{"counter":1,"key":"kdBm6rsMz0L6WFWzjBgGobsOlZnD6z17kKAbmAzWszQ="},"chainType":1,"messageKeys":{}}},"pendingPreKey":{"signedKeyId":0,"baseKey":"BQolEE8jyDmqz7UmqyN1a9a12cDNC1dZ2uxZeXEPCBcC","preKeyId":252676}}},"version":"v1"}