{"_sessions":{"BRcIAESUN50hAk/mXa7rZdK/bgIhKFJ+eDtnydgvozF4":{"registrationId":1772844359,"currentRatchet":{"ephemeralKeyPair":{"pubKey":"BenhbHT9OjTbaZKEjP2G+AD9hL2PPpmZUtj3n0OSP353","privKey":"kLJCBSzQi8qNPVZ0VC6OqMmnl75PkOd/MNgaYdDHtFs="},"lastRemoteEphemeralKey":"BelJI+rv78qaXJxboxXOggvF0vfksKT08wXI9Ix9wPIe","previousCounter":0,"rootKey":"z8Z62ycHQEm2jf7RsxQTSCNhYe6n/sa7VhjPLKUQ4qM="},"indexInfo":{"baseKey":"BRcIAESUN50hAk/mXa7rZdK/bgIhKFJ+eDtnydgvozF4","baseKeyType":1,"closed":-1,"used":1687192081871,"created":1687192081871,"remoteIdentityKey":"BfYUrS8EQuU7OKpEcOnuFtpPnVOwUtgqWdyeq+Amsi12"},"_chains":{"BenhbHT9OjTbaZKEjP2G+AD9hL2PPpmZUtj3n0OSP353":{"chainKey":{"counter":1,"key":"Xjoo9PbTXafQFPsD0bwbo5FzvJW78ecyqvoev4z3riA="},"chainType":1,"messageKeys":{}}},"pendingPreKey":{"signedKeyId":10,"baseKey":"BRcIAESUN50hAk/mXa7rZdK/bgIhKFJ+eDtnydgvozF4","preKeyId":11570755}}},"version":"v1"}