{"_sessions":{"BbzHNv9fjrkblPMGuxNn5FIesMc66GJ04Z4pjEnVDKYy":{"registrationId":1746423601,"currentRatchet":{"ephemeralKeyPair":{"pubKey":"BfrIsnyIRl792tpwKgyfubAuWeoVWo4CSJuDOGdr1k5/","privKey":"6Gb31Oxy7RzoR1E2AOzWrgwonuiZP1pzftRTftI7P1s="},"lastRemoteEphemeralKey":"BX/LQcp0Q+B6b9rQH7bZHQlTp7GwzQ7H4wg0TuA9o/Z+","previousCounter":0,"rootKey":"b6Frin8V4L52KFIyYv0Pum5bvaSNnRtjWvhHJQKdn/E="},"indexInfo":{"baseKey":"BbzHNv9fjrkblPMGuxNn5FIesMc66GJ04Z4pjEnVDKYy","baseKeyType":1,"closed":-1,"used":1687233759549,"created":1687233759549,"remoteIdentityKey":"BX/LoRz6XoHf9X5uWj7WDmPIBqmsZxrFLej74nvDkwEY"},"_chains":{"BfrIsnyIRl792tpwKgyfubAuWeoVWo4CSJuDOGdr1k5/":{"chainKey":{"counter":3,"key":"g4c1uIWcdnGNucWdmmLEOrXytuXM6XqmXzwyABHLZYk="},"chainType":1,"messageKeys":{}}},"pendingPreKey":{"signedKeyId":7,"baseKey":"BbzHNv9fjrkblPMGuxNn5FIesMc66GJ04Z4pjEnVDKYy","preKeyId":5365468}}},"version":"v1"}