{"_sessions":{"BSKPWs/esxcVyB1MYd8v9C7QCb9hRgbLCVtaL4H5Zeh8":{"registrationId":1754903284,"currentRatchet":{"ephemeralKeyPair":{"pubKey":"BSnOQjwQrRtMUqOJ9FI/lz28xeXtWqS7dlKGy1IPzx4s","privKey":"6NpwjEpuIwRcrGmgwukBZgVxQ+80RTUNZciQSJjwT28="},"lastRemoteEphemeralKey":"BUCZxAmckmo5l3FhVDaxLFkxT4ba/AB5s3bTxQ6OlQ8r","previousCounter":0,"rootKey":"N5sIAkAiaN7RpZ01v04e5he2K/LXTTCQjgVAv1Na7M4="},"indexInfo":{"baseKey":"BSKPWs/esxcVyB1MYd8v9C7QCb9hRgbLCVtaL4H5Zeh8","baseKeyType":1,"closed":-1,"used":1687192081860,"created":1687192081860,"remoteIdentityKey":"BWHcUc3zFAZu48PSR9PilzKEANADqZsmnjK0AuKbMnY3"},"_chains":{"BSnOQjwQrRtMUqOJ9FI/lz28xeXtWqS7dlKGy1IPzx4s":{"chainKey":{"counter":1,"key":"vWncr+1TVZyFEFsPeSbL7PyirJeSSbh7lCETBDiUiqE="},"chainType":1,"messageKeys":{}}},"pendingPreKey":{"signedKeyId":1,"baseKey":"BSKPWs/esxcVyB1MYd8v9C7QCb9hRgbLCVtaL4H5Zeh8","preKeyId":8750826}}},"version":"v1"}