{"_sessions":{"BZxfIpA2VeNgbLs0IMmVeGjALg/rgQWiMHL37MyFTIVJ":{"registrationId":2018315843,"currentRatchet":{"ephemeralKeyPair":{"pubKey":"BcPYA13UCa9M9opifGrqqgb9BpbbAFGKCcH+JO7xlvEc","privKey":"kEMeBLo1Gr5JhDnHuljjP7akMzeYMpfQQAvBeamqp3I="},"lastRemoteEphemeralKey":"BYS1GT+Ed0M9YBBmYgaT95lz7y0j1qvpSj0Or8sS0P1T","previousCounter":0,"rootKey":"sdg5iddJx37K13jTZ3WR0zbKi9ug9l+Zuqy2Q0atCfY="},"indexInfo":{"baseKey":"BZxfIpA2VeNgbLs0IMmVeGjALg/rgQWiMHL37MyFTIVJ","baseKeyType":1,"closed":-1,"used":1687233759568,"created":1687233759568,"remoteIdentityKey":"BZsroUkQ7c0K1E3rI4Tu/hKLFEpUozeBFwVkZ3XILDMf"},"_chains":{"BcPYA13UCa9M9opifGrqqgb9BpbbAFGKCcH+JO7xlvEc":{"chainKey":{"counter":3,"key":"oDofMmUapzuwr+qGsOfX7bmQ/up/YpGaVswXROiC0ig="},"chainType":1,"messageKeys":{}}},"pendingPreKey":{"signedKeyId":18,"baseKey":"BZxfIpA2VeNgbLs0IMmVeGjALg/rgQWiMHL37MyFTIVJ","preKeyId":12654572}}},"version":"v1"}