{"_sessions":{"BY7t51mmoOF1szxw90vr0YRqf7rEh2pT0Zmm+kYwi65S":{"registrationId":244648283,"currentRatchet":{"ephemeralKeyPair":{"pubKey":"BSu/596Uuj4MXYta68Safndb+X20U0HxXVNs5qUoq+ta","privKey":"aMbUsvMF6XnBJZ+0dgXXOrSGgQPhClrxNnF9cWDGI0k="},"lastRemoteEphemeralKey":"BW4HkJBRzx2vPX5XA9sJUEyujXSt7ScfFTmPor9OfxFq","previousCounter":0,"rootKey":"gJlh+5Ti7KtZifoSmaFPZb48zXwwzTrghkcOWvHG6Jg="},"indexInfo":{"baseKey":"BY7t51mmoOF1szxw90vr0YRqf7rEh2pT0Zmm+kYwi65S","baseKeyType":2,"closed":1687192082914,"used":1687192167907,"created":1687192037745,"remoteIdentityKey":"BaDD9IWaHLYlPiPT2WJNyqcqCoquvgigVkj2C5gr7qAi"},"_chains":{"BVpI1IlOqZ5Rtaes0UytwUEjf5G37l7vBKLPGLS98xtW":{"chainKey":{"counter":5},"chainType":2,"messageKeys":{}},"BW4HkJBRzx2vPX5XA9sJUEyujXSt7ScfFTmPor9OfxFq":{"chainKey":{"counter":5,"key":"SsOUvBfMjdg5v2hzwW0kIAqozmZnmNcJgSTJKPVaBr0="},"chainType":2,"messageKeys":{}},"BSu/596Uuj4MXYta68Safndb+X20U0HxXVNs5qUoq+ta":{"chainKey":{"counter":-1,"key":"Z6CFACAfQ+4HvOBjrplfcJRv8CSB1NAV72SE3WG3o9I="},"chainType":1,"messageKeys":{}}}},"BfK9MMwrSFoH6iQmkavzv9x5+BOYFMVSidS9sviFKx8u":{"registrationId":244648283,"currentRatchet":{"ephemeralKeyPair":{"pubKey":"BYrWvfb+m+m8847cprwzd93MNSPXhak3I8I+4MaM49U+","privKey":"mISbaPmJgQ46K2fqNTAOXfPB6ZZuGvarkTvwFQWppks="},"lastRemoteEphemeralKey":"BW4HkJBRzx2vPX5XA9sJUEyujXSt7ScfFTmPor9OfxFq","previousCounter":-1,"rootKey":"gIbY9K2nb02B8qx7RncELE9sLcera+B+LwAnDTl9xcE="},"indexInfo":{"baseKey":"BfK9MMwrSFoH6iQmkavzv9x5+BOYFMVSidS9sviFKx8u","baseKeyType":1,"closed":1687192779518,"used":1687192082910,"created":1687192082910,"remoteIdentityKey":"BaDD9IWaHLYlPiPT2WJNyqcqCoquvgigVkj2C5gr7qAi"},"_chains":{"BW4HkJBRzx2vPX5XA9sJUEyujXSt7ScfFTmPor9OfxFq":{"chainKey":{"counter":0,"key":"roy0b2jrmOCxbwtq8vRzvdOFgrM/AzozNqP3zds/58Q="},"chainType":2,"messageKeys":{}},"BYrWvfb+m+m8847cprwzd93MNSPXhak3I8I+4MaM49U+":{"chainKey":{"counter":0,"key":"IgAVlWA9LaWQdwV8lp9PkV7zrhBl60N1yrilkqCOl6U="},"chainType":1,"messageKeys":{}}},"pendingPreKey":{"signedKeyId":3,"baseKey":"BfK9MMwrSFoH6iQmkavzv9x5+BOYFMVSidS9sviFKx8u","preKeyId":10240872}},"Bd8hHu3ZRakasruouHwbCUlVOuqpVhc/wSxU4QvIXkVN":{"registrationId":244648283,"currentRatchet":{"ephemeralKeyPair":{"pubKey":"BYTzp2tTKElHKKSKHE4kfm9re8pGgon76ORam9UpYBM+","privKey":"uOac5eiBfFfYWPxIfDumrETddoS4LmMcACzRBk2yp3I="},"lastRemoteEphemeralKey":"BZ+Zo2Kuo3T+7Ugg1RGRXNDS9abCLZ4wIDGywjNj+6MC","previousCounter":0,"rootKey":"zJIirr3e+IKotfZEFdZdOE9R12+hlqeWExEDZN19xf4="},"indexInfo":{"baseKey":"Bd8hHu3ZRakasruouHwbCUlVOuqpVhc/wSxU4QvIXkVN","baseKeyType":1,"closed":1687192780413,"used":1687192779515,"created":1687192779515,"remoteIdentityKey":"BaDD9IWaHLYlPiPT2WJNyqcqCoquvgigVkj2C5gr7qAi"},"_chains":{"BYTzp2tTKElHKKSKHE4kfm9re8pGgon76ORam9UpYBM+":{"chainKey":{"counter":-1,"key":"VuZTz+2AcLL8bcH7o62K9ecT1qHFVFAt9dkyqlDKYAQ="},"chainType":1,"messageKeys":{}}},"pendingPreKey":{"signedKeyId":3,"baseKey":"Bd8hHu3ZRakasruouHwbCUlVOuqpVhc/wSxU4QvIXkVN","preKeyId":10240970}},"BZMBTLqkc3DWOzds61qi50z6oBtfBmUTGMOubZkS9P4+":{"registrationId":244648283,"currentRatchet":{"ephemeralKeyPair":{"pubKey":"Bevupwme0LYdfYqSwxQcXdnWKVe0RXDgnrygNhMpgPlR","privKey":"KFvHyUuvywLaaRaLcqn+KByMx0SeIMqUaQpW02blNk4="},"lastRemoteEphemeralKey":"BZ+Zo2Kuo3T+7Ugg1RGRXNDS9abCLZ4wIDGywjNj+6MC","previousCounter":0,"rootKey":"3YfJ4TecKElgDIbbz61hU8sHDAx5M5oWdHOMMnwm/YI="},"indexInfo":{"baseKey":"BZMBTLqkc3DWOzds61qi50z6oBtfBmUTGMOubZkS9P4+","baseKeyType":1,"closed":1687247979618,"used":1687192780406,"created":1687192780406,"remoteIdentityKey":"BaDD9IWaHLYlPiPT2WJNyqcqCoquvgigVkj2C5gr7qAi"},"_chains":{"Bevupwme0LYdfYqSwxQcXdnWKVe0RXDgnrygNhMpgPlR":{"chainKey":{"counter":75,"key":"qcjR850PajYKMibAoXw8astMyMTCOrJg1t2k+r+QAGU="},"chainType":1,"messageKeys":{}}},"pendingPreKey":{"signedKeyId":3,"baseKey":"BZMBTLqkc3DWOzds61qi50z6oBtfBmUTGMOubZkS9P4+","preKeyId":10240947}},"BdXdJuSKBen/OTQFYeM82Mo4Nu81wvMHOMHJEvbLTLxu":{"registrationId":244648283,"currentRatchet":{"ephemeralKeyPair":{"pubKey":"BQhcEt2sQelsrZRfKi7SaIaxlEzxvD/SRC+ldL9v3vUy","privKey":"MFtfD+2ez0wGDc+HmlS3+cR1wmYr3rfmbRV0CpFHcE4="},"lastRemoteEphemeralKey":"BZ+Zo2Kuo3T+7Ugg1RGRXNDS9abCLZ4wIDGywjNj+6MC","previousCounter":0,"rootKey":"z8uCSjGZWGpjGdxv0ovQTcwSrybJeyqYa1ljRYg+Q68="},"indexInfo":{"baseKey":"BdXdJuSKBen/OTQFYeM82Mo4Nu81wvMHOMHJEvbLTLxu","baseKeyType":1,"closed":1687247992012,"used":1687247979598,"created":1687247979598,"remoteIdentityKey":"BaDD9IWaHLYlPiPT2WJNyqcqCoquvgigVkj2C5gr7qAi"},"_chains":{"BQhcEt2sQelsrZRfKi7SaIaxlEzxvD/SRC+ldL9v3vUy":{"chainKey":{"counter":1,"key":"BJEphx0oeynlFM6ObYwamw78ODvBwYy5KsRmW4YEmA0="},"chainType":1,"messageKeys":{}}},"pendingPreKey":{"signedKeyId":3,"baseKey":"BdXdJuSKBen/OTQFYeM82Mo4Nu81wvMHOMHJEvbLTLxu","preKeyId":10240886}},"BTH8kG7trewYOlFJqYrCb3JpCGWw1f0ouRoaA2rX4LoR":{"registrationId":244648283,"currentRatchet":{"ephemeralKeyPair":{"pubKey":"BRFYKoU/xXPzDB1j89oYSQesH2XgZe9uX3DziuKLmdJn","privKey":"OL7uFVKW+1xb4O+lwrkgluUAd6EtwGcHO6W8OsawM1g="},"lastRemoteEphemeralKey":"BZ+Zo2Kuo3T+7Ugg1RGRXNDS9abCLZ4wIDGywjNj+6MC","previousCounter":0,"rootKey":"//oI5ncPcohmhVCl7CEjNocwrVeksBDdKD+uPrY63to="},"indexInfo":{"baseKey":"BTH8kG7trewYOlFJqYrCb3JpCGWw1f0ouRoaA2rX4LoR","baseKeyType":1,"closed":-1,"used":1687247991991,"created":1687247991991,"remoteIdentityKey":"BaDD9IWaHLYlPiPT2WJNyqcqCoquvgigVkj2C5gr7qAi"},"_chains":{"BRFYKoU/xXPzDB1j89oYSQesH2XgZe9uX3DziuKLmdJn":{"chainKey":{"counter":24,"key":"3cDIPlXUP36sjmBWATKEeyoI7CbLFRj2/7bC5fzE9MI="},"chainType":1,"messageKeys":{}}},"pendingPreKey":{"signedKeyId":3,"baseKey":"BTH8kG7trewYOlFJqYrCb3JpCGWw1f0ouRoaA2rX4LoR","preKeyId":10240900}}},"version":"v1"}