{"_sessions":{"BSOwtLMjUpe+CrVpYcS+vYkzjZSPHY5izvVCeaQmhIEs":{"registrationId":918145627,"currentRatchet":{"ephemeralKeyPair":{"pubKey":"BQXZ8QeE8QB4Ojcx2YXJwGB2S5tEwqreF8WOSJQEEkIq","privKey":"EN2BuBIi76DLKYBkTCiM8Kuh8gJAD1w0AzfKd4ZJ+UU="},"lastRemoteEphemeralKey":"Bbm4Bha6eLnpPRF+eSIQsx4c6tgSFCvwZsbpUbH/m04j","previousCounter":0,"rootKey":"B8ZBuU2u78FH+C+r/JIpf7LUGakTpzsVrxGhjnngX08="},"indexInfo":{"baseKey":"BSOwtLMjUpe+CrVpYcS+vYkzjZSPHY5izvVCeaQmhIEs","baseKeyType":1,"closed":1687247977362,"used":1687236572431,"created":1687236572431,"remoteIdentityKey":"BWWty85lC+3PTWoj5fwBA7+m0tZ02uLQ/6NLR/fzNUU4"},"_chains":{"BQXZ8QeE8QB4Ojcx2YXJwGB2S5tEwqreF8WOSJQEEkIq":{"chainKey":{"counter":0,"key":"Lg5pBIfgxuZMtkyPB9DWlQjmcBDv5t2BPwrpVJiLMkQ="},"chainType":1,"messageKeys":{}}},"pendingPreKey":{"signedKeyId":14,"baseKey":"BSOwtLMjUpe+CrVpYcS+vYkzjZSPHY5izvVCeaQmhIEs","preKeyId":1471166}},"BRULHnQPjC3kcu0wlkB1NMSfnw9EiEwKGogqWoy9ESER":{"registrationId":918145627,"currentRatchet":{"ephemeralKeyPair":{"pubKey":"BSxWUhHeHlIOXMcyGBOjD+AWlwokeHif1YO3tAnkxmRN","privKey":"4B3bJF6TMse5+Uyy8uR4aX8EHy2Fnt56mLxND4FwEls="},"lastRemoteEphemeralKey":"Bbm4Bha6eLnpPRF+eSIQsx4c6tgSFCvwZsbpUbH/m04j","previousCounter":0,"rootKey":"pQUU9La84PRamQC412iuazX5MW4H4Yd1yGDxIBl/1TQ="},"indexInfo":{"baseKey":"BRULHnQPjC3kcu0wlkB1NMSfnw9EiEwKGogqWoy9ESER","baseKeyType":1,"closed":1687247990810,"used":1687247977351,"created":1687247977351,"remoteIdentityKey":"BWWty85lC+3PTWoj5fwBA7+m0tZ02uLQ/6NLR/fzNUU4"},"_chains":{"BSxWUhHeHlIOXMcyGBOjD+AWlwokeHif1YO3tAnkxmRN":{"chainKey":{"counter":1,"key":"srOFUJ6XTpTHRlP10Z546S+2dQ6RxipOFNy7ZVCHuuU="},"chainType":1,"messageKeys":{}}},"pendingPreKey":{"signedKeyId":14,"baseKey":"BRULHnQPjC3kcu0wlkB1NMSfnw9EiEwKGogqWoy9ESER","preKeyId":1471240}},"Bf5AjxY8K1sY1Ujrpr30d+YrX31TMTXb9tyXcUaoIVQh":{"registrationId":918145627,"currentRatchet":{"ephemeralKeyPair":{"pubKey":"BaC7Jwb/bvR7TEONEf0FniC2p+Z02qYg+yXlw0hvSfo2","privKey":"cL1bhLzEDfGyKnGgE0DkfkC5Tfubo7gW6vdD204ksEo="},"lastRemoteEphemeralKey":"Bbm4Bha6eLnpPRF+eSIQsx4c6tgSFCvwZsbpUbH/m04j","previousCounter":0,"rootKey":"MVjBk3ihpwm62f1olBtpmifT6IZxeghED7N934OOAuM="},"indexInfo":{"baseKey":"Bf5AjxY8K1sY1Ujrpr30d+YrX31TMTXb9tyXcUaoIVQh","baseKeyType":1,"closed":-1,"used":1687247990630,"created":1687247990630,"remoteIdentityKey":"BWWty85lC+3PTWoj5fwBA7+m0tZ02uLQ/6NLR/fzNUU4"},"_chains":{"BaC7Jwb/bvR7TEONEf0FniC2p+Z02qYg+yXlw0hvSfo2":{"chainKey":{"counter":0,"key":"X+oQCn/TvOKwr/LlNUVSJVLo8UP6tsi6e5yNdbfmXTE="},"chainType":1,"messageKeys":{}}},"pendingPreKey":{"signedKeyId":14,"baseKey":"Bf5AjxY8K1sY1Ujrpr30d+YrX31TMTXb9tyXcUaoIVQh","preKeyId":1471182}}},"version":"v1"}