{"_sessions":{"BdaSua9XYO7hysxGNIrpDYMjbcrS4uhahKGPW5/JRKMK":{"registrationId":1437252160,"currentRatchet":{"ephemeralKeyPair":{"pubKey":"BaL3aM8CvfSTVNByzMOReWI/GwHaPtljOt2pZ4CKMhRQ","privKey":"2MHc8uk4uiMUlGnR7JFE+EVljIgzEylF4/kUiGoekk4="},"lastRemoteEphemeralKey":"BXcgiQB1Wv5MjXe98b69uUxsEL3WxKALn6fu205H4cR6","previousCounter":0,"rootKey":"+rRp7UROUBvp8vIPAFibbeH5hU2Uaut60DCdyhs/F3Y="},"indexInfo":{"baseKey":"BdaSua9XYO7hysxGNIrpDYMjbcrS4uhahKGPW5/JRKMK","baseKeyType":1,"closed":-1,"used":1687195778042,"created":1687195778042,"remoteIdentityKey":"BXkGUviGqZeIJh/62oo7q+dtrGiN5RmD62xTdM3AtRx6"},"_chains":{"BaL3aM8CvfSTVNByzMOReWI/GwHaPtljOt2pZ4CKMhRQ":{"chainKey":{"counter":0,"key":"UqKnuVPahi1uK8x7iq1lWBB/iLhEm48Lr4ZmBUWrOfI="},"chainType":1,"messageKeys":{}}},"pendingPreKey":{"signedKeyId":16,"baseKey":"BdaSua9XYO7hysxGNIrpDYMjbcrS4uhahKGPW5/JRKMK","preKeyId":14508283}}},"version":"v1"}