{"_sessions":{"BfYNuJUgvUspXt+SZqi1Cmt8DRismihWoZ2bE2XDMLlp":{"registrationId":688030130,"currentRatchet":{"ephemeralKeyPair":{"pubKey":"BZUa7VmnB8rwMvwSM/nP6psQulMIXDSdgaIwE4Bc37sz","privKey":"cGOA9nWMoATedUJ1e0oS3CkDk5O6UQl4xwAE6PRbE10="},"lastRemoteEphemeralKey":"BRK4l8XzguTdFwGcG1ense6ucOXphlECXOjyY4ANRQMw","previousCounter":1,"rootKey":"jo25UQSesEs5mDeMSMOykYw0p7TPwD7HmNnqu0jS0M0="},"indexInfo":{"baseKey":"BfYNuJUgvUspXt+SZqi1Cmt8DRismihWoZ2bE2XDMLlp","baseKeyType":2,"closed":-1,"used":1687271670457,"created":1687194655519,"remoteIdentityKey":"BYZA5Xl4kUz4jpYvAavfZ83+9tx0RfGp1jHMVRkGuewQ"},"_chains":{"BXfqiGu64+aedkyb32lcCU8TFcvvuDecE9nWSg3Zexsk":{"chainKey":{"counter":2},"chainType":2,"messageKeys":{"1":"i5OUSQhBAf/1i0szKbqYVdPHhMHyOIEJxrxjWpIlFzw="}},"BQEUwRsY2lOby6Vrc/hPDJGwTd1vWsnGKwOgQSdv+GgA":{"chainKey":{"counter":2},"chainType":2,"messageKeys":{}},"BRK4l8XzguTdFwGcG1ense6ucOXphlECXOjyY4ANRQMw":{"chainKey":{"counter":13,"key":"FXLZuDw0tGNIL0Q+FBH6v7vcfU0gqkviOwITQYfnc1M="},"chainType":2,"messageKeys":{}},"BZUa7VmnB8rwMvwSM/nP6psQulMIXDSdgaIwE4Bc37sz":{"chainKey":{"counter":-1,"key":"+Oi/kgipAFD1nU6i4EUCNMltGI80bw6QAoLAeSybcJ0="},"chainType":1,"messageKeys":{}}}}},"version":"v1"}