{"_sessions":{"BRxqRzSNC7kas5rMMJ2ouCuvwPyom+a+e8zZU2QggEk8":{"registrationId":2648915,"currentRatchet":{"ephemeralKeyPair":{"pubKey":"BXG2So/VaYW4QiCtPpFS4rKK4AxwUIe0836KTaxnb/RU","privKey":"UHK8Ee3o1OvdVe/NSVyBvSu14kFa8Y1+9/9HDVI0okU="},"lastRemoteEphemeralKey":"BdL1Ic8ACC2HDJvzS6zk8Plf20gvMM/yr5knyVPDKg9t","previousCounter":0,"rootKey":"Ec2KE/LDAoe+JCLKJKj+1FEs6ZwK7+vS24QaOEkW5Gs="},"indexInfo":{"baseKey":"BRxqRzSNC7kas5rMMJ2ouCuvwPyom+a+e8zZU2QggEk8","baseKeyType":1,"closed":-1,"used":1687233759261,"created":1687233759261,"remoteIdentityKey":"BTMtQtLugmiERD84/FzXhEkutcz3VmoIZk/mkz+wlNNC"},"_chains":{"BXG2So/VaYW4QiCtPpFS4rKK4AxwUIe0836KTaxnb/RU":{"chainKey":{"counter":3,"key":"C8wF44T1uLjALJc9ES/W+WZBqRyc9htqrB6JPnsE5tE="},"chainType":1,"messageKeys":{}}},"pendingPreKey":{"signedKeyId":0,"baseKey":"BRxqRzSNC7kas5rMMJ2ouCuvwPyom+a+e8zZU2QggEk8","preKeyId":5347820}}},"version":"v1"}