{"_sessions":{"BY5NvoLANHbWPUefRLIRiOVK/2PzCcl2BpmwgOdtRP0g":{"registrationId":504851008,"currentRatchet":{"ephemeralKeyPair":{"pubKey":"BQ7KGfmjVcMHtOjdGOkq8hxc1HKtwCJeJolVT7EfaY1n","privKey":"MDjyvhxELacNPaIYuypIB53T6A97xhzYHeROJh1v4UQ="},"lastRemoteEphemeralKey":"BRFrNFs7wtl5LbQaGxb+z/qRpHIu3Xb/CG7Ju4+yFJlF","previousCounter":0,"rootKey":"5nVQVa4yuhNYqWC5yU6povVbK+Nkdek18BE7XBctHnU="},"indexInfo":{"baseKey":"BY5NvoLANHbWPUefRLIRiOVK/2PzCcl2BpmwgOdtRP0g","baseKeyType":1,"closed":-1,"used":1687192853248,"created":1687192853248,"remoteIdentityKey":"BXuPmyQFxeWvOCCHPDwhsD4YTs2+zFW0E6smMkl7MpJw"},"_chains":{"BQ7KGfmjVcMHtOjdGOkq8hxc1HKtwCJeJolVT7EfaY1n":{"chainKey":{"counter":0,"key":"a694/QHweKXOVTZw0p+Sd/hbQ7KlgpLAJ5MUZ585X0c="},"chainType":1,"messageKeys":{}}},"pendingPreKey":{"signedKeyId":9,"baseKey":"BY5NvoLANHbWPUefRLIRiOVK/2PzCcl2BpmwgOdtRP0g","preKeyId":13398320}}},"version":"v1"}