{"_sessions":{"BW2Ju1qpBs2buKq11ubOggCiWcy97mjOzNG8ZzOlNOFd":{"registrationId":527955766,"currentRatchet":{"ephemeralKeyPair":{"pubKey":"BTUmn4VTwD63E4A9SG8Gk4VWMvjio5n60B6vSZ8TIBh2","privKey":"aOU30kqB/GCnMJBLh1UiUzCmEiMzjWvhDpRHBX0HRFY="},"lastRemoteEphemeralKey":"Bf9yjftnYQ8m6QbcYlVgNmBfeVIEPSNv2m3X+eGOdm43","previousCounter":0,"rootKey":"Edm3YAohpasnQqPyyJ/MRuE69PxqRjkixJzxXKWtVyw="},"indexInfo":{"baseKey":"BW2Ju1qpBs2buKq11ubOggCiWcy97mjOzNG8ZzOlNOFd","baseKeyType":1,"closed":-1,"used":1687233759534,"created":1687233759534,"remoteIdentityKey":"BRHE7RF4fz63DsBzc+7FdrdOHdXS7BMirHYBdX1WIiZT"},"_chains":{"BTUmn4VTwD63E4A9SG8Gk4VWMvjio5n60B6vSZ8TIBh2":{"chainKey":{"counter":3,"key":"hITYxrZ6VC4AyVhavd+JAITLzUdQQbseYMLVblMp37c="},"chainType":1,"messageKeys":{}}},"pendingPreKey":{"signedKeyId":0,"baseKey":"BW2Ju1qpBs2buKq11ubOggCiWcy97mjOzNG8ZzOlNOFd","preKeyId":988062}}},"version":"v1"}