{"_sessions":{"BVCnl85Al2Y+31YF2ZfBLQ0JFnRm1X/mRifRVGp9cI0w":{"registrationId":1680589995,"currentRatchet":{"ephemeralKeyPair":{"pubKey":"BessfjQihvV/Dm9yl9WD10vGVQE6Lo1ykZRX/ewxGaEZ","privKey":"mABXhOo3d4/IuzSq1fcZf6YC7VVOnmWb5AQno/BI8GQ="},"lastRemoteEphemeralKey":"Be48NqVGqbIMuhdUVMOg0mYSKBd1+LJWVLCPslkmqmhD","previousCounter":0,"rootKey":"SH3Q+eDLwxDtIH2YLqcc0Gdqq1oZ+Sec4YX8hfWfVEE="},"indexInfo":{"baseKey":"BVCnl85Al2Y+31YF2ZfBLQ0JFnRm1X/mRifRVGp9cI0w","baseKeyType":1,"closed":-1,"used":1687236572506,"created":1687236572506,"remoteIdentityKey":"Bfukb7HUhcDOMA8xHx6M12T9/hInfC+KcozlUxeUpwkc"},"_chains":{"BessfjQihvV/Dm9yl9WD10vGVQE6Lo1ykZRX/ewxGaEZ":{"chainKey":{"counter":3,"key":"Fh2WiUyM1u++6DcRZnnweyxJ2CPl/i9SZNcwnebK304="},"chainType":1,"messageKeys":{}}},"pendingPreKey":{"signedKeyId":40,"baseKey":"BVCnl85Al2Y+31YF2ZfBLQ0JFnRm1X/mRifRVGp9cI0w","preKeyId":15658830}}},"version":"v1"}