{"_sessions":{"BbUqhlRlowP4izJDsxuNNoH+IwqQXvcRvig/5TgAqtIj":{"registrationId":1802654960,"currentRatchet":{"ephemeralKeyPair":{"pubKey":"BZTlbmjl1v74wau5xa4GZdEqu/QtEvJaPyiHMG5ss8Uz","privKey":"uBtOvTAFbuLhfAVzxxOA2cCbR/dfsuL3NgS4hSDmvEs="},"lastRemoteEphemeralKey":"BXzodmANgMxw94DL7iA2dARULXMGYM4OYITFNwKBAH1m","previousCounter":0,"rootKey":"fPzlULIzt9ogPQwVgvoSJXi56Yco9RL14ybZJvkrCtk="},"indexInfo":{"baseKey":"BbUqhlRlowP4izJDsxuNNoH+IwqQXvcRvig/5TgAqtIj","baseKeyType":2,"closed":-1,"used":1687271120237,"created":1687271120237,"remoteIdentityKey":"BXzTR18spTqtBP7uGSWSvwElpnFXk9eXV3Uh0ssgTwtD"},"_chains":{"BXzodmANgMxw94DL7iA2dARULXMGYM4OYITFNwKBAH1m":{"chainKey":{"counter":1,"key":"/dldi2KomRgd79NBm5+ezpj/kyBBxnmnuVrjDdHWIX8="},"chainType":2,"messageKeys":{}},"BZTlbmjl1v74wau5xa4GZdEqu/QtEvJaPyiHMG5ss8Uz":{"chainKey":{"counter":-1,"key":"vQeCVMR598ZLR10XV26Kb+YsqaN1g4K6J+1pfhtQmIg="},"chainType":1,"messageKeys":{}}}}},"version":"v1"}