{"_sessions":{"BVsgJ53mkBcAF9mcf32GxeTbk1reDT5s1Sg3Cpn4qFhH":{"registrationId":772114392,"currentRatchet":{"ephemeralKeyPair":{"pubKey":"BRyzsN2aH7f8wfPgOYFQCeYrg9+oyatescTPsziLgAUi","privKey":"gBiuZoM6p6A7r5G7glHwfQaaQSI/rmO0BuVaszgjFE8="},"lastRemoteEphemeralKey":"BXFiNsJss+Vf0FMHjSxmh9xb7ad0F69EloUGeMATcEwk","previousCounter":0,"rootKey":"o6Y0aJjGVYvBacTeQw0unm1xGQ3D0IST0QqnIxZXnbc="},"indexInfo":{"baseKey":"BVsgJ53mkBcAF9mcf32GxeTbk1reDT5s1Sg3Cpn4qFhH","baseKeyType":1,"closed":-1,"used":1687260746069,"created":1687195777848,"remoteIdentityKey":"BcNOHvM0cLZZlM90T814pHRGmrPiJFb8nYKzpZpk/Hcl"},"_chains":{"BXFiNsJss+Vf0FMHjSxmh9xb7ad0F69EloUGeMATcEwk":{"chainKey":{"counter":0,"key":"6zjd9cwuZ99M6WP5KsC4+i97MBhxoWG+lfatJv4ucv4="},"chainType":2,"messageKeys":{}},"BRyzsN2aH7f8wfPgOYFQCeYrg9+oyatescTPsziLgAUi":{"chainKey":{"counter":-1,"key":"7QGijDawU9Fe9ARG+Hskg+6/ZfoJLzxKFi9yA0PcXRA="},"chainType":1,"messageKeys":{}}}}},"version":"v1"}