{"_sessions":{"BQQG84L2e58ZRxWZxBo3V621I8QgvfjK2ZF98vz3l70T":{"registrationId":329545401,"currentRatchet":{"ephemeralKeyPair":{"pubKey":"Bdnx3sSqYL2YpXGa9AriNo+S+K9hWAXRDqsy9zuGO4o0","privKey":"uEy+0R8vWpBWzBXoy8NNaBPJXoeGy7NQ3QCI+9P06mE="},"lastRemoteEphemeralKey":"BbjS2cfsPG7VLiBylmp3mGSM1rMVEzsUuInqc2+DttdY","previousCounter":0,"rootKey":"gpkum2TlKu+6B8NC+EzYK1KR48hACOdwR1XQklz/nwM="},"indexInfo":{"baseKey":"BQQG84L2e58ZRxWZxBo3V621I8QgvfjK2ZF98vz3l70T","baseKeyType":2,"closed":-1,"used":1687258085247,"created":1687258085247,"remoteIdentityKey":"BWJVOBmd1PZbxXUcS0djjFoCV32Ej+gY15koZtMW2eQF"},"_chains":{"BbjS2cfsPG7VLiBylmp3mGSM1rMVEzsUuInqc2+DttdY":{"chainKey":{"counter":0,"key":"fjHiwRVWrdMBy+9JLTxhY/mwaoubLnG8SSSAmlJAvP4="},"chainType":2,"messageKeys":{}},"Bdnx3sSqYL2YpXGa9AriNo+S+K9hWAXRDqsy9zuGO4o0":{"chainKey":{"counter":-1,"key":"Da3DaHRqevbdjEudMjrSEbDbtsuKaRddSAQcZ3FvNVY="},"chainType":1,"messageKeys":{}}}}},"version":"v1"}