{"_sessions":{"BZEf+3AoNhozeJgI6fgcx9rnnLoLqg0NNFUj6M0Ufydz":{"registrationId":896470938,"currentRatchet":{"ephemeralKeyPair":{"pubKey":"Bez+Bplkmvy3jT9Na0YDmJUB60FLmd1Je6vW2/otF1Z3","privKey":"GCk/tB+KYD5P4QKu3rrRFd+XXtipKiaLcOlUP9mIm34="},"lastRemoteEphemeralKey":"Bbfb6qBqtzwRv0nLPxHhGUEgHHk9dFwTVIgAZuVGIepE","previousCounter":0,"rootKey":"vx7jUgV4tsfQmX/gAAx0x1hsBuK/DYJrfkW+CM77228="},"indexInfo":{"baseKey":"BZEf+3AoNhozeJgI6fgcx9rnnLoLqg0NNFUj6M0Ufydz","baseKeyType":1,"closed":-1,"used":1687233759590,"created":1687233759590,"remoteIdentityKey":"Ba1fw8dUKwKCcjwKFQnkA9nwsQjbbL8BBuW3mmEWP2Um"},"_chains":{"Bez+Bplkmvy3jT9Na0YDmJUB60FLmd1Je6vW2/otF1Z3":{"chainKey":{"counter":3,"key":"zAszzX2KTRxzafF5so7stCQoeDUxk0KaJuJnW06AirY="},"chainType":1,"messageKeys":{}}},"pendingPreKey":{"signedKeyId":13,"baseKey":"BZEf+3AoNhozeJgI6fgcx9rnnLoLqg0NNFUj6M0Ufydz","preKeyId":3478951}}},"version":"v1"}