{"_sessions":{"BapCUeu+K+4vMZpA8mn48XxYk5F06vml6rCZDxbEqVJH":{"registrationId":283411676,"currentRatchet":{"ephemeralKeyPair":{"pubKey":"Be3ThLNo/ZrQJPo2b0IsxCGBnhSwRisHfSpGs9JLOUIH","privKey":"4GCL3IwmEwQ8eVMAzpCNhGg9VIByp4Tn3h257cr6j2g="},"lastRemoteEphemeralKey":"BQNaY8oMB4geceOHCtQtdvUDL6DFhaX/4evixDhuZFtO","previousCounter":0,"rootKey":"qz1tUBOlRV7NTpRuu91lSiBMa81mt7qrzpW2XKvXi5o="},"indexInfo":{"baseKey":"BapCUeu+K+4vMZpA8mn48XxYk5F06vml6rCZDxbEqVJH","baseKeyType":1,"closed":-1,"used":1687233759397,"created":1687233759397,"remoteIdentityKey":"Bfuwlos+Achg7+gUFS6ZrsYCyVxLAbZAlrl9M7mGwjUx"},"_chains":{"Be3ThLNo/ZrQJPo2b0IsxCGBnhSwRisHfSpGs9JLOUIH":{"chainKey":{"counter":3,"key":"527985SWN6AXjeUDJrhPuaQOfd0sYbO5ejMZ9aGmv64="},"chainType":1,"messageKeys":{}}},"pendingPreKey":{"signedKeyId":11,"baseKey":"BapCUeu+K+4vMZpA8mn48XxYk5F06vml6rCZDxbEqVJH","preKeyId":11118535}}},"version":"v1"}