{"_sessions":{"Be8WjxmDafCB7CByuvr1kSZ7MAoHe1A4ci6bwA4bj9sV":{"registrationId":1375548159,"currentRatchet":{"ephemeralKeyPair":{"pubKey":"BX6XAwSKPS4Y0+Zsisw9hHwcQ2D5sNq+axKZaxD6tZpp","privKey":"IPmxSw1J/Tt1+Sta4GpxGo7STdkQUOg9PRon2+QWu3I="},"lastRemoteEphemeralKey":"BYkDnRAktNitDR5DAZRee+YwiaJjvuXqBLj8f/iOZHA6","previousCounter":0,"rootKey":"Ea5nhaFzE19viEN6y7L9eP7Hu+wXnfqQZT9b7Fm/vZg="},"indexInfo":{"baseKey":"Be8WjxmDafCB7CByuvr1kSZ7MAoHe1A4ci6bwA4bj9sV","baseKeyType":1,"closed":-1,"used":1687195777824,"created":1687195777824,"remoteIdentityKey":"BVMs0mkicx+TGfcp6zPTUdtx9ihe66j3WsOhrDypOt1k"},"_chains":{"BX6XAwSKPS4Y0+Zsisw9hHwcQ2D5sNq+axKZaxD6tZpp":{"chainKey":{"counter":0,"key":"nKUgqF2dTruFsxN7k8RZw49GEfqq1vBLH7wbSHuBDEQ="},"chainType":1,"messageKeys":{}}},"pendingPreKey":{"signedKeyId":2,"baseKey":"Be8WjxmDafCB7CByuvr1kSZ7MAoHe1A4ci6bwA4bj9sV","preKeyId":5668770}}},"version":"v1"}