{"_sessions":{"BUi21cermQdIHvIbjVeC/QdhiZS8I8HBTi3Zt7qWKxgM":{"registrationId":951195540,"currentRatchet":{"ephemeralKeyPair":{"pubKey":"BVKO1lmdyRybobirjomQPhscJMZt5LlokJbbTWyJIt9e","privKey":"gPddDsF6QTs85JDi5NTwi+tG8iEWrerQgab6/kHD4UI="},"lastRemoteEphemeralKey":"BYEzwWRBYigzhxwsCuYMRjwS9eIwo1nOy5gkuK2fKaUK","previousCounter":1,"rootKey":"D7OYVgONa9B2+2z0GAuNw3uEGbbo/niu2OHpghaAilk="},"indexInfo":{"baseKey":"BUi21cermQdIHvIbjVeC/QdhiZS8I8HBTi3Zt7qWKxgM","baseKeyType":1,"closed":-1,"used":1687275482901,"created":1687233759013,"remoteIdentityKey":"BTLv9jffe52YkTCbQFQEPO2hCXMKjjXawxd87mpV2Sxo"},"_chains":{"BeSR4NNAyokA3z/Vbk2vBycI1noeUcULv/zxL6aCg/Yt":{"chainKey":{"counter":0},"chainType":2,"messageKeys":{}},"BYEzwWRBYigzhxwsCuYMRjwS9eIwo1nOy5gkuK2fKaUK":{"chainKey":{"counter":0,"key":"R8c1XxJ3IJBT/AYm5ksIvK2dgG5rQTVHSQZGvVpMXfI="},"chainType":2,"messageKeys":{}},"BVKO1lmdyRybobirjomQPhscJMZt5LlokJbbTWyJIt9e":{"chainKey":{"counter":-1,"key":"15LGeU2bzYieXpmU+6tJTlVIKtDfuvWOU9ncT31L0AA="},"chainType":1,"messageKeys":{}}}}},"version":"v1"}