{"_sessions":{"Ba/6DwwgAhX1AReFfK9HKD1Kbt74KxD4EKXAquAEJw8J":{"registrationId":2091376614,"currentRatchet":{"ephemeralKeyPair":{"pubKey":"BaZ0xksdAXzWbQAQh26fmlhXOOKXhImHOk+luecgPQNq","privKey":"eK+d6Wps73hE2i6uPdfR6VswDO7eFxoCKbPItjGeoks="},"lastRemoteEphemeralKey":"BSL2rnfV21rkZWqqLDvYGZZK2KCb0aSq+bcB3m3pQ6g8","previousCounter":0,"rootKey":"6H0f35pgoutdTCTMmIL1ydIWxHfujZqSEVPwboWTZrc="},"indexInfo":{"baseKey":"Ba/6DwwgAhX1AReFfK9HKD1Kbt74KxD4EKXAquAEJw8J","baseKeyType":1,"closed":-1,"used":1687192853346,"created":1687192853346,"remoteIdentityKey":"BSY3wVQco2LuEA2qfQrBJD5MQizww1ScGmxA8LzwX3wB"},"_chains":{"BaZ0xksdAXzWbQAQh26fmlhXOOKXhImHOk+luecgPQNq":{"chainKey":{"counter":0,"key":"oQEdbNT8y1qxFC/535JVbzY4MJYw48DRyR/oNrnbTns="},"chainType":1,"messageKeys":{}}},"pendingPreKey":{"signedKeyId":7,"baseKey":"Ba/6DwwgAhX1AReFfK9HKD1Kbt74KxD4EKXAquAEJw8J","preKeyId":8939026}}},"version":"v1"}