{"_sessions":{"BRhxXsrCXRW3txhahSmbu6nPaaxpNJiQtTztkG2m7EsX":{"registrationId":1794025360,"currentRatchet":{"ephemeralKeyPair":{"pubKey":"BVekxPABW1kmcppZTtaI5C92uEc3jEH5pQFfnU9MIGhP","privKey":"cFF9XOhFCBHWp+HwnqTl9GnZoLy1dSaqph2nMn5kc3o="},"lastRemoteEphemeralKey":"BbyG6bt7WcA7ZlrosgD9iI8Qt7YeNEJqlfvc8dHnG+Qn","previousCounter":0,"rootKey":"c2H0sAopkHd169CJQvdwYj6+SbbI43QDUQNg6/3tU0M="},"indexInfo":{"baseKey":"BRhxXsrCXRW3txhahSmbu6nPaaxpNJiQtTztkG2m7EsX","baseKeyType":1,"closed":-1,"used":1687195778069,"created":1687195778069,"remoteIdentityKey":"BRIAGn2g1jemQUeplo2iad0gKEXhTSRNpg+Qw8Taael2"},"_chains":{"BVekxPABW1kmcppZTtaI5C92uEc3jEH5pQFfnU9MIGhP":{"chainKey":{"counter":0,"key":"TCA8C/9+KSgCEocRTrOzZHsJ8q/PaJS01Qw/mu5D6yM="},"chainType":1,"messageKeys":{}}},"pendingPreKey":{"signedKeyId":1,"baseKey":"BRhxXsrCXRW3txhahSmbu6nPaaxpNJiQtTztkG2m7EsX","preKeyId":683589}}},"version":"v1"}