{"_sessions":{"BXbPQOmxM/TmN7ngLAx5H09g+JDmV06Q6vOYPuCCVHMx":{"registrationId":568613797,"currentRatchet":{"ephemeralKeyPair":{"pubKey":"Bcmm2J0t1cwsv0ybOZTTCyX4wlh28+tnf4S0SsyfjFcr","privKey":"OG3NoR9NfsG1jDWDG12eNo9PK5VYLX5IlQoUVTdp22o="},"lastRemoteEphemeralKey":"BW3hV1Dq0KpclREZpxJfhonVVMwzpOp5P8U9XKgK2H5z","previousCounter":1,"rootKey":"jbXlt8+e8fVUPOOvGhUnQ0qWQIOBN5xchuxuMdNbgtc="},"indexInfo":{"baseKey":"BXbPQOmxM/TmN7ngLAx5H09g+JDmV06Q6vOYPuCCVHMx","baseKeyType":1,"closed":-1,"used":1687241302957,"created":1687192081928,"remoteIdentityKey":"BZuCfS1D8ZBZoIo45pCCQ+FUjdKGCUEnZUez6YX9rOB/"},"_chains":{"BW3hV1Dq0KpclREZpxJfhonVVMwzpOp5P8U9XKgK2H5z":{"chainKey":{"counter":0,"key":"aG4zcOetZZJa8RUaoU3Hq+vJQLsXxINNx19xtrZR20A="},"chainType":2,"messageKeys":{}},"Bcmm2J0t1cwsv0ybOZTTCyX4wlh28+tnf4S0SsyfjFcr":{"chainKey":{"counter":-1,"key":"oGpBet5bd7XkVkNaA7oyemVrefohEtHIXPWDpUQizH8="},"chainType":1,"messageKeys":{}}}}},"version":"v1"}