{"_sessions":{"BQGC2y8TSt6aNKRjYtA+6Nw1xuACkk+b32auZOgxtoQz":{"registrationId":1504671688,"currentRatchet":{"ephemeralKeyPair":{"pubKey":"BZVWd7Dbv5nBX9EYdzKFM4Nw3Jm7yAwKa+zk9JGY6PVZ","privKey":"wFpUucM++syQATeU/F/ATjAGCq28wVPVQAo0meuiRnY="},"lastRemoteEphemeralKey":"BTWT5DmF+yaCruED+EAkiba95fWvG0jTHichAvSvDj5N","previousCounter":0,"rootKey":"NDePtBbsNac3lOhevTJbLQUDzA5LlRcbAX0EswSvRYk="},"indexInfo":{"baseKey":"BQGC2y8TSt6aNKRjYtA+6Nw1xuACkk+b32auZOgxtoQz","baseKeyType":1,"closed":-1,"used":1687274959780,"created":1687274959780,"remoteIdentityKey":"Ba6MmhewEf3a8AxjNCFwbJ/OLOF+w7epUOy5tjKsUv1M"},"_chains":{"BZVWd7Dbv5nBX9EYdzKFM4Nw3Jm7yAwKa+zk9JGY6PVZ":{"chainKey":{"counter":0,"key":"6JwtEYO21lciUL8zqMICaWS7pKHp6Bu4eOhjSFfFb7c="},"chainType":1,"messageKeys":{}}},"pendingPreKey":{"signedKeyId":2,"baseKey":"BQGC2y8TSt6aNKRjYtA+6Nw1xuACkk+b32auZOgxtoQz","preKeyId":2061497}}},"version":"v1"}