{"_sessions":{"Bcfr55b4himWEjZbP+xU8kV1vCimJYJr/0wZHwKiobZV":{"registrationId":2143534098,"currentRatchet":{"ephemeralKeyPair":{"pubKey":"BcgkrNGCozvJco9ex/48l+2dIjE7p/U5HfVbM2ym5PRv","privKey":"eDeGd+Khs7aSZggbMkZdfVbqA1yCNr0fNGhARflDNFs="},"lastRemoteEphemeralKey":"BeGbALkg8a/+tFyEj3qdsFbhhxmd1cOUHl9PMgETrMxZ","previousCounter":0,"rootKey":"8WSIPq67rDpSYr/rWFrf6dD+HtY79a2wuOVCRwSxVII="},"indexInfo":{"baseKey":"Bcfr55b4himWEjZbP+xU8kV1vCimJYJr/0wZHwKiobZV","baseKeyType":1,"closed":1687247976775,"used":1687236572556,"created":1687236572556,"remoteIdentityKey":"BRU3plE6+6LcvG6J7/AUfWvr4cqtLJzaWNhwWyT1k+1e"},"_chains":{"BcgkrNGCozvJco9ex/48l+2dIjE7p/U5HfVbM2ym5PRv":{"chainKey":{"counter":0,"key":"mOpVAhrjd+8YcZRnuh+ex+cVHNfHvLCgwF+OkS2gfcU="},"chainType":1,"messageKeys":{}}},"pendingPreKey":{"signedKeyId":15,"baseKey":"Bcfr55b4himWEjZbP+xU8kV1vCimJYJr/0wZHwKiobZV","preKeyId":12402857}},"BS+whgOiVmfhRv3RH5mzwNXlZW0+sx6m8hn2s9dk8Xcr":{"registrationId":2143534098,"currentRatchet":{"ephemeralKeyPair":{"pubKey":"BZQ2BFuE+uy+TY1m7HufmQQfMkvwCImqPvM1tUXbprdh","privKey":"qBVpAYb/oUJtlab6lwfRuBEmeCvZO0EUaCyW/yeCBGk="},"lastRemoteEphemeralKey":"BeGbALkg8a/+tFyEj3qdsFbhhxmd1cOUHl9PMgETrMxZ","previousCounter":0,"rootKey":"HWCSF2uvWtsEu3kB5DJbAqVtAgA1YkQyGz4Fp8UpTwI="},"indexInfo":{"baseKey":"BS+whgOiVmfhRv3RH5mzwNXlZW0+sx6m8hn2s9dk8Xcr","baseKeyType":1,"closed":1687247992971,"used":1687247976771,"created":1687247976771,"remoteIdentityKey":"BRU3plE6+6LcvG6J7/AUfWvr4cqtLJzaWNhwWyT1k+1e"},"_chains":{"BZQ2BFuE+uy+TY1m7HufmQQfMkvwCImqPvM1tUXbprdh":{"chainKey":{"counter":1,"key":"p3ux65xKNuoWE8CRKM92KSZ/+xouNpf1ueFsOeu/Q9k="},"chainType":1,"messageKeys":{}}},"pendingPreKey":{"signedKeyId":15,"baseKey":"BS+whgOiVmfhRv3RH5mzwNXlZW0+sx6m8hn2s9dk8Xcr","preKeyId":12402695}},"BZFN9JTUmiaKC5DFHse0da2tHt4ZxHxuNA5hdr15jnkK":{"registrationId":2143534098,"currentRatchet":{"ephemeralKeyPair":{"pubKey":"BQA+3vWjRnLDFPKb0mcVMvli9Mee6hHYzvAWtybSJhc6","privKey":"wNTPiuLp6SQqStOJ5P0MCsBXmoSBqP6/kGX9oHRJVlM="},"lastRemoteEphemeralKey":"BeGbALkg8a/+tFyEj3qdsFbhhxmd1cOUHl9PMgETrMxZ","previousCounter":0,"rootKey":"OcwUSLs0fY3JMlbnw29roCSJq6neKAdk5k6wZ8VPKNc="},"indexInfo":{"baseKey":"BZFN9JTUmiaKC5DFHse0da2tHt4ZxHxuNA5hdr15jnkK","baseKeyType":1,"closed":-1,"used":1687247992840,"created":1687247992840,"remoteIdentityKey":"BRU3plE6+6LcvG6J7/AUfWvr4cqtLJzaWNhwWyT1k+1e"},"_chains":{"BQA+3vWjRnLDFPKb0mcVMvli9Mee6hHYzvAWtybSJhc6":{"chainKey":{"counter":0,"key":"R7bkvF6kWdIgU//zyPQ0c4bznuG5iysHoxD3HCgPhjk="},"chainType":1,"messageKeys":{}}},"pendingPreKey":{"signedKeyId":15,"baseKey":"BZFN9JTUmiaKC5DFHse0da2tHt4ZxHxuNA5hdr15jnkK","preKeyId":12402896}}},"version":"v1"}