{"_sessions":{"BWmvLlgXkZPVb3Gu/R2hyCEKuOhxoQyiw8nT/EDtl6Eq":{"registrationId":1232771906,"currentRatchet":{"ephemeralKeyPair":{"pubKey":"BdSDP5wCebaNBaJxHS90FAO6K+1/7T/0B7K0wLLulccl","privKey":"aEn7n9o5tLiVzk0sd0jX1o1cUa4LdW40FWy/pgrNemI="},"lastRemoteEphemeralKey":"BTBANh2F4/Tj7W6gJrmeqDFWY/RIwQoJ5291XJmwsGVW","previousCounter":0,"rootKey":"Rrwtu+XwCXcoFkn6A56tQMyFUT6GMzN2nm0BX3pnefA="},"indexInfo":{"baseKey":"BWmvLlgXkZPVb3Gu/R2hyCEKuOhxoQyiw8nT/EDtl6Eq","baseKeyType":1,"closed":-1,"used":1687233758996,"created":1687233758996,"remoteIdentityKey":"BZH+wYl51IhMaQbzbl2xpSka2oau3A1de94CQsFrRLpC"},"_chains":{"BdSDP5wCebaNBaJxHS90FAO6K+1/7T/0B7K0wLLulccl":{"chainKey":{"counter":3,"key":"oOm3+02ksAib60jdPz6nDysqOvEVzb4Qv3xYOsg8sec="},"chainType":1,"messageKeys":{}}},"pendingPreKey":{"signedKeyId":10,"baseKey":"BWmvLlgXkZPVb3Gu/R2hyCEKuOhxoQyiw8nT/EDtl6Eq","preKeyId":15130274}}},"version":"v1"}