{"_sessions":{"BXo5LcybUqslqapCps8dM5PMAU//qkjRc8kz65t07tBZ":{"registrationId":1154254467,"currentRatchet":{"ephemeralKeyPair":{"pubKey":"BTsGRPnMHKPKWXOa2Wn9OGjOiac+LOxi8QOqvqgDAa5u","privKey":"uEZFuJnsdwPcIHiZ13kkAvRABr7GbdruKx5kgLz/Tlw="},"lastRemoteEphemeralKey":"Bdc9P0pDOlV6SR1mpw5aG1C1lzf+Fsr0PSlnzu6h1Q50","previousCounter":0,"rootKey":"9zOeiDWBssH6pe3Tpkyu5zadNl62qh7n/CAJ0KvUu9E="},"indexInfo":{"baseKey":"BXo5LcybUqslqapCps8dM5PMAU//qkjRc8kz65t07tBZ","baseKeyType":1,"closed":-1,"used":1687274959872,"created":1687274959872,"remoteIdentityKey":"BT+p2AJqV08p0RvDfJk7I8KnW2zxzKfDCwM19i/nZQ1g"},"_chains":{"BTsGRPnMHKPKWXOa2Wn9OGjOiac+LOxi8QOqvqgDAa5u":{"chainKey":{"counter":0,"key":"0DntVtPVyJcubFMbK7e8/iLRJkJcA2MRKllEQ3nejNY="},"chainType":1,"messageKeys":{}}},"pendingPreKey":{"signedKeyId":16700794,"baseKey":"BXo5LcybUqslqapCps8dM5PMAU//qkjRc8kz65t07tBZ","preKeyId":3609}}},"version":"v1"}