{"_sessions":{"BRyZ0HE5Te1sQsXz7Zu6GMAaULHwtYe1wgz76R4oNZ94":{"registrationId":569021917,"currentRatchet":{"ephemeralKeyPair":{"pubKey":"Bae8R9N/n6tbo/nT2sAC49bgEE0G7gzjkWd6YXxPuUUX","privKey":"aHlJ7MNWeH01chAXhaypsr2c8hCJc6a1wX1jcMQ223U="},"lastRemoteEphemeralKey":"BZ9nVncZCF143+sOGfxgWruDjwYidN9lYyCfMGAx9rFz","previousCounter":0,"rootKey":"oa5QjDoTGjNggu80GD7ko7SAZeX6uoYpg70am5qBZs4="},"indexInfo":{"baseKey":"BRyZ0HE5Te1sQsXz7Zu6GMAaULHwtYe1wgz76R4oNZ94","baseKeyType":1,"closed":-1,"used":1687233759381,"created":1687233759381,"remoteIdentityKey":"BTPdzVjBjHsFSGdpOjswMtmMuxcJFUGCblsIxbmmYWoX"},"_chains":{"Bae8R9N/n6tbo/nT2sAC49bgEE0G7gzjkWd6YXxPuUUX":{"chainKey":{"counter":3,"key":"s2memO/HJuzC4/lQfwqW41XpQb5p2w/y5ExJTlbATVs="},"chainType":1,"messageKeys":{}}},"pendingPreKey":{"signedKeyId":1,"baseKey":"BRyZ0HE5Te1sQsXz7Zu6GMAaULHwtYe1wgz76R4oNZ94","preKeyId":3600576}}},"version":"v1"}