{"_sessions":{"Ba8m0tnNwijiCSNch9XK4xXVZUqqpbXfiBJCzGf601Bq":{"registrationId":1060649635,"currentRatchet":{"ephemeralKeyPair":{"pubKey":"Bdtr8CVFA4qBcejR52L/1s6pMBFKnni9w8qAW1X/s6UA","privKey":"6Cm7KlHvTTyORbcVu5Gd9/HbWs5UyQ+7eJ4mPmKCvnE="},"lastRemoteEphemeralKey":"BRo7HcHiu9US5sDdYoFFTTKVlyxUE35yG/+cys0rahls","previousCounter":0,"rootKey":"uiEKwNa/HrYhhCIc5jXdHpYsD47qBLm2HR5Zd4iAoQ4="},"indexInfo":{"baseKey":"Ba8m0tnNwijiCSNch9XK4xXVZUqqpbXfiBJCzGf601Bq","baseKeyType":1,"closed":-1,"used":1687233759490,"created":1687233759490,"remoteIdentityKey":"BeopfCrnR0H41c4dcrrUrckT0nU2yOoFx/kvDLsNxTYy"},"_chains":{"Bdtr8CVFA4qBcejR52L/1s6pMBFKnni9w8qAW1X/s6UA":{"chainKey":{"counter":3,"key":"AdH26QPvfqhHViMh7vOo60FtGANjKFp7/HZT7aYlov4="},"chainType":1,"messageKeys":{}}},"pendingPreKey":{"signedKeyId":0,"baseKey":"Ba8m0tnNwijiCSNch9XK4xXVZUqqpbXfiBJCzGf601Bq","preKeyId":2131524}}},"version":"v1"}