{"_sessions":{"BYWRs0oJKnzI5Fs+LmXHrUWkTpvAGsNSb7gyZRMvk7YK":{"registrationId":315481038,"currentRatchet":{"ephemeralKeyPair":{"pubKey":"Bd6S+pocHEpFVKoJvtUX42MUHTjz7HBi2BQc2KOoRaFH","privKey":"sKPkGbLFgU2sR4ZMc7vfAi8VX2WVq4CFvU9/JK+uU1Q="},"lastRemoteEphemeralKey":"BeQQK3a7UDDMbpZ1Vh+wxUefnGhv1dLU0Z72r+IZLnFX","previousCounter":0,"rootKey":"C5ZZ9RMVDSS+cNVje4NvJFbX7G3lkGCBxFy4D2tKZQ4="},"indexInfo":{"baseKey":"BYWRs0oJKnzI5Fs+LmXHrUWkTpvAGsNSb7gyZRMvk7YK","baseKeyType":1,"closed":-1,"used":1687257359049,"created":1687233759115,"remoteIdentityKey":"BQ7VqnbFK1NMn/1Upedk1UGvIvDoM97hLgzwHoPLMqEk"},"_chains":{"BeQQK3a7UDDMbpZ1Vh+wxUefnGhv1dLU0Z72r+IZLnFX":{"chainKey":{"counter":1,"key":"TwhFdMjuJmtSTQOLAnMkMowrDOSqidxZ2KCa5MorLDE="},"chainType":2,"messageKeys":{}},"Bd6S+pocHEpFVKoJvtUX42MUHTjz7HBi2BQc2KOoRaFH":{"chainKey":{"counter":2,"key":"6QurT5xb9vngbDsQfVX3BE77QF36/YGEKwx5D2UhjSE="},"chainType":1,"messageKeys":{}}}}},"version":"v1"}