{"_sessions":{"Bc16LbKzo0p96zYmOK9WOZl/0VyT1MElHRZwZ1ZHpAxK":{"registrationId":1774,"currentRatchet":{"ephemeralKeyPair":{"pubKey":"Bbb6+jMsmynbrTLZAmsjKW/2nsHSXLVHhf8tv88eVQ0b","privKey":"YCV7TzhULuZdPz1cCmsNcUHShi2hsGw/xQ9t/iw56Fs="},"lastRemoteEphemeralKey":"BR+jiAvFcF0IPn3Oadlg6QiCqpMtfP772Whvkt2pfDgA","previousCounter":0,"rootKey":"ugKHNRlt8tf3S6/rZaXS/L+z9yNikazxp5PLe1CQQjc="},"indexInfo":{"baseKey":"Bc16LbKzo0p96zYmOK9WOZl/0VyT1MElHRZwZ1ZHpAxK","baseKeyType":1,"closed":-1,"used":1687192081714,"created":1687192081714,"remoteIdentityKey":"BTwM40LHN4D+YTF+KwMlXvOXgwZYEFIq/3WE3r9CCBZv"},"_chains":{"Bbb6+jMsmynbrTLZAmsjKW/2nsHSXLVHhf8tv88eVQ0b":{"chainKey":{"counter":24,"key":"9v/g/DlgfZTrgvFonGhJ+mlgX/MjK0Z74PuMGq0jqlQ="},"chainType":1,"messageKeys":{}}},"pendingPreKey":{"signedKeyId":1,"baseKey":"Bc16LbKzo0p96zYmOK9WOZl/0VyT1MElHRZwZ1ZHpAxK","preKeyId":77}}},"version":"v1"}