{"_sessions":{"Bct6fYoraNKVLQQw4Z3n1b9G2tQh07Bxr7a9nLjqt9Qc":{"registrationId":1475211976,"currentRatchet":{"ephemeralKeyPair":{"pubKey":"BcQOHjtucQfuKyudDYqgb44TAdUMLAKVqW+WvT6sXiYe","privKey":"0PRyc4TQuLtlPfe3xmnQ5NIkyK5+dD2JFVrzpdcWznI="},"lastRemoteEphemeralKey":"BbdHPltCtx6jk9T+t08Mx4rioR9rgDeExf2iND8cy1gA","previousCounter":0,"rootKey":"/WC5dTbW/geYYJDNbo5Ujs+LJPBjBHfwnICSvUtGLd4="},"indexInfo":{"baseKey":"Bct6fYoraNKVLQQw4Z3n1b9G2tQh07Bxr7a9nLjqt9Qc","baseKeyType":1,"closed":-1,"used":1687274959938,"created":1687274959938,"remoteIdentityKey":"BQL9F8/CawQVNl8OPKqB/pjKpPc6D006bFY1BKPRGd13"},"_chains":{"BcQOHjtucQfuKyudDYqgb44TAdUMLAKVqW+WvT6sXiYe":{"chainKey":{"counter":0,"key":"+oGRLOdw3y2fCyij+lETvtbwlktrLtf3gsdapjwRG1s="},"chainType":1,"messageKeys":{}}},"pendingPreKey":{"signedKeyId":8,"baseKey":"Bct6fYoraNKVLQQw4Z3n1b9G2tQh07Bxr7a9nLjqt9Qc","preKeyId":3572795}}},"version":"v1"}