{"_sessions":{"BVDAXdOdaGdSWKAc3PxSXUjNmBlmFkZvbBR58DiLI1M6":{"registrationId":492537460,"currentRatchet":{"ephemeralKeyPair":{"pubKey":"BVL+AaM0v/gF2AT3lbCoVyXRN7THA4SNGLOm55MLaVI1","privKey":"gHQiIxZUP6s6seumYSD1kZXPJyL0q4lSd/pm/k84ql8="},"lastRemoteEphemeralKey":"BSDTSz0ZSm022mUhy8+9XbVOKriN6LogvOfW706qZ55y","previousCounter":0,"rootKey":"a8i1tm6EI9hQQ8MVpKUk4rkVbcJ0HbrKA+0QwKfglIQ="},"indexInfo":{"baseKey":"BVDAXdOdaGdSWKAc3PxSXUjNmBlmFkZvbBR58DiLI1M6","baseKeyType":2,"closed":-1,"used":1687254656112,"created":1687254656112,"remoteIdentityKey":"Bf460vj/+09MsgG/Jf1L2AvMzgmSHlQh4mv8pxTCEUpl"},"_chains":{"BSDTSz0ZSm022mUhy8+9XbVOKriN6LogvOfW706qZ55y":{"chainKey":{"counter":0,"key":"TLx5wVUXoHiENrJrmTgvfnpRhyKseyJkWvGvdTYgQ1k="},"chainType":2,"messageKeys":{}},"BVL+AaM0v/gF2AT3lbCoVyXRN7THA4SNGLOm55MLaVI1":{"chainKey":{"counter":0,"key":"rPF7RIYcyIQi2lMRKbjzxXVrN1lVKul53d5pRU3+f+M="},"chainType":1,"messageKeys":{}}}}},"version":"v1"}