{"_sessions":{"BV26awygrY7uCHJn40coAWECDRaeZbFMiB72082xWqA9":{"registrationId":1939120931,"currentRatchet":{"ephemeralKeyPair":{"pubKey":"BfU2dxwKB3e8uVjjEPWNScjTeDKtkmvFK3HWYVP7r5dz","privKey":"iEK/OmALFaHdKAI1zzCxiPPCHpMsRMgq4tNJlViEkm0="},"lastRemoteEphemeralKey":"BcDHCibxYjpsqrEnrOlzExNlzCrHc8K+3s+hfmPA/959","previousCounter":0,"rootKey":"1Fgan+NpOV7z21XJ0jXI4reSd+jvA0J5OdMsBeweJTc="},"indexInfo":{"baseKey":"BV26awygrY7uCHJn40coAWECDRaeZbFMiB72082xWqA9","baseKeyType":1,"closed":-1,"used":1687233759195,"created":1687233759195,"remoteIdentityKey":"BRj1uioBZHjcjacej4c3F13f8a0AUJ7z4v5rkkEXc5UF"},"_chains":{"BfU2dxwKB3e8uVjjEPWNScjTeDKtkmvFK3HWYVP7r5dz":{"chainKey":{"counter":3,"key":"XsfI26s+1TjBW+G4HVaCjyQxJ8Fe06Fk9Uujmhlbe50="},"chainType":1,"messageKeys":{}}},"pendingPreKey":{"signedKeyId":2,"baseKey":"BV26awygrY7uCHJn40coAWECDRaeZbFMiB72082xWqA9","preKeyId":4694556}}},"version":"v1"}