{"_sessions":{"BXzRnFzvZa4mPzLsGU9JAanTzDnBqzKkUujjFWYCGu0/":{"registrationId":839857515,"currentRatchet":{"ephemeralKeyPair":{"pubKey":"BcjspQiSkCiIRck29Mv/8cfWJHAj+2SwEf9S7X+GBntg","privKey":"MHblFA/FOLiTcN0iLjHjClYEaLeMQ5sGThLNx3IlM3M="},"lastRemoteEphemeralKey":"BYR526IhqxE/jfcmNyvJV2jThenQpwJljbw7b75c5AZW","previousCounter":0,"rootKey":"BGF9flLj9FkYA8ArVu1knoDQGKzXRvTM6ZycHdm5l10="},"indexInfo":{"baseKey":"BXzRnFzvZa4mPzLsGU9JAanTzDnBqzKkUujjFWYCGu0/","baseKeyType":2,"closed":-1,"used":1687263865639,"created":1687263865639,"remoteIdentityKey":"Bao1z0RN4s2QNRAEMU/5LUpGBQlkY7rrmFLiKcMnjdJX"},"_chains":{"BYR526IhqxE/jfcmNyvJV2jThenQpwJljbw7b75c5AZW":{"chainKey":{"counter":0,"key":"DI5UK6BnTc+sK/IYmBsicddcxsOfHwjmHOa/M7eeI+Q="},"chainType":2,"messageKeys":{}},"BcjspQiSkCiIRck29Mv/8cfWJHAj+2SwEf9S7X+GBntg":{"chainKey":{"counter":-1,"key":"7o6OCCjSj4wzW77soQeTs+/WASnzjcKwxahFCd01oYE="},"chainType":1,"messageKeys":{}}}}},"version":"v1"}