{"_sessions":{"BQRsVbypGmrVf6bpbuciARS/WrFmposeZXsNyharH+1C":{"registrationId":709367251,"currentRatchet":{"ephemeralKeyPair":{"pubKey":"Bd9QYok2+BTiLZID2ws2VvtRc7ZJCTw/X0HTArIGVFIp","privKey":"uC3r6/W0iPb5OUrsMRyeOOdMFzQFXwaV7FyqU19lYF8="},"lastRemoteEphemeralKey":"BcxrAWcr1xvIc02uit/hvDFUuudc08apKZBgJWR/p+gQ","previousCounter":1,"rootKey":"ywTfNTWnUWuW8JSFdBUoHbWxAyLMicr2nppLHqpmJhs="},"indexInfo":{"baseKey":"BQRsVbypGmrVf6bpbuciARS/WrFmposeZXsNyharH+1C","baseKeyType":1,"closed":-1,"used":1687273067973,"created":1687233759870,"remoteIdentityKey":"BQTxB4mvMRVPf7FBaBXtGWJHGYfdBOIK9D3nCzk99gt4"},"_chains":{"BSWGAoJNwYkRpt+31QcJ3pnwS75xXAJyp01aq/jy8mES":{"chainKey":{"counter":0},"chainType":2,"messageKeys":{}},"BcxrAWcr1xvIc02uit/hvDFUuudc08apKZBgJWR/p+gQ":{"chainKey":{"counter":0,"key":"ZbHJ8QzPgxwSTiCWGf22JVE8fjZn0gBv+Up+fzcb2OM="},"chainType":2,"messageKeys":{}},"Bd9QYok2+BTiLZID2ws2VvtRc7ZJCTw/X0HTArIGVFIp":{"chainKey":{"counter":-1,"key":"j1nZdRrknTgz+DJVREF3NKlEVcDiQaCdOvleJgnaAVo="},"chainType":1,"messageKeys":{}}}}},"version":"v1"}