{"_sessions":{"BV+aX6sU0IK8yyvNgMaxA4JvtpL+lPapF8MOVDzj9AtQ":{"registrationId":495960526,"currentRatchet":{"ephemeralKeyPair":{"pubKey":"Bff3GdlUlA7OU+sfyS6SrvanXxcW0vSn6AfIXHWL96UF","privKey":"IITcPgfQ8Hf5SSiJu1RszT44kbzMDMnoa+DzXibaTmU="},"lastRemoteEphemeralKey":"BaIjHxXgG6/q39AttJfUeUb2VuZqjq9St03QFNfm40Fx","previousCounter":1,"rootKey":"17My/WGf+8k7G0kUJUemQcjYMLPA09fcBTZXxaKSwt8="},"indexInfo":{"baseKey":"BV+aX6sU0IK8yyvNgMaxA4JvtpL+lPapF8MOVDzj9AtQ","baseKeyType":2,"closed":-1,"used":1687275424806,"created":1687218686842,"remoteIdentityKey":"BUeHlRQ+5g+N/Hwp53ej8D1LgLs10zpeNPq/yNv/5PNf"},"_chains":{"BWi1sDM9FVLEQAAu7v1axabB0By8FTbTtdbTghbr64BQ":{"chainKey":{"counter":0},"chainType":2,"messageKeys":{}},"BYBa/J9F4A6OowMS3ccRjpRi5bAg0G+UvJ1QXczaDPhM":{"chainKey":{"counter":0},"chainType":2,"messageKeys":{}},"BaIjHxXgG6/q39AttJfUeUb2VuZqjq9St03QFNfm40Fx":{"chainKey":{"counter":0,"key":"N46ZAxhbvffQjXIc5tfWqwPb60M10dfr1uX6XvO6UFk="},"chainType":2,"messageKeys":{}},"Bff3GdlUlA7OU+sfyS6SrvanXxcW0vSn6AfIXHWL96UF":{"chainKey":{"counter":-1,"key":"wqr3pVR8lthnYxTxeRQDspbfEgJxhF7nczG+9xwQRLQ="},"chainType":1,"messageKeys":{}}}}},"version":"v1"}