{"_sessions":{"BcHo8C05UnCsvGrzpawltqfFZuyi5b3AAPCirPC5R3ZL":{"registrationId":290556323,"currentRatchet":{"ephemeralKeyPair":{"pubKey":"Bbj5WKd3dejz3pgheVizzPrUfIESqKYybZPamnFnvyZX","privKey":"0D6OVZkzyPN/CpZxEgGELxATxp1TysfShGuU0y8XV1o="},"lastRemoteEphemeralKey":"BYIdu5Xf0FXXTQF524ki8G53eOKohZDnOVm4i9Ldn5ZM","previousCounter":0,"rootKey":"Vtly6DqQpfKrdCQJ6xAvT4ra1gMSwBIXWtLzjYmmI+4="},"indexInfo":{"baseKey":"BcHo8C05UnCsvGrzpawltqfFZuyi5b3AAPCirPC5R3ZL","baseKeyType":1,"closed":-1,"used":1687233759147,"created":1687233759147,"remoteIdentityKey":"BaC+lco5kSksD6UmcsZSrsROYob13d3vPFNbPtBusvYp"},"_chains":{"Bbj5WKd3dejz3pgheVizzPrUfIESqKYybZPamnFnvyZX":{"chainKey":{"counter":3,"key":"ji5xiw+pq1lKC+wEzKLgW77jqIQh/VMMVp+qjPQEejE="},"chainType":1,"messageKeys":{}}},"pendingPreKey":{"signedKeyId":16,"baseKey":"BcHo8C05UnCsvGrzpawltqfFZuyi5b3AAPCirPC5R3ZL","preKeyId":2578160}}},"version":"v1"}