{"_sessions":{"BVwgezNnFMldubc5bOnRUUN1U6ceA4EY3yt7Uh8hY8xl":{"registrationId":14152,"currentRatchet":{"ephemeralKeyPair":{"pubKey":"BVbroSPg4LWu/4+HYakLHE1eh+HqN3wOR9gf7t3ZFLBI","privKey":"gNImWx3rMa+yoDTM30dDMmL5UpfdstxwmQaeTEkHT1s="},"lastRemoteEphemeralKey":"BcWZyxmtGPwnchv+qqqYGq39sa2mOKR+p0z+aQrWqVIQ","previousCounter":0,"rootKey":"meCoItPJ1Ik+pPW290wXP22LLvCiGe4H59GNyctPO0s="},"indexInfo":{"baseKey":"BVwgezNnFMldubc5bOnRUUN1U6ceA4EY3yt7Uh8hY8xl","baseKeyType":2,"closed":-1,"used":1687275282164,"created":1687275239960,"remoteIdentityKey":"Bb5778SLeDhrVO9u13BIB7AhIJUvBOmwLiXTFv/JVnYn"},"_chains":{"BTVLQZ851kBmtyoOODWGLXYrzqLGdjWak+rxF9oJwG99":{"chainKey":{"counter":0},"chainType":2,"messageKeys":{}},"BZ8zFQybr4HaBlNQxJXf94DFwCjcMbQigr5fy4tmGjsq":{"chainKey":{"counter":0},"chainType":2,"messageKeys":{}},"BcWZyxmtGPwnchv+qqqYGq39sa2mOKR+p0z+aQrWqVIQ":{"chainKey":{"counter":0,"key":"nqNkL49H2yTkoAFRQiQoglNNMKje8JpHsyTuKxMJg1o="},"chainType":2,"messageKeys":{}},"BVbroSPg4LWu/4+HYakLHE1eh+HqN3wOR9gf7t3ZFLBI":{"chainKey":{"counter":0,"key":"an3XXTLuLBhpah3/yD/6kVTDbwtUWeD7CV5aJ9K2bck="},"chainType":1,"messageKeys":{}}}}},"version":"v1"}