{"_sessions":{"BYl2yB4pBSAI21xEgmK69KoOtojdvDt+q19Byd3T+/Nf":{"registrationId":1564772229,"currentRatchet":{"ephemeralKeyPair":{"pubKey":"BbyuUhPr7J7Y+KLrK4Ut9Du6epB4MpGcEEZ52YzZeSEz","privKey":"6FugUBS/ex9J1gLdolZbD7x/W2bkT216TsEgHJoiJEc="},"lastRemoteEphemeralKey":"BUwWbdpQZHY4Us5B6GE7Crm1vje+17+QtifBVcks0LM8","previousCounter":0,"rootKey":"OcV8SvecWl7FNoskxViRjOShcTghSKkn70Ho89Bv0ng="},"indexInfo":{"baseKey":"BYl2yB4pBSAI21xEgmK69KoOtojdvDt+q19Byd3T+/Nf","baseKeyType":1,"closed":-1,"used":1687195778142,"created":1687195778142,"remoteIdentityKey":"Bf2JoWLcdK/oYzkYInldDH45/IuelH1kVX5ZYLDdr+gv"},"_chains":{"BbyuUhPr7J7Y+KLrK4Ut9Du6epB4MpGcEEZ52YzZeSEz":{"chainKey":{"counter":0,"key":"BYpQzFPs/PKooB3HAbymznw/ifd7a61pO0vGN9hzGEg="},"chainType":1,"messageKeys":{}}},"pendingPreKey":{"signedKeyId":10,"baseKey":"BYl2yB4pBSAI21xEgmK69KoOtojdvDt+q19Byd3T+/Nf","preKeyId":13924734}}},"version":"v1"}