{"_sessions":{"BbQA3eQlO9JgGnRoMqOcsuMXvJKjQnkuxR1vGwfvUhwY":{"registrationId":1588459295,"currentRatchet":{"ephemeralKeyPair":{"pubKey":"BS2aWbQw+NL6pV4p/tqDhYP1kevltABGibGnL7P6Gn9y","privKey":"OByczqF3+K8LQsAAtTGgG6eKTYkTkjFQzY49+gJ12WA="},"lastRemoteEphemeralKey":"BaaexCkLQl+p0oCGivc1Xd8B/M5PLJTPYf60rmm6+fUm","previousCounter":0,"rootKey":"qhhmvQLOO0Gli8hTFOR08gN8mm+kU3J6ZHViI3y8luk="},"indexInfo":{"baseKey":"BbQA3eQlO9JgGnRoMqOcsuMXvJKjQnkuxR1vGwfvUhwY","baseKeyType":2,"closed":-1,"used":1687254291598,"created":1687254291598,"remoteIdentityKey":"BaO1c7TvtNloIrV+k0SXitF7RuzIIIwq9Lz7brMYK5ww"},"_chains":{"BaaexCkLQl+p0oCGivc1Xd8B/M5PLJTPYf60rmm6+fUm":{"chainKey":{"counter":0,"key":"6p5dMtbqP+66FD6FykZkpEnPxq0QMOISQKul9W+SBeA="},"chainType":2,"messageKeys":{}},"BS2aWbQw+NL6pV4p/tqDhYP1kevltABGibGnL7P6Gn9y":{"chainKey":{"counter":0,"key":"kTWL3Q6DA9JhnV5aXcnyowg9CLaHZM2gCF7qHWGZYhg="},"chainType":1,"messageKeys":{}}}}},"version":"v1"}