{"_sessions":{"BbjH4/h2tSr/rSnE/OObllpP5UQ7kdidV+9yIDidf5ll":{"registrationId":1048723473,"currentRatchet":{"ephemeralKeyPair":{"pubKey":"BYKmISZ4uxMZD0Wr8oU1CcPAsrSIigTEltymFmJ0tsQz","privKey":"QNUUy5ZVj5PXBwehxrez/HQ3gi23lw7Xj1UiUcnx6mc="},"lastRemoteEphemeralKey":"BbJUjNHgubCZlRYnHbSSQ7Ln/FG/XBHudAIC5cKPU2tU","previousCounter":2,"rootKey":"ySOeyuqI5br+cMd/rWbD1qTo9/uxOfMdzjid8bAKiic="},"indexInfo":{"baseKey":"BbjH4/h2tSr/rSnE/OObllpP5UQ7kdidV+9yIDidf5ll","baseKeyType":1,"closed":-1,"used":1687268644905,"created":1687233759776,"remoteIdentityKey":"BWdfRWNDxzQmROj3PWwOHXSH+UvIbTS9BTFgNJD+wC49"},"_chains":{"BbJUjNHgubCZlRYnHbSSQ7Ln/FG/XBHudAIC5cKPU2tU":{"chainKey":{"counter":0,"key":"y6uaQtKZ0jzAYmTwHD7rrNMSUgycQdzR8x2ALHALez4="},"chainType":2,"messageKeys":{}},"BYKmISZ4uxMZD0Wr8oU1CcPAsrSIigTEltymFmJ0tsQz":{"chainKey":{"counter":1,"key":"cpE7WxO8V235IQBcDNAF+TA6/ss0B+B4s+CZw67uBew="},"chainType":1,"messageKeys":{}}}}},"version":"v1"}