{"_sessions":{"BTXwXyUn+oGbk9rmtsW5Wh1VCcUqOewsBx3NdmgLElFa":{"registrationId":7624,"currentRatchet":{"ephemeralKeyPair":{"pubKey":"Bd3rKm9vWTMEnNY369kppGJjwuWzSIQwJAPZTzYXHCI6","privKey":"8ArqN2iryown4RObDSJv9OS0m4zCf3pklS2MihEBJ00="},"lastRemoteEphemeralKey":"BaaB92hDzizpA3sL9pMRV9UdmFrDl/6hiOhPAognL5FL","previousCounter":0,"rootKey":"LozTHl4qwlvazyVsMtW340B5MWrTDtjryFHJf5pFI24="},"indexInfo":{"baseKey":"BTXwXyUn+oGbk9rmtsW5Wh1VCcUqOewsBx3NdmgLElFa","baseKeyType":1,"closed":-1,"used":1687236572401,"created":1687236572401,"remoteIdentityKey":"BQ5+wmoTKYU8N4kgSIz6ma+iNDsgTai4lkFok/HqDA40"},"_chains":{"Bd3rKm9vWTMEnNY369kppGJjwuWzSIQwJAPZTzYXHCI6":{"chainKey":{"counter":3,"key":"eHLAUm8ZmhM8ELPBrUNb1pYZsqT5n7YLepDg9QVqIFo="},"chainType":1,"messageKeys":{}}},"pendingPreKey":{"signedKeyId":4,"baseKey":"BTXwXyUn+oGbk9rmtsW5Wh1VCcUqOewsBx3NdmgLElFa","preKeyId":894}}},"version":"v1"}