{"_sessions":{"BaunzjRecidPTpqWqs2e85C597Z+D1NY5ZQFui6mE88O":{"registrationId":16107,"currentRatchet":{"ephemeralKeyPair":{"pubKey":"BfLM1JrnQrUZoIEFiId0/4VjC2LNyAIj09Y6ujrRJaQz","privKey":"AJ19zYgh8ReKFj5MFUIetGVEGwECGrg9Mvn3zqilgkg="},"lastRemoteEphemeralKey":"BcJqN61KoOjoT6fJLsmTY4Pct3dpdTEvfbq6MDqaXE1y","previousCounter":0,"rootKey":"WeIdkoMMR4T+KwWXIO5IBTStTu7q/5VTMIYWh2aNU88="},"indexInfo":{"baseKey":"BaunzjRecidPTpqWqs2e85C597Z+D1NY5ZQFui6mE88O","baseKeyType":1,"closed":-1,"used":1687192853282,"created":1687192853282,"remoteIdentityKey":"BbK9hcHB8xVFDRJG2aNao+Dly0AbJ5Ztk+u32g97Zu90"},"_chains":{"BfLM1JrnQrUZoIEFiId0/4VjC2LNyAIj09Y6ujrRJaQz":{"chainKey":{"counter":0,"key":"p8LHNyshHRMkdekoAWSAcP1Wt8KdbZDli9TI8oocb4s="},"chainType":1,"messageKeys":{}}},"pendingPreKey":{"signedKeyId":1,"baseKey":"BaunzjRecidPTpqWqs2e85C597Z+D1NY5ZQFui6mE88O","preKeyId":245}}},"version":"v1"}