{"_sessions":{"BYLawLz1iQyEKSgd9mTH6rOaEyLgIkBfaJQqAC9AO+IS":{"registrationId":398814197,"currentRatchet":{"ephemeralKeyPair":{"pubKey":"BVlURlcvcE0NC0YkKGmJmCfUgmHmRoXZ1/Ktj2ZaV0FO","privKey":"2JZ+Fa2BLthM8dhEL6BCOguRlG1hiuo8E61zMN8N900="},"lastRemoteEphemeralKey":"BRdGsJq0dSFPOSQTepwq6XdtAJlouZGnaVerpjDD2H48","previousCounter":0,"rootKey":"Gh3cwzR8xKrNvcV759eo0jI33dVSsyHYoYyJDclSLfw="},"indexInfo":{"baseKey":"BYLawLz1iQyEKSgd9mTH6rOaEyLgIkBfaJQqAC9AO+IS","baseKeyType":2,"closed":-1,"used":1687261327095,"created":1687261327095,"remoteIdentityKey":"BcRVs7Vch5Z15DXVcM9fnpiDKo5VDHYH1friYpWdyXIl"},"_chains":{"BRdGsJq0dSFPOSQTepwq6XdtAJlouZGnaVerpjDD2H48":{"chainKey":{"counter":0,"key":"CRrddt/MFeHaHPG2In+mSkBDXzfXXbsi61lpXdJROE4="},"chainType":2,"messageKeys":{}},"BVlURlcvcE0NC0YkKGmJmCfUgmHmRoXZ1/Ktj2ZaV0FO":{"chainKey":{"counter":0,"key":"YjMEbV6+VWGz80sZzCPxOrDEqpfkW860TrH0+OK8hmo="},"chainType":1,"messageKeys":{}}}}},"version":"v1"}