{"_sessions":{"BR2kqTMO7PZWozneW2oXPYEiXtuwXx+NTGbnt8HcI/0p":{"registrationId":7997620,"currentRatchet":{"ephemeralKeyPair":{"pubKey":"BRsnlNnOqWFa9isJWy27E78rVgJk/uptMHytq8HpJlZm","privKey":"wLyFqcb1IWbSwFNvRR6B+5WgsjYMNrOV27YJLGwsr0Q="},"lastRemoteEphemeralKey":"BTf9iNMZKjCWg6TvP9RBCNve8BAenD/II9LF0S915IBS","previousCounter":0,"rootKey":"oLBdu7CVwSnQbWTrjiqIfm13vVlo3nNXOQ+LFjM1yJU="},"indexInfo":{"baseKey":"BR2kqTMO7PZWozneW2oXPYEiXtuwXx+NTGbnt8HcI/0p","baseKeyType":1,"closed":-1,"used":1687233759047,"created":1687233759047,"remoteIdentityKey":"Bb8HwtPii7/8E4LaUCB0MsVf2X5a4z+ih+B74r5PylQx"},"_chains":{"BRsnlNnOqWFa9isJWy27E78rVgJk/uptMHytq8HpJlZm":{"chainKey":{"counter":3,"key":"emZWpOIxGpd/QV4hlOfCSfbGuXYhQZVx3guiIaXEiws="},"chainType":1,"messageKeys":{}}},"pendingPreKey":{"signedKeyId":12,"baseKey":"BR2kqTMO7PZWozneW2oXPYEiXtuwXx+NTGbnt8HcI/0p","preKeyId":7345555}}},"version":"v1"}