{"_sessions":{"BZ145GZnEs/09uwv8f7Uqt1LQ7DDSjO00ijIVUBuwvck":{"registrationId":639474620,"currentRatchet":{"ephemeralKeyPair":{"pubKey":"BdJeE2EIkwX1RLoODY4bvZmbpR84mvErS5t5/6JsVS9W","privKey":"QCOPSVEh/2pkbbY2GkL8cVIjYB6BaKtyO/D8MmjfkEY="},"lastRemoteEphemeralKey":"Bc72MDbUPuoLaEb7KMLnN2ysz2h5BRO/7NQ0KBPnQ1wl","previousCounter":0,"rootKey":"MJ/rn7+hgdo1Cowwg0cTvbqeYJ4+dioANDrsIaUT2eg="},"indexInfo":{"baseKey":"BZ145GZnEs/09uwv8f7Uqt1LQ7DDSjO00ijIVUBuwvck","baseKeyType":1,"closed":-1,"used":1687236572461,"created":1687236572461,"remoteIdentityKey":"Bai96x2YKoC2XfMQ4nE1aRhh18LpLS4nWvHewbVBr5wL"},"_chains":{"BdJeE2EIkwX1RLoODY4bvZmbpR84mvErS5t5/6JsVS9W":{"chainKey":{"counter":3,"key":"h0GDMy+V775vtqJL18fdiKap5N7mrIOMNxlfQvgkY4Q="},"chainType":1,"messageKeys":{}}},"pendingPreKey":{"signedKeyId":12,"baseKey":"BZ145GZnEs/09uwv8f7Uqt1LQ7DDSjO00ijIVUBuwvck","preKeyId":85908}}},"version":"v1"}