{"_sessions":{"BbJZa3uVo7raKpAJ7kf4hx8izn2LXIrVBXBthNEBgasN":{"registrationId":865039363,"currentRatchet":{"ephemeralKeyPair":{"pubKey":"BWK5SP+LCyJAHWngXd+UYWNHz8cPZhqEWb02cbfPtLAF","privKey":"cHl9yt41VnEZcwKhcKfhG84S8jwWddT6yZrRKIURB0w="},"lastRemoteEphemeralKey":"BQYo+yh4LbOF4J8AETejZltll/RKTeK0E+yCa8MpYIwP","previousCounter":0,"rootKey":"isryFS5U9wlQidcU4veEzHuOrObuMoR7FRsuE28/aOc="},"indexInfo":{"baseKey":"BbJZa3uVo7raKpAJ7kf4hx8izn2LXIrVBXBthNEBgasN","baseKeyType":1,"closed":-1,"used":1687233759244,"created":1687233759244,"remoteIdentityKey":"BflfqlCRJRZoeE5oT79543kbux1/NY3L3c1zdXq/R3FO"},"_chains":{"BWK5SP+LCyJAHWngXd+UYWNHz8cPZhqEWb02cbfPtLAF":{"chainKey":{"counter":3,"key":"6SD2FKJzaqotMZz1SuFrQjlr01w3NFomy5s1V+bd7oI="},"chainType":1,"messageKeys":{}}},"pendingPreKey":{"signedKeyId":3,"baseKey":"BbJZa3uVo7raKpAJ7kf4hx8izn2LXIrVBXBthNEBgasN","preKeyId":12680440}}},"version":"v1"}