{"_sessions":{"BZT1gyjDuy+qMRmvHrlRLqUATvH+u7Ku8iaCF9nElixy":{"registrationId":1834300398,"currentRatchet":{"ephemeralKeyPair":{"pubKey":"Bc/A/kTTxCZpl7ShbyVk3SiM1r9zRBebp3LwZR6QdcMi","privKey":"cB2GyptZWu0PWuEL/6AEKmd3tTReBUONJHvy1OEJ+V8="},"lastRemoteEphemeralKey":"BbNfMjt83Jg5CuBV9IArwrT446+us6L8uFMoNBwcD2Mp","previousCounter":0,"rootKey":"Wp+k1nYsQb65zSP9iUXP6r/1hYDNun6s31h0ek7r7OU="},"indexInfo":{"baseKey":"BZT1gyjDuy+qMRmvHrlRLqUATvH+u7Ku8iaCF9nElixy","baseKeyType":1,"closed":-1,"used":1687233758927,"created":1687233758927,"remoteIdentityKey":"Ban/9qT4IyAXPSHfK/X8tfZQQQvoLC9qrzBttkbigp1X"},"_chains":{"Bc/A/kTTxCZpl7ShbyVk3SiM1r9zRBebp3LwZR6QdcMi":{"chainKey":{"counter":3,"key":"AVaXs5BAqd6Fv/kRZEpzaZRQmQXXR+GqRD5vlZdwb8A="},"chainType":1,"messageKeys":{}}},"pendingPreKey":{"signedKeyId":2,"baseKey":"BZT1gyjDuy+qMRmvHrlRLqUATvH+u7Ku8iaCF9nElixy","preKeyId":10435134}}},"version":"v1"}