{"_sessions":{"BYp7hY/7lXl7FANfS4YX6neicH9aVsRTeGwr8lx7deNA":{"registrationId":9018,"currentRatchet":{"ephemeralKeyPair":{"pubKey":"Bb5cduOVJQ3Rh1O23gsJUmhrBS1bORUDtRX7XpDeQ6NS","privKey":"uHDutAb4ibT/ivXJFDtTyiMXGQfwkgH/vxHhYEWwuVY="},"lastRemoteEphemeralKey":"BUrZjksga2LxNIShD4bJPb8+83nOmfZSTu0drcNBdgUa","previousCounter":0,"rootKey":"haCCyPLjQvovBEGEOFTgMwKAGxHBfp/Tfwsvg5pzeoE="},"indexInfo":{"baseKey":"BYp7hY/7lXl7FANfS4YX6neicH9aVsRTeGwr8lx7deNA","baseKeyType":1,"closed":-1,"used":1687192081698,"created":1687192081698,"remoteIdentityKey":"BSmNgRUg/FXV6ePRVzNvaQzEditt0iq90AvxyC0u+wMi"},"_chains":{"Bb5cduOVJQ3Rh1O23gsJUmhrBS1bORUDtRX7XpDeQ6NS":{"chainKey":{"counter":1,"key":"vP0xmFTtZ4ZA50z9xXth2Y221IZfDr2HyIGGyNhoJRQ="},"chainType":1,"messageKeys":{}}},"pendingPreKey":{"signedKeyId":1,"baseKey":"BYp7hY/7lXl7FANfS4YX6neicH9aVsRTeGwr8lx7deNA","preKeyId":157}}},"version":"v1"}