{"_sessions":{"BQQ2IifskuTkSSL2SnQTvLblTRD2IlEqDZKIoXejWNIZ":{"registrationId":827503806,"currentRatchet":{"ephemeralKeyPair":{"pubKey":"BZ+nr78nX9e4AmnaeY1dhtBRCas39VggpdO9T+W3EsRD","privKey":"4GnEGJp/Qp21OwZJHx0r1D4rofklPOtils5BW9+2pUQ="},"lastRemoteEphemeralKey":"BQ7HEjIUGBOyEMMknWRl4oCwM8I2Zw2yBbVu+UgTfFoi","previousCounter":0,"rootKey":"HZfJB2jfUuyFEcONWvwSvQgVlvQHaO/YNwYvmKhNfmw="},"indexInfo":{"baseKey":"BQQ2IifskuTkSSL2SnQTvLblTRD2IlEqDZKIoXejWNIZ","baseKeyType":1,"closed":-1,"used":1687233759228,"created":1687233759228,"remoteIdentityKey":"BfBc5iTQGJYWHrE6HP/63AMUhLs4RwgrUBVodeob+XFi"},"_chains":{"BZ+nr78nX9e4AmnaeY1dhtBRCas39VggpdO9T+W3EsRD":{"chainKey":{"counter":3,"key":"pnWE0dhnNxMYg2pfhWot7jamZ6VmOMoWGqLCu0mxesg="},"chainType":1,"messageKeys":{}}},"pendingPreKey":{"signedKeyId":23,"baseKey":"BQQ2IifskuTkSSL2SnQTvLblTRD2IlEqDZKIoXejWNIZ","preKeyId":6066806}}},"version":"v1"}