{"_sessions":{"BWRM9hj3qSnyXfSBpn2V/4UqGG73q4Bj7ydz3ZdordUM":{"registrationId":1414729417,"currentRatchet":{"ephemeralKeyPair":{"pubKey":"BRGz/PDjcHt17iIwBQW1MEUMg8nvL5req45WXL7+inBW","privKey":"KKD29BneZOSIBn6DTCP1c8PXNUFxPBCyZg74YxBiJVA="},"lastRemoteEphemeralKey":"BTA/3S+xEvb06Gjf58UrYvixNcBU130AQmV3/tupF3JP","previousCounter":0,"rootKey":"dSZHvqfT7hfwlC8z+E5Pt8P9UgpHMxWD6AWdXE8HZTE="},"indexInfo":{"baseKey":"BWRM9hj3qSnyXfSBpn2V/4UqGG73q4Bj7ydz3ZdordUM","baseKeyType":1,"closed":-1,"used":1687195777970,"created":1687195777970,"remoteIdentityKey":"BReFq+QYbhz6Ce/W8mSBBewhC4oJdAzALCR71LKlHolk"},"_chains":{"BRGz/PDjcHt17iIwBQW1MEUMg8nvL5req45WXL7+inBW":{"chainKey":{"counter":0,"key":"pAAsNfL2fSY5TC9aPRio0JMLEDIiyXBFHsix8Mpk9C0="},"chainType":1,"messageKeys":{}}},"pendingPreKey":{"signedKeyId":17,"baseKey":"BWRM9hj3qSnyXfSBpn2V/4UqGG73q4Bj7ydz3ZdordUM","preKeyId":13707510}}},"version":"v1"}