{"_sessions":{"BZbpvCm5aj+Z+OETrWEL+bnWtXiD5OW8wWQhtRd+tsUr":{"registrationId":1244355464,"currentRatchet":{"ephemeralKeyPair":{"pubKey":"BT3hrtuYuOaLyMY52bWtSwDbh6+zW6QvunYdA0wll/EK","privKey":"MGlGDWa7KMD+uWt1rQ+zf9iqTdr5QK3H8lmErKcJB3Q="},"lastRemoteEphemeralKey":"BVsET7S/d/xBCmiACPYOngLFG3hcDjRkLpOmnWEeKNlC","previousCounter":0,"rootKey":"SrJDGDHXZ2s4JinIjOGLpZ7vY8KR6G/QK74obw9kTyI="},"indexInfo":{"baseKey":"BZbpvCm5aj+Z+OETrWEL+bnWtXiD5OW8wWQhtRd+tsUr","baseKeyType":1,"closed":-1,"used":1687192081904,"created":1687192081904,"remoteIdentityKey":"BXhTh5TvtnC52CjzKCFbL8PjwZ7RpFtgg1lzTo8CWR0J"},"_chains":{"BT3hrtuYuOaLyMY52bWtSwDbh6+zW6QvunYdA0wll/EK":{"chainKey":{"counter":1,"key":"riXcYtgvR5PTUXIl7l6gmkRdBu7zbzu7JFivw1Mup6o="},"chainType":1,"messageKeys":{}}},"pendingPreKey":{"signedKeyId":5,"baseKey":"BZbpvCm5aj+Z+OETrWEL+bnWtXiD5OW8wWQhtRd+tsUr","preKeyId":7866435}}},"version":"v1"}