{"_sessions":{"BR2i8t9FGfqmW2UNkIwEh5BjZnqzSD1M+XZYJpKAw7d7":{"registrationId":1673069224,"currentRatchet":{"ephemeralKeyPair":{"pubKey":"BW19hZJGXdq0LH0i5yRNx4eAW8w8EhojUOuATM/eA+At","privKey":"AFM3MjhhXderu9xplztkOV4FheuQ3+pzuo9sxwgNXXY="},"lastRemoteEphemeralKey":"Bb0cd3SHg5mB2oK8yISzkxZ8xThf50v70UTQIlV2wANP","previousCounter":0,"rootKey":"8AFnhQmcu2awji/Ham7Q2C0YMcKuvluNGhTsQ4WY3ws="},"indexInfo":{"baseKey":"BR2i8t9FGfqmW2UNkIwEh5BjZnqzSD1M+XZYJpKAw7d7","baseKeyType":1,"closed":-1,"used":1687195778170,"created":1687195778170,"remoteIdentityKey":"BbJNOtCv6BsiBj3oC5BN23YGDmiLoGdH8dfijNFrha0i"},"_chains":{"BW19hZJGXdq0LH0i5yRNx4eAW8w8EhojUOuATM/eA+At":{"chainKey":{"counter":0,"key":"pslFdFlVKEPxzC7ohIcfJfjQhfqQYS/s05bf0prIb4k="},"chainType":1,"messageKeys":{}}},"pendingPreKey":{"signedKeyId":0,"baseKey":"BR2i8t9FGfqmW2UNkIwEh5BjZnqzSD1M+XZYJpKAw7d7","preKeyId":317862}}},"version":"v1"}