{"_sessions":{"BR1HEUur2CeEy+12E3JuOAbLVB7LXZHtV25SqS3zb98y":{"registrationId":438190589,"currentRatchet":{"ephemeralKeyPair":{"pubKey":"BUcTcX1eM0w+5G6HJCq+k0Fv+5E0FsdV+eLj5aV04I8g","privKey":"QJjl2fMCEF79l+la6v73Nd3wx4p4sMBhRiNMz2t2eHY="},"lastRemoteEphemeralKey":"BRShaJd6/mHtsxunjWcZCqHZaYL/RSL01BBUEYPzvxxQ","previousCounter":0,"rootKey":"HKpzUJAM1jYbnm8/lcdUAGSYG+8ofK/CeaWIZSksxrg="},"indexInfo":{"baseKey":"BR1HEUur2CeEy+12E3JuOAbLVB7LXZHtV25SqS3zb98y","baseKeyType":2,"closed":-1,"used":1687228633084,"created":1687228633084,"remoteIdentityKey":"BTSquplqOAuVgboIK/dH7fJm3qp4SRxWIcAULcWMZWZc"},"_chains":{"BRShaJd6/mHtsxunjWcZCqHZaYL/RSL01BBUEYPzvxxQ":{"chainKey":{"counter":0,"key":"EWl5HZ9H1GFtRVUSEWjU2U/rwNC0gXLcEtDKLXErzP4="},"chainType":2,"messageKeys":{}},"BUcTcX1eM0w+5G6HJCq+k0Fv+5E0FsdV+eLj5aV04I8g":{"chainKey":{"counter":0,"key":"P/YXuiHeFF3E8z3eUujxdtyhSjbaJHHdcaYPeKbJoFQ="},"chainType":1,"messageKeys":{}}}}},"version":"v1"}