{"_sessions":{"BdpJ9zym48EgDJ+SOVX4bKi/EV78XN4FdTlB5nFUThlM":{"registrationId":1611079174,"currentRatchet":{"ephemeralKeyPair":{"pubKey":"Be3qTzdwdmHARddjQKAQBzQSlg5L5MaUyjwkZFgZ2vl4","privKey":"sGZYyL16ZRtw0cS9w1LCamU3C+cbyvFhS64raryLAl8="},"lastRemoteEphemeralKey":"BRfh/U/docQhUmOAqXD9Nl5etMmc0NU3slJ7ZATJcPIi","previousCounter":1,"rootKey":"yk+K9xvkffTZ/UcVPWk5Mxr90PoqasyhFlGFzTiIDdw="},"indexInfo":{"baseKey":"BdpJ9zym48EgDJ+SOVX4bKi/EV78XN4FdTlB5nFUThlM","baseKeyType":2,"closed":-1,"used":1687262877932,"created":1687233756301,"remoteIdentityKey":"BboPj5jDDi14+/RkZ/UJxBRQy+sj9KG8wxrZKW/zbW5m"},"_chains":{"BaBtIJwumtzM4LG76XC0O/pIwxe237k4Rz9xATYcj2QE":{"chainKey":{"counter":0},"chainType":2,"messageKeys":{}},"BRfh/U/docQhUmOAqXD9Nl5etMmc0NU3slJ7ZATJcPIi":{"chainKey":{"counter":1,"key":"Z2qmKecANcr2dgO6NTHfTJaVW8vFSXf+k1GE/yLuV7w="},"chainType":2,"messageKeys":{}},"Be3qTzdwdmHARddjQKAQBzQSlg5L5MaUyjwkZFgZ2vl4":{"chainKey":{"counter":1,"key":"Yk1N7JD4gQW+mdK4Hs4TboLdwOn3h3IUKe4e1r3lQko="},"chainType":1,"messageKeys":{}}}}},"version":"v1"}