{"_sessions":{"BQwANbDLxxQea4BiJT0nqE7IFvKbvzekmRFsNJEMKmZl":{"registrationId":989941800,"currentRatchet":{"ephemeralKeyPair":{"pubKey":"Bc8ODHOWwKfdfIfZjaVSujGJZ3gSVuMrlb/uowSEHgMm","privKey":"AMu5L3tjbd0B8dVIOs1rQ09t4luLGNLfSmF9zFqWDWk="},"lastRemoteEphemeralKey":"BdmQ7ol4J9fFoSlBp8s8iQswrnJqWKZboi28hvP9X4AI","previousCounter":3,"rootKey":"kWz7NllRCrXBqOhZgZszi2Z8/qWlJXGMlhUPDYMehqo="},"indexInfo":{"baseKey":"BQwANbDLxxQea4BiJT0nqE7IFvKbvzekmRFsNJEMKmZl","baseKeyType":1,"closed":-1,"used":1687273546885,"created":1687233759745,"remoteIdentityKey":"Bczy13d7VmwdwDhaLd8aaSPpT3c6HHDf1/2nkmkXwV4p"},"_chains":{"BdmQ7ol4J9fFoSlBp8s8iQswrnJqWKZboi28hvP9X4AI":{"chainKey":{"counter":0,"key":"N09VKy7w3krMFtqDYYMKb86I1i59XHJb4Sg1WVuREJo="},"chainType":2,"messageKeys":{}},"Bc8ODHOWwKfdfIfZjaVSujGJZ3gSVuMrlb/uowSEHgMm":{"chainKey":{"counter":-1,"key":"DqFbY6ZY1c0hfXCDEYrUnylzRMdqHMh3WtjPwpFDJeA="},"chainType":1,"messageKeys":{}}}}},"version":"v1"}