{"_sessions":{"Bcywox4JuMhHhmHvTjDoGnAaXPT1mpno5nHc3R6/LBx0":{"registrationId":981769893,"currentRatchet":{"ephemeralKeyPair":{"pubKey":"BQMIJ8j3jgN8AQydtFNuRbuPn0k+bSZ4fOHu/air//MK","privKey":"APV+ylFztg12WzMKwPlIGhd4xM1b+6hDCiTtr+sSPnU="},"lastRemoteEphemeralKey":"BX/6AGjV9H4El0XUxYw2kKm61tbw4Q7G3cQCDkS/s2ww","previousCounter":0,"rootKey":"E0hcPjZI2gBXnYEG0GNZo94Fxqe8GpuSn++SxDkeOiA="},"indexInfo":{"baseKey":"Bcywox4JuMhHhmHvTjDoGnAaXPT1mpno5nHc3R6/LBx0","baseKeyType":1,"closed":-1,"used":1687233759823,"created":1687233759823,"remoteIdentityKey":"BULvra6kYaOcvdFNx0VfeCozKgux2MqxEAAMEVIyyFlK"},"_chains":{"BQMIJ8j3jgN8AQydtFNuRbuPn0k+bSZ4fOHu/air//MK":{"chainKey":{"counter":3,"key":"+HIbykJTqoBIUmBUyyIO2DArAbzDzGv1HnP8iwkM2A0="},"chainType":1,"messageKeys":{}}},"pendingPreKey":{"signedKeyId":1,"baseKey":"Bcywox4JuMhHhmHvTjDoGnAaXPT1mpno5nHc3R6/LBx0","preKeyId":1190369}}},"version":"v1"}