{"_sessions":{"BZNXBGavT2Wp6c2Qq3AITmHChX/KnUd0dAOkZblQxMkM":{"registrationId":611740200,"currentRatchet":{"ephemeralKeyPair":{"pubKey":"BSHbICrOXsqPhMrHtuAW0njf5nftSSiiJprFJ5TrQLlN","privKey":"QAN/RjBnmoRLxRAw3h+Ow0hCgeOraRaZweSsoz03Zko="},"lastRemoteEphemeralKey":"Bc0sAuM+lnd7lmIYIIozgqzm96x7LUIBfmJtmnJwKNIl","previousCounter":0,"rootKey":"la/K55vcHvmGNx96/D6hQ7U5HWZywJt0yefk+rKdFg4="},"indexInfo":{"baseKey":"BZNXBGavT2Wp6c2Qq3AITmHChX/KnUd0dAOkZblQxMkM","baseKeyType":1,"closed":-1,"used":1687233758963,"created":1687233758963,"remoteIdentityKey":"BSlMm9Mchlzj5EvxkzFvr5+Rjods1QEpSUxxwACfN9EZ"},"_chains":{"BSHbICrOXsqPhMrHtuAW0njf5nftSSiiJprFJ5TrQLlN":{"chainKey":{"counter":3,"key":"JL6t9AZecL0eb8oGayQ39XgMz3yoE3nEH23eg2f9Ncs="},"chainType":1,"messageKeys":{}}},"pendingPreKey":{"signedKeyId":2,"baseKey":"BZNXBGavT2Wp6c2Qq3AITmHChX/KnUd0dAOkZblQxMkM","preKeyId":730899}}},"version":"v1"}