{"_sessions":{"BdqT5xJrYX96jrDy8+72N731EOs6+z6zsGpOH3YJBBwW":{"registrationId":2111966710,"currentRatchet":{"ephemeralKeyPair":{"pubKey":"BYPwXBvRnjh4GnniGF09oGNLz18mPLOiDuUeymKFyq8S","privKey":"MANko9eaZ2SQKt8dGJ/tf8aawY1rOiHdtXNZuPgj8kA="},"lastRemoteEphemeralKey":"BaniK05PsN89sB8ngYM+40b/G/jkwvAnMIettaWWJCUD","previousCounter":0,"rootKey":"Yi0j++l+OGV8vfbb9LplvsYtMPeyv4hTn+/TgbQZDqU="},"indexInfo":{"baseKey":"BdqT5xJrYX96jrDy8+72N731EOs6+z6zsGpOH3YJBBwW","baseKeyType":1,"closed":-1,"used":1687233759445,"created":1687233759445,"remoteIdentityKey":"BaFkGHsCrZa/yRaYxKSmHRvMApBsBs/b1gwioEpaLqlS"},"_chains":{"BYPwXBvRnjh4GnniGF09oGNLz18mPLOiDuUeymKFyq8S":{"chainKey":{"counter":3,"key":"/+JCWOGXijh+CU9H4iuvuXmNPz/xpUKBGciLQt14X24="},"chainType":1,"messageKeys":{}}},"pendingPreKey":{"signedKeyId":0,"baseKey":"BdqT5xJrYX96jrDy8+72N731EOs6+z6zsGpOH3YJBBwW","preKeyId":16725890}}},"version":"v1"}