{"_sessions":{"BWsAweIBSg2cDw29JV96O5z2zIAf9gMEYDiUwIL6g7EG":{"registrationId":70801380,"currentRatchet":{"ephemeralKeyPair":{"pubKey":"BXaXPKA+ydb6zUHn5hLXATsoL0bDg2QrRsGQqSdsapot","privKey":"oFZmZ64Cgeo1VgvoGO2qh92P2uJ9CwRvxZGWjUr9SlU="},"lastRemoteEphemeralKey":"BfrdGZFkWMoeBScApTrhTYM/ENT2zuaKMSFL+hfutqcY","previousCounter":0,"rootKey":"Hg9z/w+9lFC1oWbTawYrAPzvrfGmulphEmj5enfBnpA="},"indexInfo":{"baseKey":"BWsAweIBSg2cDw29JV96O5z2zIAf9gMEYDiUwIL6g7EG","baseKeyType":1,"closed":-1,"used":1687233759319,"created":1687233759319,"remoteIdentityKey":"BbcrYGiW4e4NUspnLzf7xccBp2GMR0r/VGI23zY4C2Ug"},"_chains":{"BXaXPKA+ydb6zUHn5hLXATsoL0bDg2QrRsGQqSdsapot":{"chainKey":{"counter":3,"key":"CROLi/irbFHa8BRF6lqI0VIEMUgIPoMOFro+wdCJ4i8="},"chainType":1,"messageKeys":{}}},"pendingPreKey":{"signedKeyId":5,"baseKey":"BWsAweIBSg2cDw29JV96O5z2zIAf9gMEYDiUwIL6g7EG","preKeyId":13445822}}},"version":"v1"}