{"_sessions":{"BRJrYuInpNI62LgcTf1L59+MIwd/uNWZwl/gmZqhtKpW":{"registrationId":1358904639,"currentRatchet":{"ephemeralKeyPair":{"pubKey":"BcXkGKwTV0IsEj9idUJ81PiQqQD8L3w1uzdAFs5xHE9w","privKey":"mBd2dr/EPEnRWRorviNtuRSurWV7gr95gJG+kZfW3HY="},"lastRemoteEphemeralKey":"Bf+dl0/MwPSfXjmSLZAV+XVfagmW3DwscjouTJ1BZ2Ve","previousCounter":0,"rootKey":"RvEJJcAu7a8AQt+MnHfH1fC7ELlMHgjRoFlJv7wKDu4="},"indexInfo":{"baseKey":"BRJrYuInpNI62LgcTf1L59+MIwd/uNWZwl/gmZqhtKpW","baseKeyType":1,"closed":-1,"used":1687233759366,"created":1687233759366,"remoteIdentityKey":"BXNOu2PaEvT8P+C2Me8+KjpfV6LVK2WvK1HyMNl3FGsz"},"_chains":{"BcXkGKwTV0IsEj9idUJ81PiQqQD8L3w1uzdAFs5xHE9w":{"chainKey":{"counter":3,"key":"mitQcw/wVJsEXPQOzmC3845A7oWwBMjyK3C73PfibkI="},"chainType":1,"messageKeys":{}}},"pendingPreKey":{"signedKeyId":1,"baseKey":"BRJrYuInpNI62LgcTf1L59+MIwd/uNWZwl/gmZqhtKpW","preKeyId":10953892}}},"version":"v1"}