{"_sessions":{"BXcW9p8u4uN9RPbu86Ag7CLQKBEpoepZrhBUsdJmYGJy":{"registrationId":563377583,"currentRatchet":{"ephemeralKeyPair":{"pubKey":"BTFl8dXFDk+ecb2bEsRtYAWTuDKwmHpr1B8WrVzaZ41I","privKey":"qEM+P3MljAucvMZsfdYGLsEOgyiwv59gECLUBRJWVWE="},"lastRemoteEphemeralKey":"BUhllPKTm3c8ETVUUBTs3d6mJFgRSjgFUhnwM0fOQPEb","previousCounter":1,"rootKey":"thMpMJymawvWzB/4br+cK5dB7dIn2mODb9HAUevEPhM="},"indexInfo":{"baseKey":"BXcW9p8u4uN9RPbu86Ag7CLQKBEpoepZrhBUsdJmYGJy","baseKeyType":1,"closed":-1,"used":1687272693032,"created":1687233759730,"remoteIdentityKey":"Bb/QzrpCdan4dZ6JVuFXlA1Ft8+zH9yU1HkIRnf59D8j"},"_chains":{"BZBk0V/CIzzDlNFb9Dd3bsWCfo6zkTsMnrnFXoKyJfUN":{"chainKey":{"counter":3},"chainType":2,"messageKeys":{}},"BUhllPKTm3c8ETVUUBTs3d6mJFgRSjgFUhnwM0fOQPEb":{"chainKey":{"counter":0,"key":"w6FdV6q/PdBdxer+LwoDP1eNrJ0x6EbrGw9bu1uyp54="},"chainType":2,"messageKeys":{}},"BTFl8dXFDk+ecb2bEsRtYAWTuDKwmHpr1B8WrVzaZ41I":{"chainKey":{"counter":-1,"key":"/orzXG5mLIBTL3D1P5AObJCaUeTQrwNLFpkXxSTD8t8="},"chainType":1,"messageKeys":{}}}}},"version":"v1"}