{"_sessions":{"BYtaXJ+6BV6unJHsU+RlxbixvCCc61Qq+7gN/15++ksp":{"registrationId":1769782390,"currentRatchet":{"ephemeralKeyPair":{"pubKey":"BSATLA01NsaoWy2WAmE5J6zpAthmdo2CcDwgG7el/Yom","privKey":"EDKbytujICMGeYEBidYh6H+7IweReflEN2CmnUny800="},"lastRemoteEphemeralKey":"BcArvHVCYrlztoC6YthWsBn+X9gYGDIwlB8GtIQjJTMv","previousCounter":0,"rootKey":"fedBXhYR2dSVJfPdQC3iq6T2bVgyInMA5PUFaMbGoYU="},"indexInfo":{"baseKey":"BYtaXJ+6BV6unJHsU+RlxbixvCCc61Qq+7gN/15++ksp","baseKeyType":1,"closed":-1,"used":1687274959887,"created":1687274959887,"remoteIdentityKey":"BYSo0H1/xBc96GGxeh4ZWfre7cLaBLf2kRlJBvL73bB+"},"_chains":{"BSATLA01NsaoWy2WAmE5J6zpAthmdo2CcDwgG7el/Yom":{"chainKey":{"counter":0,"key":"p5hTzsoni5SwyGwbRolQWOZCuwmJQgK/z8ppmtH1goM="},"chainType":1,"messageKeys":{}}},"pendingPreKey":{"signedKeyId":23,"baseKey":"BYtaXJ+6BV6unJHsU+RlxbixvCCc61Qq+7gN/15++ksp","preKeyId":5994422}}},"version":"v1"}