{"_sessions":{"Bf+o+dVp2sH3eUk88M4MFKvF2aKemeHKu0dvsXT/4wxp":{"registrationId":13,"currentRatchet":{"ephemeralKeyPair":{"pubKey":"Be6GX0yXpFniZ7bNAihvgFEBTdiI+gfv4baA9o6YA5cn","privKey":"4HYq8KPIHbwFl39CNeH0LlnZi3VYZjAk7zMlBiYqMUk="},"lastRemoteEphemeralKey":"BRH49OTHSuAnD3K9CyP1MRNsu6PPuQz5HA3F5AKPaUgt","previousCounter":0,"rootKey":"+7YapvUeZrtF16g+ptjDfq+l4xpejDDjN5V02DGJYQ0="},"indexInfo":{"baseKey":"Bf+o+dVp2sH3eUk88M4MFKvF2aKemeHKu0dvsXT/4wxp","baseKeyType":1,"closed":-1,"used":1687192068258,"created":1687192068258,"remoteIdentityKey":"BX/5o4mZ7JLnP94szwdi4cssA5H+0Xm06BwOhssG/i9U"},"_chains":{"Be6GX0yXpFniZ7bNAihvgFEBTdiI+gfv4baA9o6YA5cn":{"chainKey":{"counter":101,"key":"R/20T6UBXx7o7bgM/7DozqEUtNTQr61/ptWt3W9ttBI="},"chainType":1,"messageKeys":{}}},"pendingPreKey":{"signedKeyId":1,"baseKey":"Bf+o+dVp2sH3eUk88M4MFKvF2aKemeHKu0dvsXT/4wxp"}}},"version":"v1"}