{"_sessions":{"BUb05cNB+L1gAp+FyVUuIPTPM147//9/0EKnaZYEyCJN":{"registrationId":975330237,"currentRatchet":{"ephemeralKeyPair":{"pubKey":"BezuWD+qgf0yE4WEN1Mcn8seojwsaoFnkC17DOIVxpV1","privKey":"mO7RBq7zDvOFi442kgBTaizvaDjcbBXqw5haLjGPk1M="},"lastRemoteEphemeralKey":"BZa3gHm7CARTfO1h7//SzKQCB1N/YnI1XCqE6Oj1520h","previousCounter":0,"rootKey":"TlxA0Uwo/U9L8Ubz2n05CXHmwpOYtLAW3PSANgGcX5k="},"indexInfo":{"baseKey":"BUb05cNB+L1gAp+FyVUuIPTPM147//9/0EKnaZYEyCJN","baseKeyType":1,"closed":1687247976984,"used":1687236572539,"created":1687236572539,"remoteIdentityKey":"BYZb0sQuMXLEU7X3YHsDITiAAD7eNuDVmT6i8s48MuFt"},"_chains":{"BezuWD+qgf0yE4WEN1Mcn8seojwsaoFnkC17DOIVxpV1":{"chainKey":{"counter":0,"key":"SmplruFq2HMqEi1EyeccbcQ/tn6wXbfxbMdgh6OyUaI="},"chainType":1,"messageKeys":{}}},"pendingPreKey":{"signedKeyId":9,"baseKey":"BUb05cNB+L1gAp+FyVUuIPTPM147//9/0EKnaZYEyCJN","preKeyId":16521772}},"BVZBdEGYWvmy7Np4fBzzB1sCOV8CK8RCYGk06gr10012":{"registrationId":975330237,"currentRatchet":{"ephemeralKeyPair":{"pubKey":"BVhPSEcSrm86hJNAmgpyc355hVZ/BBsNEeDfV39FWlUe","privKey":"wHF+f8202ACeqVFgociP/519+DpQ5m8BONZq4+/tfnE="},"lastRemoteEphemeralKey":"BZa3gHm7CARTfO1h7//SzKQCB1N/YnI1XCqE6Oj1520h","previousCounter":0,"rootKey":"f7HNI5e3DH9VgKQCDJDx5HW8Xec+wVTTJoBdRgZ773o="},"indexInfo":{"baseKey":"BVZBdEGYWvmy7Np4fBzzB1sCOV8CK8RCYGk06gr10012","baseKeyType":1,"closed":1687247989567,"used":1687247976957,"created":1687247976957,"remoteIdentityKey":"BYZb0sQuMXLEU7X3YHsDITiAAD7eNuDVmT6i8s48MuFt"},"_chains":{"BVhPSEcSrm86hJNAmgpyc355hVZ/BBsNEeDfV39FWlUe":{"chainKey":{"counter":0,"key":"snxz2Ao9E4IFZT+r09QILzJBhlR1oHPn/HaQVpEjbfo="},"chainType":1,"messageKeys":{}}},"pendingPreKey":{"signedKeyId":9,"baseKey":"BVZBdEGYWvmy7Np4fBzzB1sCOV8CK8RCYGk06gr10012","preKeyId":16521951}},"BdlfcDhu8lMdL4nl68ecWW3gOsfW9AI/2xHuPlSDQLUr":{"registrationId":975330237,"currentRatchet":{"ephemeralKeyPair":{"pubKey":"BbBIVD8GVfVTfCoOtTYcKQTh0TF3DfqWO4bMwvjcYgYd","privKey":"qMNHWb3tEg3o1XE5k+G6/PvTSnHlYuXep8S12aQyOWk="},"lastRemoteEphemeralKey":"BZa3gHm7CARTfO1h7//SzKQCB1N/YnI1XCqE6Oj1520h","previousCounter":0,"rootKey":"yi0TjfRgV0Tw7kqpymPmjTDq5v7gm7N4r0rDVUiX4Ag="},"indexInfo":{"baseKey":"BdlfcDhu8lMdL4nl68ecWW3gOsfW9AI/2xHuPlSDQLUr","baseKeyType":1,"closed":-1,"used":1687247989491,"created":1687247989491,"remoteIdentityKey":"BYZb0sQuMXLEU7X3YHsDITiAAD7eNuDVmT6i8s48MuFt"},"_chains":{"BbBIVD8GVfVTfCoOtTYcKQTh0TF3DfqWO4bMwvjcYgYd":{"chainKey":{"counter":1,"key":"leLBW922W5+qaxXIhkXnz6/G4gUKG1q6gXGR0wYmyjg="},"chainType":1,"messageKeys":{}}},"pendingPreKey":{"signedKeyId":9,"baseKey":"BdlfcDhu8lMdL4nl68ecWW3gOsfW9AI/2xHuPlSDQLUr","preKeyId":16521748}}},"version":"v1"}