{"_sessions":{"BY6Oi8MpxhLLNN+JkqEBChSExiRSpEJJ+A7OpJGD0NYK":{"registrationId":1868243820,"currentRatchet":{"ephemeralKeyPair":{"pubKey":"BRRbkeQ+XSNp87z/ZzSNLhWyGFpEZfw6nKX0beVNxZMz","privKey":"aHVX1Fjk8gvRzc5PxnYx/QKp0mpn8TmRxRt0cTtWok4="},"lastRemoteEphemeralKey":"BUAXmHngqUffUZRxm1vtlyS7oqLCb3Mk9Gly9//s9mdP","previousCounter":0,"rootKey":"bE1JX1S4rJsDOD9rLUPea1N0Y9Gd5/EQ/DgQVjvu3H4="},"indexInfo":{"baseKey":"BY6Oi8MpxhLLNN+JkqEBChSExiRSpEJJ+A7OpJGD0NYK","baseKeyType":1,"closed":-1,"used":1687192081791,"created":1687192081791,"remoteIdentityKey":"BXpUJwP4jOaUI4fbB/94zY3OFlTRTl2/tAWtnxNaIStR"},"_chains":{"BRRbkeQ+XSNp87z/ZzSNLhWyGFpEZfw6nKX0beVNxZMz":{"chainKey":{"counter":1,"key":"E4jgRrljHg6gKfgXjFVkDmNKMhX3Z6nLMYjdQX9xdOk="},"chainType":1,"messageKeys":{}}},"pendingPreKey":{"signedKeyId":3,"baseKey":"BY6Oi8MpxhLLNN+JkqEBChSExiRSpEJJ+A7OpJGD0NYK","preKeyId":16618876}}},"version":"v1"}