{"_sessions":{"BXaPtV8lgtkLda987mDK865NS//RAL48XtxdZ83dIhgQ":{"registrationId":1519891584,"currentRatchet":{"ephemeralKeyPair":{"pubKey":"BdjsclD0lEon7sfR4bVDTouwTIkwhV/2EBhxTK4yqitH","privKey":"+O3DT8RUfiPzJJzgE1As6ZZIScqzSpNLOhIO8YIkF0c="},"lastRemoteEphemeralKey":"Bc7lNsZpFEeBTaClcFQJ3vQ6qZ2OnvYKsoHYjp7Jqc4Q","previousCounter":0,"rootKey":"0gP3sB2etW2Z20l3A1KpL+qlXm8Q9KzCXI3IRrGbVOc="},"indexInfo":{"baseKey":"BXaPtV8lgtkLda987mDK865NS//RAL48XtxdZ83dIhgQ","baseKeyType":1,"closed":-1,"used":1687233759063,"created":1687233759063,"remoteIdentityKey":"BUtYbd17XEQ2eN34gn4BpI8HVcDHEOcOZNOMkv6zWW4K"},"_chains":{"BdjsclD0lEon7sfR4bVDTouwTIkwhV/2EBhxTK4yqitH":{"chainKey":{"counter":3,"key":"w1SYUR0lEOpNp+ykV/BVYRhf8CKeXCRNZ4IzzFgMFeY="},"chainType":1,"messageKeys":{}}},"pendingPreKey":{"signedKeyId":10,"baseKey":"BXaPtV8lgtkLda987mDK865NS//RAL48XtxdZ83dIhgQ","preKeyId":10694652}}},"version":"v1"}