{"_sessions":{"BVeWCoTU+PIqZkIWIixsmcbxC8GtJdMiJIKdmmvc1ZtM":{"registrationId":4214,"currentRatchet":{"ephemeralKeyPair":{"pubKey":"BdNuSMoWRueiDvBoFP8ab1ixKvF9rRVuzFB2y/788f9i","privKey":"EIOczQcEY8SlofMwxyacVvhj154xeWXgpikmX+ZDdVI="},"lastRemoteEphemeralKey":"BTcyMNhPkBpIg/PcUFfPY4nY2flPNB1TGeKWrYQaF5wb","previousCounter":1,"rootKey":"lrp8j9EEvhA5+JU/gEamPmcghyiJw9klzE1FONj1HZ0="},"indexInfo":{"baseKey":"BVeWCoTU+PIqZkIWIixsmcbxC8GtJdMiJIKdmmvc1ZtM","baseKeyType":2,"closed":1687271732823,"used":1687272049237,"created":1687271608816,"remoteIdentityKey":"BefpqGF2cDryVrHKAWtVPNii3Fx8HoTgdZ+0li9TwzJy"},"_chains":{"Bdc+s67oPbRp+ao2Ps2P6X9WWEIlpF+gKeNkdFcEQcsb":{"chainKey":{"counter":0},"chainType":2,"messageKeys":{}},"BTcyMNhPkBpIg/PcUFfPY4nY2flPNB1TGeKWrYQaF5wb":{"chainKey":{"counter":1,"key":"97OZ8A2jMIx6qSo3+TWsKVs5mNNiR5907DYlfhDDoq0="},"chainType":2,"messageKeys":{}},"BdNuSMoWRueiDvBoFP8ab1ixKvF9rRVuzFB2y/788f9i":{"chainKey":{"counter":-1,"key":"+G8yi/VEH/Defoud+yQyKvTy9x9wfyjL6Fi7hs8vMNo="},"chainType":1,"messageKeys":{}}}},"BQV4uip8FksOot5Ej7obHxlRPiqFMjPh1Cyhl6cM9OIm":{"registrationId":4214,"currentRatchet":{"ephemeralKeyPair":{"pubKey":"BSYj8iVY3CKz4Oq/fEPitHWVuMML9uYAX9IhRo9TmKda","privKey":"oMN4a4GBnJKupem9pTorSo//cTtoslDjLYsDHLjmg1c="},"lastRemoteEphemeralKey":"BTcyMNhPkBpIg/PcUFfPY4nY2flPNB1TGeKWrYQaF5wb","previousCounter":-1,"rootKey":"E083QPUHXdLeO1hA/PNMquwMOolHVgdbo3LoFPKbMdk="},"indexInfo":{"baseKey":"BQV4uip8FksOot5Ej7obHxlRPiqFMjPh1Cyhl6cM9OIm","baseKeyType":1,"closed":1687272116065,"used":1687271732749,"created":1687271732749,"remoteIdentityKey":"BefpqGF2cDryVrHKAWtVPNii3Fx8HoTgdZ+0li9TwzJy"},"_chains":{"BTcyMNhPkBpIg/PcUFfPY4nY2flPNB1TGeKWrYQaF5wb":{"chainKey":{"counter":0,"key":"SZVDU7VDNJ68bwefP1gETSR0juwOskUcrn1JpTjJxN4="},"chainType":2,"messageKeys":{}},"BSYj8iVY3CKz4Oq/fEPitHWVuMML9uYAX9IhRo9TmKda":{"chainKey":{"counter":0,"key":"KVaxu5yIP9estRzgw+KPmdQ5BMP7ESUWM5e0Q0isefc="},"chainType":1,"messageKeys":{}}},"pendingPreKey":{"signedKeyId":1,"baseKey":"BQV4uip8FksOot5Ej7obHxlRPiqFMjPh1Cyhl6cM9OIm","preKeyId":135}},"BX81OR68Y6CmYyNbq/oECTy7ngD0mbI6WzlKZjz4CFpZ":{"registrationId":4214,"currentRatchet":{"ephemeralKeyPair":{"pubKey":"BXUfVd1Nt3Z9LH8pHUol9usPCZt9QlFxeb3Wfs/lVMR+","privKey":"EHEvBNFPfl1ENlIrA36o25yFg3+aIFOx8PkBf732DkA="},"lastRemoteEphemeralKey":"BfKIgLbw3d0dhfYLjUACQAaM7brsbuM8RVippbcmm88+","previousCounter":0,"rootKey":"a3KPgPgyTe+E0LU1AqkGoZTISfU+wukvBQH+CVbIa8M="},"indexInfo":{"baseKey":"BX81OR68Y6CmYyNbq/oECTy7ngD0mbI6WzlKZjz4CFpZ","baseKeyType":1,"closed":-1,"used":1687272764712,"created":1687272116056,"remoteIdentityKey":"BefpqGF2cDryVrHKAWtVPNii3Fx8HoTgdZ+0li9TwzJy"},"_chains":{"Bcjou8EoJTe7GIm7DegTNS3mYljG8DQ9Lb3CosKE+wg3":{"chainKey":{"counter":1},"chainType":2,"messageKeys":{}},"BfKIgLbw3d0dhfYLjUACQAaM7brsbuM8RVippbcmm88+":{"chainKey":{"counter":0,"key":"Q/zhvx0tcjNYA1LMn1qIegcXlJDZjMsiZEsdpx/vhs8="},"chainType":2,"messageKeys":{}},"BXUfVd1Nt3Z9LH8pHUol9usPCZt9QlFxeb3Wfs/lVMR+":{"chainKey":{"counter":2,"key":"HbAi5D+KsSRas1kmirGce0TUNIk74DYTa61gH9CwiZc="},"chainType":1,"messageKeys":{}}}}},"version":"v1"}