{"_sessions":{"Baalhz4HTtFn1z+QW77zcCqBySOvsm2bYZyeRjW6plIm":{"registrationId":2020,"currentRatchet":{"ephemeralKeyPair":{"pubKey":"BRVUkgIEQZV0zo/rkHGMO499i3zOcGmLxMeEn3IQOhkO","privKey":"6HROVu2vAietg2Ol3kcbBantuClcOssKYaYVGF2wRGo="},"lastRemoteEphemeralKey":"BR3O1TjeVtlDjuC+nJl241n+GygeYs6aJUQ/Ej4R2e1T","previousCounter":0,"rootKey":"x9y3jENeL51SaU85H8Oh3YXP3Q11q5ARPOQLWTFQGZc="},"indexInfo":{"baseKey":"Baalhz4HTtFn1z+QW77zcCqBySOvsm2bYZyeRjW6plIm","baseKeyType":1,"closed":-1,"used":1687192081725,"created":1687192081725,"remoteIdentityKey":"BSbWJKjQbRNogPI+hix8LzJcYYlx9yHaBX7RYvtqSoxr"},"_chains":{"BRVUkgIEQZV0zo/rkHGMO499i3zOcGmLxMeEn3IQOhkO":{"chainKey":{"counter":1,"key":"sMonK58FeugruuKTGD3tpRyDRfNbCEEmy0tE2b4bMtg="},"chainType":1,"messageKeys":{}}},"pendingPreKey":{"signedKeyId":1,"baseKey":"Baalhz4HTtFn1z+QW77zcCqBySOvsm2bYZyeRjW6plIm"}}},"version":"v1"}