{"_sessions":{"BRPg3famYqx4aAkhrqvqB1QAnqVwSi1LugIXAhG/fHkJ":{"registrationId":1191169351,"currentRatchet":{"ephemeralKeyPair":{"pubKey":"BTNcYhT5gI4ukxde7VDb+ejaedc49uy+1v/yfKl1mb5Y","privKey":"IO2fIyIeMn6VHMozMVtqhxVO2zsEZA0yAd00Sel/u0o="},"lastRemoteEphemeralKey":"BS4nHfDZuGEbop1BuCf/NwwgC/X70S24nxMmX0J+4JUm","previousCounter":0,"rootKey":"sGINTieFjP4/r+RO0bnf8PdVzYzsjwg3NC+6fLgyTAE="},"indexInfo":{"baseKey":"BRPg3famYqx4aAkhrqvqB1QAnqVwSi1LugIXAhG/fHkJ","baseKeyType":1,"closed":-1,"used":1687195778019,"created":1687195778019,"remoteIdentityKey":"BRXhuxwkxst9IGAMHnUa1uDsPHWC/ZQ97vjH3ZI6UZhk"},"_chains":{"BTNcYhT5gI4ukxde7VDb+ejaedc49uy+1v/yfKl1mb5Y":{"chainKey":{"counter":0,"key":"UmPaLHuKJllP/GI7BD+7fFnHwMD6PMz7aOq/wpsRXCs="},"chainType":1,"messageKeys":{}}},"pendingPreKey":{"signedKeyId":5,"baseKey":"BRPg3famYqx4aAkhrqvqB1QAnqVwSi1LugIXAhG/fHkJ","preKeyId":2644688}}},"version":"v1"}