{"_sessions":{"BUYADEHZ13SntxXakpQfui2y/rfHF92TFiRDKu5AlKh3":{"registrationId":1774705261,"currentRatchet":{"ephemeralKeyPair":{"pubKey":"BY/LvIBwgk4yPxf2qoVGcf/UjaXudmHR9e+FuTWuK8RX","privKey":"2D1jjMQKj/oDpQpdYf3U4bHTYBwLr3nHXltQdARi818="},"lastRemoteEphemeralKey":"BY4JeQzbVFotaLH7CPC66MAOBxh0G1vpEd4UKSYWmJZ/","previousCounter":0,"rootKey":"53BU5KeNx1tPvnfJaRUlExFGMBSWmGdW+SlQ4RsLuVs="},"indexInfo":{"baseKey":"BUYADEHZ13SntxXakpQfui2y/rfHF92TFiRDKu5AlKh3","baseKeyType":2,"closed":-1,"used":1687263554445,"created":1687263554445,"remoteIdentityKey":"BXRyfHk5NUu7uwjoCAgV2ZXGzUOO2UqAjdYWbDtO/xty"},"_chains":{"BY4JeQzbVFotaLH7CPC66MAOBxh0G1vpEd4UKSYWmJZ/":{"chainKey":{"counter":0,"key":"s+LTkyv+33epFCcwQnb8zoEiVrwqaiLwWCNRfwTPLO0="},"chainType":2,"messageKeys":{}},"BY/LvIBwgk4yPxf2qoVGcf/UjaXudmHR9e+FuTWuK8RX":{"chainKey":{"counter":0,"key":"B3wANb+1VylTuYbuxb1EUKgiJg6hzJpANkfrnM1cztg="},"chainType":1,"messageKeys":{}}}}},"version":"v1"}