{"_sessions":{"BWWK7+mwJr20lragCx/Oum0B/mRDjNcYOHHo8GjI0WhL":{"registrationId":1880334700,"currentRatchet":{"ephemeralKeyPair":{"pubKey":"BZ6TcDq/Nxf+Wxvvkr/4my18Wmymc+HRpjVCKNzxquMo","privKey":"WM6BLnNsTJyYJD4ykZSQlyPQRbat/kz3o72N5AmEjmE="},"lastRemoteEphemeralKey":"BRa2irH5CzMUUcW+wtVRQwy1KDx9P4gPin0QT5JuE4Eq","previousCounter":1,"rootKey":"6TIfL65A90yUC157zFuGTpLTql96Pq6JrXqK+29OadQ="},"indexInfo":{"baseKey":"BWWK7+mwJr20lragCx/Oum0B/mRDjNcYOHHo8GjI0WhL","baseKeyType":1,"closed":-1,"used":1687241962024,"created":1687192081893,"remoteIdentityKey":"BeCQThK0t9dNDKVRZnc8OcCxjpviV8npKG7QXnsKuJ4d"},"_chains":{"BRa2irH5CzMUUcW+wtVRQwy1KDx9P4gPin0QT5JuE4Eq":{"chainKey":{"counter":0,"key":"KhFpz2lNf59k3QxHe1Kl7QOAm1wrMX5VmdTnRLN7avo="},"chainType":2,"messageKeys":{}},"BZ6TcDq/Nxf+Wxvvkr/4my18Wmymc+HRpjVCKNzxquMo":{"chainKey":{"counter":-1,"key":"R11bIkH/X/amMmSGHlTSbZZxpYpMWO9ar3Prta2dgFg="},"chainType":1,"messageKeys":{}}}}},"version":"v1"}