{"_sessions":{"BRwN3OehzzDetRHetqmImJfNdBuKqbuT1aowNic3iO9/":{"registrationId":600954033,"currentRatchet":{"ephemeralKeyPair":{"pubKey":"BQSC637kRSdWECvt9UW8HxGWEJmQVe7BmcRZGzRYnVsW","privKey":"yGpQyYly86OZO1SFAe9GM9a9a29TYN8VNgiDVvAFolQ="},"lastRemoteEphemeralKey":"BazRleBajwdp3EOsqsyCH9jVdBSCRza2Pz5T6Fk8yXUb","previousCounter":0,"rootKey":"Q8BD4bUG1JHSGiTrEIk266UXlqzdDu1ysUb4FBNsGQ4="},"indexInfo":{"baseKey":"BRwN3OehzzDetRHetqmImJfNdBuKqbuT1aowNic3iO9/","baseKeyType":1,"closed":-1,"used":1687233759714,"created":1687233759714,"remoteIdentityKey":"BRpv/sJrfP9ST98UjW4kO8dENzfj1oaFIPDYFt3J9dcO"},"_chains":{"BQSC637kRSdWECvt9UW8HxGWEJmQVe7BmcRZGzRYnVsW":{"chainKey":{"counter":3,"key":"WNzDdntWCz06XMrT8kdsu3OmmazpFUXNbSoL6Tudfrw="},"chainType":1,"messageKeys":{}}},"pendingPreKey":{"signedKeyId":1,"baseKey":"BRwN3OehzzDetRHetqmImJfNdBuKqbuT1aowNic3iO9/","preKeyId":5578984}}},"version":"v1"}