{"_sessions":{"BTW+8mlmmK/NMjEqJ7H254OZDTOG78YDMBBlafnyKt1r":{"registrationId":1759892745,"currentRatchet":{"ephemeralKeyPair":{"pubKey":"BfCtUVP4Igl0Iu61Bwid735blW39ZxGpmEKPgJYHaCE7","privKey":"aPK+mnVBkTBtSd1HYMa3EoZhWGkKsJJ4uyiZKQGwkFs="},"lastRemoteEphemeralKey":"BRpBX8xMBNODggY6xY//UxMKEDzy+E4kg6kzhPHaaphR","previousCounter":1,"rootKey":"174afWBw6Cu67W0xa+lNvZDIxN5rjgape2W+msPFD8g="},"indexInfo":{"baseKey":"BTW+8mlmmK/NMjEqJ7H254OZDTOG78YDMBBlafnyKt1r","baseKeyType":1,"closed":-1,"used":1687260111375,"created":1687233759030,"remoteIdentityKey":"BTpreh2s6j+y65J8jvS0Dji2lPr6Rgwas4EK5Ch6ZwAI"},"_chains":{"BRpBX8xMBNODggY6xY//UxMKEDzy+E4kg6kzhPHaaphR":{"chainKey":{"counter":1,"key":"grelHEJyGlFvTAHSYIADMZpKakoyIR/m9IgTQcB7mig="},"chainType":2,"messageKeys":{}},"BfCtUVP4Igl0Iu61Bwid735blW39ZxGpmEKPgJYHaCE7":{"chainKey":{"counter":1,"key":"C3CLW8ySkbTTIY1wd1rkRLYt9M1CTjcKmhsvqjIqV1Y="},"chainType":1,"messageKeys":{}}}}},"version":"v1"}