{"_sessions":{"Bd96V1xS2X+OL3TOYavsE6vROyxiTHPxeYC9Xi9rZw5Y":{"registrationId":689051066,"currentRatchet":{"ephemeralKeyPair":{"pubKey":"BS+Vl6Vc55IND0gE/nZvnf8+Fmh0Uewqn3NEehnaiZ9V","privKey":"eHQQEnr2QRd+4aDU0na5aQA8ZG+/XTQ1mK0UGiI2lFI="},"lastRemoteEphemeralKey":"BcRAdg1y8UeuBfX7IEKht7j/uwN/sLRIXR6ONIEls2Ur","previousCounter":0,"rootKey":"ATST9EcqToGWqSBWIGG5HTL+urvwmzQMtbBjR8V0Rs0="},"indexInfo":{"baseKey":"Bd96V1xS2X+OL3TOYavsE6vROyxiTHPxeYC9Xi9rZw5Y","baseKeyType":1,"closed":-1,"used":1687195777944,"created":1687195777944,"remoteIdentityKey":"BfJkZfByWWBD44b8+DFpqNYAlNRzOWGBB+ZIAnWVXJFD"},"_chains":{"BS+Vl6Vc55IND0gE/nZvnf8+Fmh0Uewqn3NEehnaiZ9V":{"chainKey":{"counter":0,"key":"z3nn87sydiC8ny+xgdpMWOabWLl8W8XKOxS6N7APn28="},"chainType":1,"messageKeys":{}}},"pendingPreKey":{"signedKeyId":5,"baseKey":"Bd96V1xS2X+OL3TOYavsE6vROyxiTHPxeYC9Xi9rZw5Y","preKeyId":12202259}}},"version":"v1"}