{"_sessions":{"BaqMZfUjhl+oQuO0jHJzrgcWcRDcNt6FYOOEghURUKl/":{"registrationId":1797889710,"currentRatchet":{"ephemeralKeyPair":{"pubKey":"BXCcTbEef7+9F6yVEOnpyaVHtvwn9BEWpgzbDmA5/ClM","privKey":"WGrFcAHuoNjoLzCUmt68gvgHHPHrnoSas4TEsRFYcEE="},"lastRemoteEphemeralKey":"BSYVrwFxs8gkh1GYcS/qjYQcKKnPHric2AHu9sTDHE0e","previousCounter":0,"rootKey":"QLN1VsgK1ZlPjJsD6FRpAPOXKPd4nvgU135KTSMokjY="},"indexInfo":{"baseKey":"BaqMZfUjhl+oQuO0jHJzrgcWcRDcNt6FYOOEghURUKl/","baseKeyType":1,"closed":1687247977879,"used":1687236572590,"created":1687236572590,"remoteIdentityKey":"BdCSyCD+X7UY5sESHqpi5ueVvEGqeNGyC+dOwOpl3gFI"},"_chains":{"BXCcTbEef7+9F6yVEOnpyaVHtvwn9BEWpgzbDmA5/ClM":{"chainKey":{"counter":0,"key":"HbCv2YAN65DfxTMgMHP7dzg8I0GHPBRuBgzzuijMNkU="},"chainType":1,"messageKeys":{}}},"pendingPreKey":{"signedKeyId":2,"baseKey":"BaqMZfUjhl+oQuO0jHJzrgcWcRDcNt6FYOOEghURUKl/","preKeyId":6811495}},"BY3N9C0PFDR0lc5L38TBCcLMAARZxVtu+X/4py1RIKE7":{"registrationId":1797889710,"currentRatchet":{"ephemeralKeyPair":{"pubKey":"BY1iDUn4CLWqDTckp4WtpiAyG1mQ/la77E7MN6zg7qQy","privKey":"YMDvEVlstq12NghYgHPx2YnsUej3DlEq8stDS1ZrHFk="},"lastRemoteEphemeralKey":"BSYVrwFxs8gkh1GYcS/qjYQcKKnPHric2AHu9sTDHE0e","previousCounter":0,"rootKey":"TRFFVN+xmOeHsLA5wnJ6Lw4jj5syqo6tDXSVboa8McI="},"indexInfo":{"baseKey":"BY3N9C0PFDR0lc5L38TBCcLMAARZxVtu+X/4py1RIKE7","baseKeyType":1,"closed":1687247992633,"used":1687247977875,"created":1687247977875,"remoteIdentityKey":"BdCSyCD+X7UY5sESHqpi5ueVvEGqeNGyC+dOwOpl3gFI"},"_chains":{"BY1iDUn4CLWqDTckp4WtpiAyG1mQ/la77E7MN6zg7qQy":{"chainKey":{"counter":1,"key":"V2/9BIf4t08DkbwoIGJYi+Z2Xts41k5DIBkAOmDRuo8="},"chainType":1,"messageKeys":{}}},"pendingPreKey":{"signedKeyId":2,"baseKey":"BY3N9C0PFDR0lc5L38TBCcLMAARZxVtu+X/4py1RIKE7","preKeyId":6811468}},"BccryrD5bQvnT0VFt7fAkx+zaWA6NnLgVB/HuGLzBXgv":{"registrationId":1797889710,"currentRatchet":{"ephemeralKeyPair":{"pubKey":"BWykKwM3g2ryRHJoD/KtwE7rM6i0AMazYoPzitG7bdwB","privKey":"aOgfw8Jl56OOgF8j9mqPB5DqboM1h/2nbAOrxnse/m4="},"lastRemoteEphemeralKey":"BSYVrwFxs8gkh1GYcS/qjYQcKKnPHric2AHu9sTDHE0e","previousCounter":0,"rootKey":"RpwL6WlCRbipNuwxTgjv9wrPwWH0JzScMB/gxqBcPWs="},"indexInfo":{"baseKey":"BccryrD5bQvnT0VFt7fAkx+zaWA6NnLgVB/HuGLzBXgv","baseKeyType":1,"closed":-1,"used":1687247992628,"created":1687247992628,"remoteIdentityKey":"BdCSyCD+X7UY5sESHqpi5ueVvEGqeNGyC+dOwOpl3gFI"},"_chains":{"BWykKwM3g2ryRHJoD/KtwE7rM6i0AMazYoPzitG7bdwB":{"chainKey":{"counter":0,"key":"totQlsjxZTMq3RX43/RH7Gioe9u5uWtJcAcClb47tNk="},"chainType":1,"messageKeys":{}}},"pendingPreKey":{"signedKeyId":2,"baseKey":"BccryrD5bQvnT0VFt7fAkx+zaWA6NnLgVB/HuGLzBXgv","preKeyId":6811461}}},"version":"v1"}