{"_sessions":{"BQRgbXavKXxuv8lcgDth0MK6qIfpMSZx8Dy7KqpnDhA9":{"registrationId":96,"currentRatchet":{"ephemeralKeyPair":{"pubKey":"BQxfgYll+Nq/nh6rxX8kFkpOFbbs/tQjPnS+3nVfkwBU","privKey":"APdEn/1DgxuBvdnp/kQU2+mDF7BxGMpHxXQw4vIXJlQ="},"lastRemoteEphemeralKey":"Be0aLCVoInYHJ0YQjwTCRgakE8+QyRFVNZh9tCJ1yKw7","previousCounter":0,"rootKey":"/BMcdYMSMW55eRmz0f7jNh8KJN7YLASeLDpKIOdNq6U="},"indexInfo":{"baseKey":"BQRgbXavKXxuv8lcgDth0MK6qIfpMSZx8Dy7KqpnDhA9","baseKeyType":1,"closed":-1,"used":1687192068248,"created":1687192068248,"remoteIdentityKey":"BSAsctnjmbHrpnnSenjNB0dXIXvnHl/ul3C5SgBr/GVS"},"_chains":{"BQxfgYll+Nq/nh6rxX8kFkpOFbbs/tQjPnS+3nVfkwBU":{"chainKey":{"counter":101,"key":"9aNtYxHk7uqV+Cphxfg5DvBRs0LOTNQ6p2ksydHQfmo="},"chainType":1,"messageKeys":{}}},"pendingPreKey":{"signedKeyId":1,"baseKey":"BQRgbXavKXxuv8lcgDth0MK6qIfpMSZx8Dy7KqpnDhA9"}}},"version":"v1"}