{"_sessions":{"Bd5eAVPsiowllJbAQ1n+GTRy44ZzaTQDUE3h2YYzq3JW":{"registrationId":9226,"currentRatchet":{"ephemeralKeyPair":{"pubKey":"BSwlSJ43mgDcAcHQ64/nik4bpnJoWLio0+jknimxK2A6","privKey":"AL4IGlpXa7omjnLN26dkx2mTZ2qAhxJ2pL5scEJDi28="},"lastRemoteEphemeralKey":"BcCDRLpmX/gKD/H7HyK0lSOzSg7oG1sSBKFfcNWvXhsw","previousCounter":0,"rootKey":"MS5eTPFFkE955Y5+ht5a7UbMuT5I/sUjzCOAfq/BE5Q="},"indexInfo":{"baseKey":"Bd5eAVPsiowllJbAQ1n+GTRy44ZzaTQDUE3h2YYzq3JW","baseKeyType":1,"closed":-1,"used":1687274959793,"created":1687274959793,"remoteIdentityKey":"BQUGGIK9vQ/1Tek1Evf7G8JN1+a1YOxExdU1/6CSp8kD"},"_chains":{"BSwlSJ43mgDcAcHQ64/nik4bpnJoWLio0+jknimxK2A6":{"chainKey":{"counter":0,"key":"JXeA7GW/XpI7j30Jm1aopPR6h7rXyqeNlYk7WiUtI6E="},"chainType":1,"messageKeys":{}}},"pendingPreKey":{"signedKeyId":2,"baseKey":"Bd5eAVPsiowllJbAQ1n+GTRy44ZzaTQDUE3h2YYzq3JW","preKeyId":1566}}},"version":"v1"}