{"_sessions":{"Bf/6DTiT0r3W0ZRMrHEGJeeIgzBsWJIGhDJ5I0Lbu4x0":{"registrationId":463654758,"currentRatchet":{"ephemeralKeyPair":{"pubKey":"Bew8IGFVRLqBGLUGrBqBMANbFQJp6S5FrNGMdiLh1oBE","privKey":"GD11Dl7M3KsxWG1B2GjK1oO0V/+gTZbydfoCH7x7EVw="},"lastRemoteEphemeralKey":"BTlyXNnUfMS8PvU2/b86jvOHlD7oAhikjWceU3JXVX4s","previousCounter":0,"rootKey":"g4qGIvsFu44tRCPhsGD1xgl6wa0yKl/4z22o32hcqhs="},"indexInfo":{"baseKey":"Bf/6DTiT0r3W0ZRMrHEGJeeIgzBsWJIGhDJ5I0Lbu4x0","baseKeyType":1,"closed":-1,"used":1687195777796,"created":1687195777796,"remoteIdentityKey":"BSj9TLX8V8vwMYkMUuVGtnznb7Qtn7/vbqoE7ct7OrRA"},"_chains":{"Bew8IGFVRLqBGLUGrBqBMANbFQJp6S5FrNGMdiLh1oBE":{"chainKey":{"counter":0,"key":"/yPaAhtrw9kiKlW013KFm9InYN6jBYMmQXf6Ho2br8I="},"chainType":1,"messageKeys":{}}},"pendingPreKey":{"signedKeyId":1,"baseKey":"Bf/6DTiT0r3W0ZRMrHEGJeeIgzBsWJIGhDJ5I0Lbu4x0","preKeyId":2345302}}},"version":"v1"}