{"_sessions":{"BZqz0J4mfIy2JMzepxci+6Ir8d4hvXpJ9eEts5BXGKp3":{"registrationId":1126878065,"currentRatchet":{"ephemeralKeyPair":{"pubKey":"BYXAcVlwErfqcVuBdx0InorvvfFVA/6tBBhIepg/T4MQ","privKey":"eBW6Eqiqg4QMU8L2UyaoVHoMbfXLz383LRUJ1DSk3WI="},"lastRemoteEphemeralKey":"BWFHc6jH6AftaNivYRUfbE5DVmqb5qb59hD9SV7H+GBR","previousCounter":0,"rootKey":"VR1EevnBhwMUPMRYFFQ0WxGFfVDpx/jpCdi6oMBMrG4="},"indexInfo":{"baseKey":"BZqz0J4mfIy2JMzepxci+6Ir8d4hvXpJ9eEts5BXGKp3","baseKeyType":1,"closed":1687247976361,"used":1687236572447,"created":1687236572447,"remoteIdentityKey":"BTU8ZGgFZECSgwpQrnDY8W3XXUWxim6gX3C7tLfgfmR/"},"_chains":{"BYXAcVlwErfqcVuBdx0InorvvfFVA/6tBBhIepg/T4MQ":{"chainKey":{"counter":0,"key":"EGQgVGJN5mAaCwDxl8pwA0KuhGOvZGklyb97EZJwqsk="},"chainType":1,"messageKeys":{}}},"pendingPreKey":{"signedKeyId":9,"baseKey":"BZqz0J4mfIy2JMzepxci+6Ir8d4hvXpJ9eEts5BXGKp3","preKeyId":2502334}},"BYExEAA0FmG0+4mkDwV5Esk3kGMFIX8z+j0OumBduowy":{"registrationId":1126878065,"currentRatchet":{"ephemeralKeyPair":{"pubKey":"BRsImN/R/3Ahmnac7+k7Lk0HeOjaeUi9hPTr/P9vrZI3","privKey":"iHIfRm7KtSAOgevT6O3qQQnRcq6Q00flZJqI1T+Vh3o="},"lastRemoteEphemeralKey":"BWFHc6jH6AftaNivYRUfbE5DVmqb5qb59hD9SV7H+GBR","previousCounter":0,"rootKey":"Os4pbVLspC1yc0HlgF4stE1mTWmpHcarkLbJK2ChYnk="},"indexInfo":{"baseKey":"BYExEAA0FmG0+4mkDwV5Esk3kGMFIX8z+j0OumBduowy","baseKeyType":1,"closed":1687247989807,"used":1687247976303,"created":1687247976303,"remoteIdentityKey":"BTU8ZGgFZECSgwpQrnDY8W3XXUWxim6gX3C7tLfgfmR/"},"_chains":{"BRsImN/R/3Ahmnac7+k7Lk0HeOjaeUi9hPTr/P9vrZI3":{"chainKey":{"counter":0,"key":"uUhiURtmahwmRwgcMGfd1+ne1IbMEVQb9RWyzb9PlWU="},"chainType":1,"messageKeys":{}}},"pendingPreKey":{"signedKeyId":9,"baseKey":"BYExEAA0FmG0+4mkDwV5Esk3kGMFIX8z+j0OumBduowy","preKeyId":2502165}},"BTmF+FJ8Euh+0rcxmjzrJz6zn+ywSq+C9XHjm0Kd1xE1":{"registrationId":1126878065,"currentRatchet":{"ephemeralKeyPair":{"pubKey":"BZVw9U1zyy7tjp3k4kGxW9YEZ8uHbc4ZPmWbZSnvBnNr","privKey":"0GeMJ0tVNEKwVY/D3MFGunxDJF7IdwG2+1ilKHg/3V0="},"lastRemoteEphemeralKey":"BWFHc6jH6AftaNivYRUfbE5DVmqb5qb59hD9SV7H+GBR","previousCounter":0,"rootKey":"vyJffkiA90jbh9dnFXDgM3bdTfMJ6VrfAreP4vzF+ok="},"indexInfo":{"baseKey":"BTmF+FJ8Euh+0rcxmjzrJz6zn+ywSq+C9XHjm0Kd1xE1","baseKeyType":1,"closed":-1,"used":1687247989771,"created":1687247989771,"remoteIdentityKey":"BTU8ZGgFZECSgwpQrnDY8W3XXUWxim6gX3C7tLfgfmR/"},"_chains":{"BZVw9U1zyy7tjp3k4kGxW9YEZ8uHbc4ZPmWbZSnvBnNr":{"chainKey":{"counter":1,"key":"C/stD4hc4AZMlwHxbKTc27xsOTv3+jg0cWj3Bh23mTg="},"chainType":1,"messageKeys":{}}},"pendingPreKey":{"signedKeyId":9,"baseKey":"BTmF+FJ8Euh+0rcxmjzrJz6zn+ywSq+C9XHjm0Kd1xE1","preKeyId":2501942}}},"version":"v1"}