{"_sessions":{"BTncLIrThWqo9KQn2yp4DjLOLed774gzY1PwZthBdl84":{"registrationId":100,"currentRatchet":{"ephemeralKeyPair":{"pubKey":"BZ7zauVlko4UlPEw9JGWlCx70ncbXSK8luf03Q+Q6pgG","privKey":"uMBgdg0a9e4SZ5B0tS7IPua1APOJKBCeUPKUZf/jh1U="},"lastRemoteEphemeralKey":"BXvhcyCWTd3dzdCHIfuHy+NBJSt7Ri36A9eaq/UPPBZe","previousCounter":0,"rootKey":"g/a7+iHWTCPLhwG65dcKNbKl6Ew8JEGsyG7JdXdnXBY="},"indexInfo":{"baseKey":"BTncLIrThWqo9KQn2yp4DjLOLed774gzY1PwZthBdl84","baseKeyType":1,"closed":-1,"used":1687192777062,"created":1687192777062,"remoteIdentityKey":"BRRPy4DME5ryYg/i0YzSteahgRHmkk5oVADXKPe0yIU2"},"_chains":{"BZ7zauVlko4UlPEw9JGWlCx70ncbXSK8luf03Q+Q6pgG":{"chainKey":{"counter":3,"key":"WXYuVhDrZIQrLa09Xf2/MvcGUAuXHsAggqGLbH+VYPE="},"chainType":1,"messageKeys":{}}},"pendingPreKey":{"signedKeyId":1,"baseKey":"BTncLIrThWqo9KQn2yp4DjLOLed774gzY1PwZthBdl84","preKeyId":28}}},"version":"v1"}