{"_sessions":{"BQZRNAhe65RTz0EfmjoVy85di41Usjjc/XpMO8uvy6wM":{"registrationId":903464988,"currentRatchet":{"ephemeralKeyPair":{"pubKey":"BRGrGIgWsdCOC692+YmEwusN4xAa6dxD1a5Z9A/P7vBb","privKey":"uADXuoaYqHF2ozlNm6PbMOkSj2vdLX1wHby1d6RfNW0="},"lastRemoteEphemeralKey":"BU1WXKv2Jr1ErDh18bnIQxAKkmhqa4NMXjlEIcnfE8Yg","previousCounter":0,"rootKey":"dv2UztKRLYLv+Sxua0xjz4wzrjo/8d+7gXFYim7Be3o="},"indexInfo":{"baseKey":"BQZRNAhe65RTz0EfmjoVy85di41Usjjc/XpMO8uvy6wM","baseKeyType":1,"closed":-1,"used":1687195777874,"created":1687195777874,"remoteIdentityKey":"BeBo4ds5Z30DE+YqOzd54LbTupGwIeo2z1XCwdrnFn5J"},"_chains":{"BRGrGIgWsdCOC692+YmEwusN4xAa6dxD1a5Z9A/P7vBb":{"chainKey":{"counter":0,"key":"tajlMyDeyu/jYSduGHWeKxb7Uq4Nv6KSpWHMqH0aXHk="},"chainType":1,"messageKeys":{}}},"pendingPreKey":{"signedKeyId":18,"baseKey":"BQZRNAhe65RTz0EfmjoVy85di41Usjjc/XpMO8uvy6wM","preKeyId":4993432}}},"version":"v1"}