{"_sessions":{"BarRc0QEtncVX2Kut1EPi1ztQXmLgFGFRo8QnwI0ORMg":{"registrationId":16067,"currentRatchet":{"ephemeralKeyPair":{"pubKey":"BbIN0Pk8oyeJzKiA4WAp8JxZFSAOZyvLwIQAuTlD33Vz","privKey":"OF71z0/OUuUMApwpiu1BcwQJwfP5VBCJZa8jMykopWQ="},"lastRemoteEphemeralKey":"BVXle222VF1enkMDMjlkffCtBDMjpiYcOd19FANQfIQB","previousCounter":0,"rootKey":"zaAtAgL37Nric4NOBRbeuIw9jtAwhRnZLjzpr+ffx98="},"indexInfo":{"baseKey":"BarRc0QEtncVX2Kut1EPi1ztQXmLgFGFRo8QnwI0ORMg","baseKeyType":1,"closed":-1,"used":1687274959832,"created":1687274959832,"remoteIdentityKey":"BSlzuQHOk8XIb13u7XXije1OuDOSU8H2stpklmAHSWl5"},"_chains":{"BbIN0Pk8oyeJzKiA4WAp8JxZFSAOZyvLwIQAuTlD33Vz":{"chainKey":{"counter":0,"key":"BuUDcN7Gwdqjj5MvQCt3yFuIMuQiijR5/FK/Vw9cpIw="},"chainType":1,"messageKeys":{}}},"pendingPreKey":{"signedKeyId":1,"baseKey":"BarRc0QEtncVX2Kut1EPi1ztQXmLgFGFRo8QnwI0ORMg"}}},"version":"v1"}