{"_sessions":{"Ba9vrjS6bjjpAw+SlGvPmtMesi696JWiJqskvXrJ0rt4":{"registrationId":1397928979,"currentRatchet":{"ephemeralKeyPair":{"pubKey":"BTDHdObcnErw7Ap8RcN+703XRyRYmUuDnptqjFJyHRIq","privKey":"2M82RkqGLx4BphEFSG23F+tODjm+8JVfK+poOwE16k8="},"lastRemoteEphemeralKey":"BaKeMAHHyXRAECcO0i5EoWqHt8XSRrNvcKp6nzVVXF5P","previousCounter":1,"rootKey":"8vZJMR0yn6i10aX/DSD+i/se218lryDH2rgVb+/M60k="},"indexInfo":{"baseKey":"Ba9vrjS6bjjpAw+SlGvPmtMesi696JWiJqskvXrJ0rt4","baseKeyType":1,"closed":-1,"used":1687251577580,"created":1687192081834,"remoteIdentityKey":"BTOTu4E/Hh2jaDmEQIAITVKf6ePHjIOYf+GoIJvzXLNT"},"_chains":{"BaKeMAHHyXRAECcO0i5EoWqHt8XSRrNvcKp6nzVVXF5P":{"chainKey":{"counter":0,"key":"07UGSmaTiWtVtYxlLSGay28MjxhLu/6nsUiH95gigKs="},"chainType":2,"messageKeys":{}},"BTDHdObcnErw7Ap8RcN+703XRyRYmUuDnptqjFJyHRIq":{"chainKey":{"counter":-1,"key":"0fHWR+MCQ0yvVuIOJ3QHWZI61GvMmPBKCCSDy1VBttI="},"chainType":1,"messageKeys":{}}}}},"version":"v1"}