{"_sessions":{"BYoZ4I3BPuO8d9rNnTi99H70gwqRXClOL3nBGIsVSbFN":{"registrationId":524728837,"currentRatchet":{"ephemeralKeyPair":{"pubKey":"BbYJWhv8rDOnQ4fpJNlbuDxIJQjAi8mZWkmurm86+8Fm","privKey":"YDQXUaJtrWrlG1Sc1NT83zXXxEn0zc0hjOF0WM+kI1Q="},"lastRemoteEphemeralKey":"BYCE4o9GRbWAZ+0LnkPBISfKmjCrWJe43P6IMpZl5l0Q","previousCounter":0,"rootKey":"Wb1YPXL1Nj0NX6mqp3USDGznOlwgd15+D5xp1tFmsS0="},"indexInfo":{"baseKey":"BYoZ4I3BPuO8d9rNnTi99H70gwqRXClOL3nBGIsVSbFN","baseKeyType":1,"closed":-1,"used":1687192081940,"created":1687192081940,"remoteIdentityKey":"BbnD6RXtzxZ/+GClprvwNSVQ2kT7qryNbDIN0J5FYCQa"},"_chains":{"BbYJWhv8rDOnQ4fpJNlbuDxIJQjAi8mZWkmurm86+8Fm":{"chainKey":{"counter":1,"key":"FuY0HJbp1d4S8/Rhl1q8kWCILue+YcLWVYFFLPh1ihQ="},"chainType":1,"messageKeys":{}}},"pendingPreKey":{"signedKeyId":3,"baseKey":"BYoZ4I3BPuO8d9rNnTi99H70gwqRXClOL3nBGIsVSbFN","preKeyId":10186925}}},"version":"v1"}