{"_sessions":{"BXCtSJBqI640MH7AoEL2ZFnOc/78JAhgeKQhxjkD3aEf":{"registrationId":812458353,"currentRatchet":{"ephemeralKeyPair":{"pubKey":"BfklJUHHO2DFL/7AZFtCtKshEbHp5OEB635NdnJrSoQJ","privKey":"IAyjDaF3kLgFx67YS/+4rDh2zRDyi4VXsEBSI1hboGM="},"lastRemoteEphemeralKey":"BZ6QzH7UwNZmp7l4T1TmVumJm9M9Zkqa0Eptwi9SSLBi","previousCounter":0,"rootKey":"FpxqSjRBrt4TQ+REnJ5XTKqADC7ufsBmvv7e1ucbwYw="},"indexInfo":{"baseKey":"BXCtSJBqI640MH7AoEL2ZFnOc/78JAhgeKQhxjkD3aEf","baseKeyType":1,"closed":-1,"used":1687233759658,"created":1687233759658,"remoteIdentityKey":"BbSJe9PxZ79QqR1xJzinMTWS4vJkO6q3uEG96dFO8zt1"},"_chains":{"BfklJUHHO2DFL/7AZFtCtKshEbHp5OEB635NdnJrSoQJ":{"chainKey":{"counter":3,"key":"BtBbIBCLM14wJGVF9OEdv18peF0XYsys+EvJWDnEH7w="},"chainType":1,"messageKeys":{}}},"pendingPreKey":{"signedKeyId":2,"baseKey":"BXCtSJBqI640MH7AoEL2ZFnOc/78JAhgeKQhxjkD3aEf","preKeyId":15183669}}},"version":"v1"}