{"_sessions":{"BULuSxFsD2wVr+z6vEeZAnu5QPlsmjTYzq8bm/B7+WhB":{"registrationId":1821705948,"currentRatchet":{"ephemeralKeyPair":{"pubKey":"BXfGjiVhUAomKTCwlH7yHigPVfbQRn/2NhwxjAoNz7pF","privKey":"qFEZt9d+6O8gRXtWyz+KKfe/NxQn4O5Rs1Vcnc+KQUo="},"lastRemoteEphemeralKey":"BTxYfHsCYIF4ihFAQVd/WlyHqQGhqg5dXUftfWv+4uoq","previousCounter":0,"rootKey":"6lIXQ45KJZ4BfqkmjyN/VQMC9SkLOb0TtAanEK1SRhg="},"indexInfo":{"baseKey":"BULuSxFsD2wVr+z6vEeZAnu5QPlsmjTYzq8bm/B7+WhB","baseKeyType":1,"closed":-1,"used":1687233759677,"created":1687233759677,"remoteIdentityKey":"BdvtNhCUkHKuKkA7OroyqOj3BWn4FaNHi6dd6rGwMF5/"},"_chains":{"BXfGjiVhUAomKTCwlH7yHigPVfbQRn/2NhwxjAoNz7pF":{"chainKey":{"counter":3,"key":"YsjMOCh3FLU9KiQ/uRolSFT5p76MSc4r9bVexeu3jWQ="},"chainType":1,"messageKeys":{}}},"pendingPreKey":{"signedKeyId":9,"baseKey":"BULuSxFsD2wVr+z6vEeZAnu5QPlsmjTYzq8bm/B7+WhB","preKeyId":8615771}}},"version":"v1"}