{"_sessions":{"BaIQA6JXwmEmyy2smzws5PlZah2dr8CHhE4UHBcSfp80":{"registrationId":103045403,"currentRatchet":{"ephemeralKeyPair":{"pubKey":"BWqzX/oUNca0JpI5Zf/WPbPoVDphuh6ITbkw3pQU2RoJ","privKey":"4Hs9A8M3opVvAfd/gPAMevCrMsU5o4WvXWR83iLGzXg="},"lastRemoteEphemeralKey":"BbTTQOJgc6ViPVtElm26G5GmuzDZaM7pW5rKyfViWX5x","previousCounter":0,"rootKey":"28HzQfx+lMbGdSxe2U68j8BwGWgx3MkR03/MWgGvlGM="},"indexInfo":{"baseKey":"BaIQA6JXwmEmyy2smzws5PlZah2dr8CHhE4UHBcSfp80","baseKeyType":1,"closed":-1,"used":1687233759699,"created":1687233759699,"remoteIdentityKey":"BUlCshO321oYOrwEekERmbnxVY02V0IPXJ+vM0IctFJ0"},"_chains":{"BWqzX/oUNca0JpI5Zf/WPbPoVDphuh6ITbkw3pQU2RoJ":{"chainKey":{"counter":3,"key":"YOR1dxiX3TvguGYwiZPiax3++bfFagZJOAvHIxG4L6E="},"chainType":1,"messageKeys":{}}},"pendingPreKey":{"signedKeyId":5,"baseKey":"BaIQA6JXwmEmyy2smzws5PlZah2dr8CHhE4UHBcSfp80","preKeyId":4027866}}},"version":"v1"}