{"_sessions":{"Bcpy60WvFGppVexeySWQOIFB0cXCf0TKTpIJUWfzaD11":{"registrationId":906396334,"currentRatchet":{"ephemeralKeyPair":{"pubKey":"BdPz7+CP6WxXrNQxGfovu99peMdxRM3BvJr5aGHWx/kL","privKey":"0GsKnpfuRV4v2Cw5u8VpLM129xuVvygVaQP/FYhSLEQ="},"lastRemoteEphemeralKey":"BeDe3NYkUacwYvH1N8nsgxho3Df4/0XnwAmJMlw/dvE2","previousCounter":0,"rootKey":"0RvOn2PMV6Mg+8iLB1lzzMU51rQvzGMPk+8VElyABd0="},"indexInfo":{"baseKey":"Bcpy60WvFGppVexeySWQOIFB0cXCf0TKTpIJUWfzaD11","baseKeyType":2,"closed":-1,"used":1687254094755,"created":1687254094755,"remoteIdentityKey":"BUQ7FOUD46OzRuC5csx+73SPB8Tl2kh1V2vM+/+bDwtO"},"_chains":{"BeDe3NYkUacwYvH1N8nsgxho3Df4/0XnwAmJMlw/dvE2":{"chainKey":{"counter":0,"key":"KxDNv0rOxyqYRgGrfdpZdR7kpSlynAFga9nDDlOsBMQ="},"chainType":2,"messageKeys":{}},"BdPz7+CP6WxXrNQxGfovu99peMdxRM3BvJr5aGHWx/kL":{"chainKey":{"counter":-1,"key":"Y8I2PwZOU3bfeEIuaSJlMUaM3J+o1gNjMhW/Z6+9Fco="},"chainType":1,"messageKeys":{}}}}},"version":"v1"}