{"_sessions":{"BcYsfE3jyiLqoxcYJ3nOKtWBxDLJ/QEzzkdSoh8G+G00":{"registrationId":1878900981,"currentRatchet":{"ephemeralKeyPair":{"pubKey":"BWUAUOE3Iou9TmtKBhRe7p+b5icaO/mjJU0pCVZ7hSEO","privKey":"gMMNhKwCJmcL+4mFgjxoCQ6CxrToW65bcsWNpKqUIWQ="},"lastRemoteEphemeralKey":"BcAMJYPNfoFrzQ1x5xtY4+AQfC2120CesLgPOYXr1RwK","previousCounter":0,"rootKey":"YSGa/TAbwjm56on3pU2Thvjg3ZBLhc9g/MHiVGfxYv0="},"indexInfo":{"baseKey":"BcYsfE3jyiLqoxcYJ3nOKtWBxDLJ/QEzzkdSoh8G+G00","baseKeyType":1,"closed":-1,"used":1687192777111,"created":1687192777111,"remoteIdentityKey":"Bf/w0jXcXfH2DqnxOFkALfhrdpvTcovgU+HxajgKllkt"},"_chains":{"BWUAUOE3Iou9TmtKBhRe7p+b5icaO/mjJU0pCVZ7hSEO":{"chainKey":{"counter":1,"key":"hiKS96ZxgJLKD16y2NJAkF6GCzOGEYbMa4rNqdjXUho="},"chainType":1,"messageKeys":{}}},"pendingPreKey":{"signedKeyId":13,"baseKey":"BcYsfE3jyiLqoxcYJ3nOKtWBxDLJ/QEzzkdSoh8G+G00","preKeyId":13422238}}},"version":"v1"}