{"_sessions":{"BUqbYusar5tlCjBOeOfi0c2WPhfb4Y7PC+1NjCFv5apV":{"registrationId":755918742,"currentRatchet":{"ephemeralKeyPair":{"pubKey":"BV7EmOn+MkphpsgMBHjsvP3LlEFieTExdArchqkLd4k7","privKey":"4NswrJDZLfeWRv9xR4gvw6mdWvQ0TTjVtSo8t42aPlk="},"lastRemoteEphemeralKey":"BW+mQQceSWGjUulD00tVEmm4y6WdMWASVdAOWQvMSbB1","previousCounter":0,"rootKey":"dZTtjO1/gkKVutmDytMMacHvbXDJTdHhqDbZXdjAVVs="},"indexInfo":{"baseKey":"BUqbYusar5tlCjBOeOfi0c2WPhfb4Y7PC+1NjCFv5apV","baseKeyType":1,"closed":1687236026072,"used":1687236025755,"created":1687196284511,"remoteIdentityKey":"BS80ktKLcHi2fzOHaSPf6/sSTvD/qN0oorlpOkkh+TxF"},"_chains":{"BTf61gBaaJaJpdwZGfCPQh9RSUlqI4QCYUsAjpum/DV2":{"chainKey":{"counter":0},"chainType":2,"messageKeys":{}},"BeoT9B9t96G7ZxrpoSvyN+11n22GH8A2rKj+7OfLUNxG":{"chainKey":{"counter":0},"chainType":2,"messageKeys":{}},"BZUv8M3NwxXvUMcO8zDT6t/Eg2tFPTY1OOv03sQsb6wt":{"chainKey":{"counter":0},"chainType":2,"messageKeys":{}},"BWlxbkt61MF2JLBW/O6BsOIa/+5Bj0abb82kq081BMtV":{"chainKey":{"counter":0},"chainType":2,"messageKeys":{}},"BfMziwNasCrSKDamT7bqakWc1kdmpIe/yF3zQq1pmjNP":{"chainKey":{"counter":0},"chainType":2,"messageKeys":{}},"BUnrl4BdiwoADVRzlgyvBQvNjD8njrts4OvQNQFjXUNf":{"chainKey":{"counter":0},"chainType":2,"messageKeys":{}},"BWe9VWKkPtI5a6fRVzzcnnfxOlv+le7uckhQDmL5OtIV":{"chainKey":{"counter":0},"chainType":2,"messageKeys":{}},"Be+y7HsHnmmGWFRChVayG8tI0wqf6y4ieTaJzQexrL07":{"chainKey":{"counter":0},"chainType":2,"messageKeys":{}},"BS6jbZ5EOhYgeFko5enpUN/5rNfx3xwmi57Bf05fCOhY":{"chainKey":{"counter":0},"chainType":2,"messageKeys":{}},"BSJyN0FUgKyLZdEn9Oe8tH2eCY6IEQ7DSD7jVB174SZI":{"chainKey":{"counter":0},"chainType":2,"messageKeys":{}},"BSOYlx0vZvGLq46saPV0HrDopeBLLoSTIgzku4Jp9r4m":{"chainKey":{"counter":0},"chainType":2,"messageKeys":{}},"BYREKr4xEY8/zBNtE8JEjU5Z13CfqO8CrYW8eAlB8YlC":{"chainKey":{"counter":0},"chainType":2,"messageKeys":{}},"BQd5hGy2mUnkEgnkj6HfLYIGpqUIkz2XsGXjaHsHpnlW":{"chainKey":{"counter":0},"chainType":2,"messageKeys":{}},"BeC1hd9rt3/Un/65YwpoX0oACQftwImtjXeOFAnibf8G":{"chainKey":{"counter":0},"chainType":2,"messageKeys":{}},"BW+mQQceSWGjUulD00tVEmm4y6WdMWASVdAOWQvMSbB1":{"chainKey":{"counter":1,"key":"sBviuNNKH6sfsXGrTU1VW7PcYeXsGUVInRNzBjAvMSE="},"chainType":2,"messageKeys":{"0":"UPA3YpW1J4dAYUiBMuMUIK74prA1Dksow20nVe/eEtY="}},"BV7EmOn+MkphpsgMBHjsvP3LlEFieTExdArchqkLd4k7":{"chainKey":{"counter":-1,"key":"fBXMXto4vt8OqvXihKK4iBD7iiT0vcTThVVKC8q8+A4="},"chainType":1,"messageKeys":{}}}},"BUeXkda4PUKDUQBjBSv+5bXJ7EaBGvlJXPTTmjomvy8T":{"registrationId":755918742,"currentRatchet":{"ephemeralKeyPair":{"pubKey":"BXJvGrPFi236zItXXyqojlbOCBfObpmMsfRJEMSEuegm","privKey":"cI5NXTuz23qr4n/hsbIcOfXR+NxMzwHewfsmLz1nqms="},"lastRemoteEphemeralKey":"BTTQe1dPFT/7wMiOY2Ezs1l7PYyRe1DoAkkUybn95Cg/","previousCounter":0,"rootKey":"tYTrzTLs9RIxBO8Fk1pXROC2CaBydCMd1FyswP5qr58="},"indexInfo":{"baseKey":"BUeXkda4PUKDUQBjBSv+5bXJ7EaBGvlJXPTTmjomvy8T","baseKeyType":1,"closed":1687236026246,"used":1687236025940,"created":1687236025940,"remoteIdentityKey":"BS80ktKLcHi2fzOHaSPf6/sSTvD/qN0oorlpOkkh+TxF"},"_chains":{"BXJvGrPFi236zItXXyqojlbOCBfObpmMsfRJEMSEuegm":{"chainKey":{"counter":-1,"key":"nVQQzaJMtMjI+trYambznC1S3+c1JpIlvtWGfvoeCx4="},"chainType":1,"messageKeys":{}}},"pendingPreKey":{"signedKeyId":3,"baseKey":"BUeXkda4PUKDUQBjBSv+5bXJ7EaBGvlJXPTTmjomvy8T","preKeyId":5182340}},"BeYUvifGdCWLc8HgEJ+QOVcebADq622fohxdHCNCwd0f":{"registrationId":755918742,"currentRatchet":{"ephemeralKeyPair":{"pubKey":"BT2YT/QNI7Bm6wnzsdt5z+2I8sd4S8gBoye2vYkr/WUv","privKey":"OEm00LtODRsF5J+yVqMxMytXd4PARj/7LAMHUAQFcXQ="},"lastRemoteEphemeralKey":"BTTQe1dPFT/7wMiOY2Ezs1l7PYyRe1DoAkkUybn95Cg/","previousCounter":0,"rootKey":"X4nxvYaE1JKKLtNNlCt34EvC/Sibn+aeE4rcfg++mg0="},"indexInfo":{"baseKey":"BeYUvifGdCWLc8HgEJ+QOVcebADq622fohxdHCNCwd0f","baseKeyType":1,"closed":1687236026423,"used":1687236026242,"created":1687236026242,"remoteIdentityKey":"BS80ktKLcHi2fzOHaSPf6/sSTvD/qN0oorlpOkkh+TxF"},"_chains":{"BT2YT/QNI7Bm6wnzsdt5z+2I8sd4S8gBoye2vYkr/WUv":{"chainKey":{"counter":-1,"key":"sAtbo83X5Bu0raaQvk7nJ1dAeuhKE69hp5Wc7XjewKU="},"chainType":1,"messageKeys":{}}},"pendingPreKey":{"signedKeyId":3,"baseKey":"BeYUvifGdCWLc8HgEJ+QOVcebADq622fohxdHCNCwd0f","preKeyId":5181891}},"BVMDslB6ZGHlcOnsm5zguOw2bTBWTxPWGNrc5yM3USQL":{"registrationId":755918742,"currentRatchet":{"ephemeralKeyPair":{"pubKey":"BUk2GomJin0TnP+JcJilBdZ00qDuB2Q3up0jdi7gGJA/","privKey":"SNnlGgT9XQfpfJWKls6sPNUjBHwIX7mwzhMgrZ3HA1g="},"lastRemoteEphemeralKey":"BTTQe1dPFT/7wMiOY2Ezs1l7PYyRe1DoAkkUybn95Cg/","previousCounter":0,"rootKey":"WhKkXI7VhDARagro3tPiTWeAPP5GD64J1cHtIx2Nwok="},"indexInfo":{"baseKey":"BVMDslB6ZGHlcOnsm5zguOw2bTBWTxPWGNrc5yM3USQL","baseKeyType":1,"closed":1687236026593,"used":1687236026419,"created":1687236026419,"remoteIdentityKey":"BS80ktKLcHi2fzOHaSPf6/sSTvD/qN0oorlpOkkh+TxF"},"_chains":{"BUk2GomJin0TnP+JcJilBdZ00qDuB2Q3up0jdi7gGJA/":{"chainKey":{"counter":-1,"key":"XLW9WvQw89PlLpL6PHdEtILrlhIHY5KfgnLwZHoZIto="},"chainType":1,"messageKeys":{}}},"pendingPreKey":{"signedKeyId":3,"baseKey":"BVMDslB6ZGHlcOnsm5zguOw2bTBWTxPWGNrc5yM3USQL","preKeyId":5181997}},"BU2ZLdXqqlurSAofBnIpRNlg5bKOli8H+Zyf0F+Df6sc":{"registrationId":755918742,"currentRatchet":{"ephemeralKeyPair":{"pubKey":"BToDbMEsXnVJHateQJLY2Oe1p4Ag+fJSgjZnTAnJ52hw","privKey":"iAdCkjIqZ/a9jWXdHZrh7Peda5iWmWtexQozVq/ZVWU="},"lastRemoteEphemeralKey":"Be2mozKXiuuQre+yxdchPxqsZJSDv+9r+oEbVaJFUvwJ","previousCounter":0,"rootKey":"gr9MxGGwyGjz0K70InIVr0Bw5SX8E72CVuSwA/CIiio="},"indexInfo":{"baseKey":"BU2ZLdXqqlurSAofBnIpRNlg5bKOli8H+Zyf0F+Df6sc","baseKeyType":1,"closed":1687236124599,"used":1687236794516,"created":1687236026588,"remoteIdentityKey":"BS80ktKLcHi2fzOHaSPf6/sSTvD/qN0oorlpOkkh+TxF"},"_chains":{"BZ9HduwDEzJusZN5NfhTTYL/qsHk2ze1pbsYs84b2WlE":{"chainKey":{"counter":0},"chainType":2,"messageKeys":{}},"BetoBXw9NNZMZgSoMKv85+Bwp4ToMj0GDfssb+5hI+1O":{"chainKey":{"counter":0},"chainType":2,"messageKeys":{}},"BXt77eI3KVJq2lqqf2W3lqCQucoPH6j09kT1uXUVT4FE":{"chainKey":{"counter":0},"chainType":2,"messageKeys":{}},"BWKXvq2wZBM0k9HMe1fO/mBAp9ryS4ia1yla1O0C0Xd9":{"chainKey":{"counter":0},"chainType":2,"messageKeys":{}},"BSKfjHWCcEUjyuSD+MV6BVdlACbyg/KDM0DfTZ0TgKNo":{"chainKey":{"counter":0},"chainType":2,"messageKeys":{}},"Bb8XX86F3EHLvUnDDWCE1c+zTZOlT02kHs54tUWOHQwt":{"chainKey":{"counter":0},"chainType":2,"messageKeys":{}},"BSvlyM+dzHnPt4/H6VgAQGVdUAmTc2D8EA5vDOyqsloP":{"chainKey":{"counter":0},"chainType":2,"messageKeys":{}},"BbCfOn+vkjROaMmx5vJS1HY56mlyiFQaS5y+/EpAVDBf":{"chainKey":{"counter":0},"chainType":2,"messageKeys":{}},"BYqw/Lc9ZeTFsFLD7vRKKapfP0IFqq+Vxk2//Si4m24Y":{"chainKey":{"counter":0},"chainType":2,"messageKeys":{}},"Bf4CaH16YgJDhStMYPTQl4FdBLzmnhS3inPjscCQz6AQ":{"chainKey":{"counter":0},"chainType":2,"messageKeys":{}},"Be2mozKXiuuQre+yxdchPxqsZJSDv+9r+oEbVaJFUvwJ":{"chainKey":{"counter":1,"key":"dRol6nU+1pchr7P6pAa8T1nbms8/9FUKf7AdTjXpwrc="},"chainType":2,"messageKeys":{}},"BToDbMEsXnVJHateQJLY2Oe1p4Ag+fJSgjZnTAnJ52hw":{"chainKey":{"counter":-1,"key":"SOTZV+czh8/bC/YMMeZayDS9Gzj6wCz5ugirs9AEpxw="},"chainType":1,"messageKeys":{}}}},"BUkJOr0P9GD7WpEdaG0lAY9mxMEpYy8cYM/NYub1mxZ6":{"registrationId":755918742,"currentRatchet":{"ephemeralKeyPair":{"pubKey":"BbdvlTONSmvbJDItVwVpJOE+ghJRUCxHJ7/IfgkIOLA0","privKey":"+C2J9IRNSGKFsR0Ea0jTR2k8dwOfUUA9GP7IwDGiXVE="},"lastRemoteEphemeralKey":"Be2mozKXiuuQre+yxdchPxqsZJSDv+9r+oEbVaJFUvwJ","previousCounter":-1,"rootKey":"r0chAeu4qPvi4aw3QYh6nA/YM3DwOsjEzTJBEMksquU="},"indexInfo":{"baseKey":"BUkJOr0P9GD7WpEdaG0lAY9mxMEpYy8cYM/NYub1mxZ6","baseKeyType":1,"closed":1687236124783,"used":1687236124586,"created":1687236124586,"remoteIdentityKey":"BS80ktKLcHi2fzOHaSPf6/sSTvD/qN0oorlpOkkh+TxF"},"_chains":{"Be2mozKXiuuQre+yxdchPxqsZJSDv+9r+oEbVaJFUvwJ":{"chainKey":{"counter":0,"key":"eXRe22AEpPXH6tLs78XvTE+4fuSbnRfcN0XfeCe5dR8="},"chainType":2,"messageKeys":{}},"BbdvlTONSmvbJDItVwVpJOE+ghJRUCxHJ7/IfgkIOLA0":{"chainKey":{"counter":-1,"key":"6oQz309kpxM7Sgg2azbvLBJ5JF73Qk1OGBqwfYJL+Y4="},"chainType":1,"messageKeys":{}}},"pendingPreKey":{"signedKeyId":3,"baseKey":"BUkJOr0P9GD7WpEdaG0lAY9mxMEpYy8cYM/NYub1mxZ6","preKeyId":5181816}},"BWm7+lu0bjho7jXOD60+tJQFUoRNLxFkQVa8c/eSXIsL":{"registrationId":755918742,"currentRatchet":{"ephemeralKeyPair":{"pubKey":"BZ/eQNHrJ/44v0lNxussdq2qCPS2MV+JSpZVq2wqlEk9","privKey":"4NJ/Cqugg3KG6LVkNY7CeU0G2jge7LLfNgbrST39IHA="},"lastRemoteEphemeralKey":"Be2mozKXiuuQre+yxdchPxqsZJSDv+9r+oEbVaJFUvwJ","previousCounter":-1,"rootKey":"yRg1GceQuDLexYCHIIa0k62sU86AEuP8FmeNr32wJik="},"indexInfo":{"baseKey":"BWm7+lu0bjho7jXOD60+tJQFUoRNLxFkQVa8c/eSXIsL","baseKeyType":1,"closed":1687236124981,"used":1687236124779,"created":1687236124779,"remoteIdentityKey":"BS80ktKLcHi2fzOHaSPf6/sSTvD/qN0oorlpOkkh+TxF"},"_chains":{"Be2mozKXiuuQre+yxdchPxqsZJSDv+9r+oEbVaJFUvwJ":{"chainKey":{"counter":0,"key":"fJCH4Cyq3X1JEXxT/qfRwftLDrdkb0aILM2YTqUAqsg="},"chainType":2,"messageKeys":{}},"BZ/eQNHrJ/44v0lNxussdq2qCPS2MV+JSpZVq2wqlEk9":{"chainKey":{"counter":-1,"key":"pC0wi5cRxljh2e1AgMGfY9/v39GH1QRAMAwX26gNcnY="},"chainType":1,"messageKeys":{}}},"pendingPreKey":{"signedKeyId":3,"baseKey":"BWm7+lu0bjho7jXOD60+tJQFUoRNLxFkQVa8c/eSXIsL","preKeyId":5182279}},"BWJcyj2XuZvUCERsS7qIamwc57CLp7/gDQVxtQqDsScK":{"registrationId":755918742,"currentRatchet":{"ephemeralKeyPair":{"pubKey":"Ba/cJicN9MPJLMxXzLlxOS2mqnC5+/uNFAMcxzH9IagA","privKey":"AMyetGZyshLlXLqdd6EBPBxSDGIo/OPOPrsDgZGWd2s="},"lastRemoteEphemeralKey":"Be2mozKXiuuQre+yxdchPxqsZJSDv+9r+oEbVaJFUvwJ","previousCounter":-1,"rootKey":"Db4OGaPPmk9+9FZhSXHAczNMM6jZ0UjXzrTN/ir4F5A="},"indexInfo":{"baseKey":"BWJcyj2XuZvUCERsS7qIamwc57CLp7/gDQVxtQqDsScK","baseKeyType":1,"closed":1687236125204,"used":1687236124953,"created":1687236124953,"remoteIdentityKey":"BS80ktKLcHi2fzOHaSPf6/sSTvD/qN0oorlpOkkh+TxF"},"_chains":{"Be2mozKXiuuQre+yxdchPxqsZJSDv+9r+oEbVaJFUvwJ":{"chainKey":{"counter":0,"key":"AafNZecSrtOnkLTRcIFdw9Au/JMFp3iILi3KPKKVIJU="},"chainType":2,"messageKeys":{}},"Ba/cJicN9MPJLMxXzLlxOS2mqnC5+/uNFAMcxzH9IagA":{"chainKey":{"counter":-1,"key":"y/+6vFC/dZpLvVnMyUXjWR6CxuxwO96IommGmWJv7xM="},"chainType":1,"messageKeys":{}}},"pendingPreKey":{"signedKeyId":3,"baseKey":"BWJcyj2XuZvUCERsS7qIamwc57CLp7/gDQVxtQqDsScK","preKeyId":5181870}},"BSzaXvN/VnTFmEeOvHZjrqaSGqTsxiGHTo1pDurvQktw":{"registrationId":755918742,"currentRatchet":{"ephemeralKeyPair":{"pubKey":"BYvVDgPMgBloO/+Lr4qEfjZO5nG1rqktU444mjYWl7UU","privKey":"COrrYt+vZf+VWSg6mn/kHKkmFM89D3p4WHktpiPgAUY="},"lastRemoteEphemeralKey":"Be2mozKXiuuQre+yxdchPxqsZJSDv+9r+oEbVaJFUvwJ","previousCounter":-1,"rootKey":"H4FKI6SRkaRoDluR8IAFd6amjo9k+HV55cwhwb3e39o="},"indexInfo":{"baseKey":"BSzaXvN/VnTFmEeOvHZjrqaSGqTsxiGHTo1pDurvQktw","baseKeyType":1,"closed":1687236125375,"used":1687236125197,"created":1687236125197,"remoteIdentityKey":"BS80ktKLcHi2fzOHaSPf6/sSTvD/qN0oorlpOkkh+TxF"},"_chains":{"Be2mozKXiuuQre+yxdchPxqsZJSDv+9r+oEbVaJFUvwJ":{"chainKey":{"counter":0,"key":"h3C89z4O9dzMi5bgf66VhQUV6q+s2V8sTB1NwJbEQEc="},"chainType":2,"messageKeys":{}},"BYvVDgPMgBloO/+Lr4qEfjZO5nG1rqktU444mjYWl7UU":{"chainKey":{"counter":-1,"key":"78sfMiMUaY8JoShSwMTtdTNWa95L+V1FRb1KpO6SUqc="},"chainType":1,"messageKeys":{}}},"pendingPreKey":{"signedKeyId":3,"baseKey":"BSzaXvN/VnTFmEeOvHZjrqaSGqTsxiGHTo1pDurvQktw","preKeyId":5182296}},"BaC8bzCy1l7JQYIddy5uGukZvup1o6tyIBSysS4rv2J2":{"registrationId":755918742,"currentRatchet":{"ephemeralKeyPair":{"pubKey":"BdidnCrLktKRlZzu5wPVsTTOCwB7TageM98hck2i80UI","privKey":"ELzIGDF47Fp2IQRklGD6ktynsQ58HVYPhQWTCEDMTno="},"lastRemoteEphemeralKey":"Be2mozKXiuuQre+yxdchPxqsZJSDv+9r+oEbVaJFUvwJ","previousCounter":-1,"rootKey":"fgUn8rILOo8nZNxwOJ55PC5UrJpVHfoNrycI6pLNLVI="},"indexInfo":{"baseKey":"BaC8bzCy1l7JQYIddy5uGukZvup1o6tyIBSysS4rv2J2","baseKeyType":1,"closed":1687236228141,"used":1687236125368,"created":1687236125368,"remoteIdentityKey":"BS80ktKLcHi2fzOHaSPf6/sSTvD/qN0oorlpOkkh+TxF"},"_chains":{"Be2mozKXiuuQre+yxdchPxqsZJSDv+9r+oEbVaJFUvwJ":{"chainKey":{"counter":0,"key":"dR1eYm9b0twUztl5Sxe+oZydOu4pVTb0l6jQztcSdtk="},"chainType":2,"messageKeys":{}},"BdidnCrLktKRlZzu5wPVsTTOCwB7TageM98hck2i80UI":{"chainKey":{"counter":1,"key":"bYLt3IX3eZFnAIKf2webXIDZb1EqSlI+GuuDWXiPRxI="},"chainType":1,"messageKeys":{}}},"pendingPreKey":{"signedKeyId":3,"baseKey":"BaC8bzCy1l7JQYIddy5uGukZvup1o6tyIBSysS4rv2J2","preKeyId":5181986}},"BTWDl+RjHb5cmxSmbd4Sy400IT830V3L9mzg+XSMrFde":{"registrationId":755918742,"currentRatchet":{"ephemeralKeyPair":{"pubKey":"BY4q/V/+0VX1YFpAG6zYHrcth6YXrttLF2OHYeChRI8W","privKey":"mGrI3DGMWTbDOrWjbPG7/vGcloztlUrBcY5jyWMh+GI="},"lastRemoteEphemeralKey":"Be2mozKXiuuQre+yxdchPxqsZJSDv+9r+oEbVaJFUvwJ","previousCounter":-1,"rootKey":"XpRZl+RiApDWtUXTPhivksgVLj/rJJwcYboNLV9QRAY="},"indexInfo":{"baseKey":"BTWDl+RjHb5cmxSmbd4Sy400IT830V3L9mzg+XSMrFde","baseKeyType":1,"closed":1687236795728,"used":1687236228128,"created":1687236228128,"remoteIdentityKey":"BS80ktKLcHi2fzOHaSPf6/sSTvD/qN0oorlpOkkh+TxF"},"_chains":{"Be2mozKXiuuQre+yxdchPxqsZJSDv+9r+oEbVaJFUvwJ":{"chainKey":{"counter":1,"key":"B/en7FIDOlUauUrh0DJD8bHesqthnvJJ5aywNlvrarE="},"chainType":2,"messageKeys":{"0":"E92bvW8j3vAo5jyla69WcqREc9o0VMqTlV+OPAJ7f/w="}},"BY4q/V/+0VX1YFpAG6zYHrcth6YXrttLF2OHYeChRI8W":{"chainKey":{"counter":0,"key":"SYNFUQptQpP55XRzy2hNjPMmu0jF/Yq7qenBkaS5h5w="},"chainType":1,"messageKeys":{}}},"pendingPreKey":{"signedKeyId":3,"baseKey":"BTWDl+RjHb5cmxSmbd4Sy400IT830V3L9mzg+XSMrFde","preKeyId":5181803}},"BY3nhqZrMhJsS5aAXSsnJHnI3zuPZI+JYWyJYBVv6fk6":{"registrationId":755918742,"currentRatchet":{"ephemeralKeyPair":{"pubKey":"BbzC/eJZEA3ArumzJ2M6x6/+TZkAUMRKO2RH/EGTIE5v","privKey":"+E4U6iFcmK8DlrujQcWfeG259oIk9785r3jfvMjeDHA="},"lastRemoteEphemeralKey":"BW+PdVOtqH+7+Wr7TEUCWlKss7slx/mULgNyhVyoxd5l","previousCounter":0,"rootKey":"MqWjxVyczEdJd3wyty5GD8H5xTs1xVozO4Uhh90tIhs="},"indexInfo":{"baseKey":"BY3nhqZrMhJsS5aAXSsnJHnI3zuPZI+JYWyJYBVv6fk6","baseKeyType":1,"closed":1687237065431,"used":1687271718764,"created":1687236795717,"remoteIdentityKey":"BS80ktKLcHi2fzOHaSPf6/sSTvD/qN0oorlpOkkh+TxF"},"_chains":{"BZ0s/Xh7Ld26Bau8EDJ1WBHT1EP4hIinQhYeoRDyMi03":{"chainKey":{"counter":0},"chainType":2,"messageKeys":{}},"Bd5rp+4YnLCnULHEbv4GLLm66X523KYLa6mceqS0qAsD":{"chainKey":{"counter":0},"chainType":2,"messageKeys":{}},"BdfqJ368rVo1SgjDCLVyp+Pm7/NgwFRlCcmOCA6/FZ0B":{"chainKey":{"counter":0},"chainType":2,"messageKeys":{}},"Bepy8sYG/pgorEcOtE8LJdAmy4xCiNndjIMk6z7DVmdu":{"chainKey":{"counter":0},"chainType":2,"messageKeys":{}},"BY89LILHmbBZ7haw+0cJY9oM5cmcK9BUQtnF+yVhJZZX":{"chainKey":{"counter":0},"chainType":2,"messageKeys":{}},"Be9abvW9nDZ3U8lMCE0myCNS3+RSImJ8KRno0VviPyZ9":{"chainKey":{"counter":0},"chainType":2,"messageKeys":{}},"BffglExXI1pZ38SXgk6Iw4O8dmJ2x+UOZogGj4fVR7Ue":{"chainKey":{"counter":0},"chainType":2,"messageKeys":{}},"BffDj5EGxVGPOiqb3O/xCzDKgbp+8b+Ytk6Q15Fl2lgF":{"chainKey":{"counter":0},"chainType":2,"messageKeys":{}},"BVKa5RiDWfifvw8tAdy9U8z6Z8/i05JqNRxkFsewRHci":{"chainKey":{"counter":0},"chainType":2,"messageKeys":{}},"BWJ2LWKtg+T90Ku493JV5wfHWGb3HDK+lTxeqaHpOfMP":{"chainKey":{"counter":0},"chainType":2,"messageKeys":{}},"BWBM16gcDlr6+FOMKsNuFdlAfsDSyUJl6rJLCPjDE60m":{"chainKey":{"counter":0},"chainType":2,"messageKeys":{}},"BWz1h6JAIeZfUWW1qMwWY+CzNmnRwhPnpyg47A8z5b5k":{"chainKey":{"counter":0},"chainType":2,"messageKeys":{}},"BZ3UkDGonjOya12+aw9d2xdVe012eKQR4pLOo8HDkT4u":{"chainKey":{"counter":0},"chainType":2,"messageKeys":{}},"BZXalKzXmbyG9zvZ0DKxtfE5Y5h/flOYBZ3aBRi2wJ9v":{"chainKey":{"counter":0},"chainType":2,"messageKeys":{}},"BXZIiGgDwVOvGo6SSZPPqhSGdy01IvbjDbv8W5dGMVhl":{"chainKey":{"counter":0},"chainType":2,"messageKeys":{}},"BXcGjY4KO8VPI+/p48ucfhaWYIH+IQ5AqqF6v9Y41q05":{"chainKey":{"counter":0},"chainType":2,"messageKeys":{}},"BbdjONFSy7adZ+Ab4ihYW7U1maCkrVhHm54peN0xWmBz":{"chainKey":{"counter":0},"chainType":2,"messageKeys":{}},"BW+PdVOtqH+7+Wr7TEUCWlKss7slx/mULgNyhVyoxd5l":{"chainKey":{"counter":11,"key":"y8jpkQ5+bzMROIOQpFoOEd4YbR78GYi17Qkf6hMRX1A="},"chainType":2,"messageKeys":{}},"BbzC/eJZEA3ArumzJ2M6x6/+TZkAUMRKO2RH/EGTIE5v":{"chainKey":{"counter":-1,"key":"IfHT4ch1+hTm/KOICjfNDLBjWxKum8ofPQQSPtW4cd4="},"chainType":1,"messageKeys":{}}}},"BU/oS73wSioaO9zQmA49Z2DZnAjLjYi6pfBH+IuhrdQ+":{"registrationId":755918742,"currentRatchet":{"ephemeralKeyPair":{"pubKey":"BQjQdMyVuKLYLVW1K5zGfBTW7BvzQ/dVvl+lMAS4itJx","privKey":"4HqXePykv3RnVD4DtRfz+7dIrwa0Z81CHtHU8DHZz00="},"lastRemoteEphemeralKey":"BW+PdVOtqH+7+Wr7TEUCWlKss7slx/mULgNyhVyoxd5l","previousCounter":-1,"rootKey":"oMYcj0lxJpDjxxM0c5B33eypZMWrJ0ZTa4nnUj/bY80="},"indexInfo":{"baseKey":"BU/oS73wSioaO9zQmA49Z2DZnAjLjYi6pfBH+IuhrdQ+","baseKeyType":1,"closed":1687237065683,"used":1687237065418,"created":1687237065418,"remoteIdentityKey":"BS80ktKLcHi2fzOHaSPf6/sSTvD/qN0oorlpOkkh+TxF"},"_chains":{"BW+PdVOtqH+7+Wr7TEUCWlKss7slx/mULgNyhVyoxd5l":{"chainKey":{"counter":0,"key":"cRQT0MET58DQlL01WS7M52S3F71jyzRttdZ+eoT4Rl4="},"chainType":2,"messageKeys":{}},"BQjQdMyVuKLYLVW1K5zGfBTW7BvzQ/dVvl+lMAS4itJx":{"chainKey":{"counter":-1,"key":"0Fj8wNb9jqbSaS4sVWlRfMoBa/mchqyRK+Cwf99zOZo="},"chainType":1,"messageKeys":{}}},"pendingPreKey":{"signedKeyId":3,"baseKey":"BU/oS73wSioaO9zQmA49Z2DZnAjLjYi6pfBH+IuhrdQ+","preKeyId":5181813}},"BT2ospvLCupGT7RoQ+/dCZOZHKQ+o+NnSowLRYxcDGlc":{"registrationId":755918742,"currentRatchet":{"ephemeralKeyPair":{"pubKey":"BawlDlyYLGeUJ8qO9e31r1QE/yBYLc1gZr8EB3/lbnU2","privKey":"IMbBgsFArNWAiEAt+3n3EzT7DvN/+MDH5EJbACsft1o="},"lastRemoteEphemeralKey":"BW+PdVOtqH+7+Wr7TEUCWlKss7slx/mULgNyhVyoxd5l","previousCounter":-1,"rootKey":"1Kfqndem0B4anZQUbydL2Z3CxWs+Yq1PLRwk9XhvSVw="},"indexInfo":{"baseKey":"BT2ospvLCupGT7RoQ+/dCZOZHKQ+o+NnSowLRYxcDGlc","baseKeyType":1,"closed":1687237065924,"used":1687237065598,"created":1687237065598,"remoteIdentityKey":"BS80ktKLcHi2fzOHaSPf6/sSTvD/qN0oorlpOkkh+TxF"},"_chains":{"BW+PdVOtqH+7+Wr7TEUCWlKss7slx/mULgNyhVyoxd5l":{"chainKey":{"counter":0,"key":"HDyiU0p0zYG3FXmcCoVnn0lBZ8X4+lE59GfTyYndNsM="},"chainType":2,"messageKeys":{}},"BawlDlyYLGeUJ8qO9e31r1QE/yBYLc1gZr8EB3/lbnU2":{"chainKey":{"counter":-1,"key":"wzE0B9PHfk+09XfoDRdHGzHUtNWW5wLNGM01EvI2ysY="},"chainType":1,"messageKeys":{}}},"pendingPreKey":{"signedKeyId":3,"baseKey":"BT2ospvLCupGT7RoQ+/dCZOZHKQ+o+NnSowLRYxcDGlc","preKeyId":5182284}},"BdPIRZndhrEj88rf+w5HK7WNz+I6T5qA5EguIJhkfMcX":{"registrationId":755918742,"currentRatchet":{"ephemeralKeyPair":{"pubKey":"BR6h0o85jk4VeXrniYbUf2AHYgMxneiKTueMzL+FXj8X","privKey":"MLq8+1NlCKFmrM9HKrsU6XqrkWdUMbOVgxR08LcEj0s="},"lastRemoteEphemeralKey":"BW+PdVOtqH+7+Wr7TEUCWlKss7slx/mULgNyhVyoxd5l","previousCounter":-1,"rootKey":"RrwVyYjXk0UWfrCVaFNhe5Rvdzj3FP9QvDA1boyM0sQ="},"indexInfo":{"baseKey":"BdPIRZndhrEj88rf+w5HK7WNz+I6T5qA5EguIJhkfMcX","baseKeyType":1,"closed":1687237066212,"used":1687237065883,"created":1687237065883,"remoteIdentityKey":"BS80ktKLcHi2fzOHaSPf6/sSTvD/qN0oorlpOkkh+TxF"},"_chains":{"BW+PdVOtqH+7+Wr7TEUCWlKss7slx/mULgNyhVyoxd5l":{"chainKey":{"counter":0,"key":"QmnPtyFW2uWK3X34Jwi8ZiaBSUu/lxiFzj15gMaGn0M="},"chainType":2,"messageKeys":{}},"BR6h0o85jk4VeXrniYbUf2AHYgMxneiKTueMzL+FXj8X":{"chainKey":{"counter":-1,"key":"PuecaAb5iZt5jLA6BcuggojSfTyinDbkM8lqyV1XwWs="},"chainType":1,"messageKeys":{}}},"pendingPreKey":{"signedKeyId":3,"baseKey":"BdPIRZndhrEj88rf+w5HK7WNz+I6T5qA5EguIJhkfMcX","preKeyId":5181840}},"BarQdwtZDvLw39rs5e2DMOt9ccIb5fF+G/ydEbHkKZoC":{"registrationId":755918742,"currentRatchet":{"ephemeralKeyPair":{"pubKey":"BbR0Nx1k/DKzL0RWXPszQDLiMvuhveYiyee+MdXZSaYN","privKey":"8IWGmnp4whhcVtVhKRcR75fiwladu/Yn9Y3iomBMZVE="},"lastRemoteEphemeralKey":"BW+PdVOtqH+7+Wr7TEUCWlKss7slx/mULgNyhVyoxd5l","previousCounter":-1,"rootKey":"aGC7PsbtVGYbg65TZIP3uF9q5R+wKWfT8qblUphL0P4="},"indexInfo":{"baseKey":"BarQdwtZDvLw39rs5e2DMOt9ccIb5fF+G/ydEbHkKZoC","baseKeyType":1,"closed":1687237066396,"used":1687237066139,"created":1687237066139,"remoteIdentityKey":"BS80ktKLcHi2fzOHaSPf6/sSTvD/qN0oorlpOkkh+TxF"},"_chains":{"BW+PdVOtqH+7+Wr7TEUCWlKss7slx/mULgNyhVyoxd5l":{"chainKey":{"counter":0,"key":"JOmx75ZLkuGfQSU50kNaI/fPTRfLsnRf8hehfYyvyb8="},"chainType":2,"messageKeys":{}},"BbR0Nx1k/DKzL0RWXPszQDLiMvuhveYiyee+MdXZSaYN":{"chainKey":{"counter":-1,"key":"sXzLzdmjQHjevrzLiaJXBoJ7AW1Ln17jixCSpzWyUYQ="},"chainType":1,"messageKeys":{}}},"pendingPreKey":{"signedKeyId":3,"baseKey":"BarQdwtZDvLw39rs5e2DMOt9ccIb5fF+G/ydEbHkKZoC","preKeyId":5181933}},"BXgMfRP2QbuJ1oemR9K/McJecaq3FL+SQi8eIW50t6Zq":{"registrationId":755918742,"currentRatchet":{"ephemeralKeyPair":{"pubKey":"BVr1D8pGd8K+nCSPqFcznzzT87TAvzj9oLNP1yJhoDAY","privKey":"YOmEOsFVmB66cr7PkKKJwERt4gtbZ/Lb1cX9o3aWY38="},"lastRemoteEphemeralKey":"BW+PdVOtqH+7+Wr7TEUCWlKss7slx/mULgNyhVyoxd5l","previousCounter":-1,"rootKey":"LCPX1a6QImbdOmlE5QW9UbZAsBNASDH7Z6Xqz6lQ+lM="},"indexInfo":{"baseKey":"BXgMfRP2QbuJ1oemR9K/McJecaq3FL+SQi8eIW50t6Zq","baseKeyType":1,"closed":1687237066593,"used":1687237066388,"created":1687237066388,"remoteIdentityKey":"BS80ktKLcHi2fzOHaSPf6/sSTvD/qN0oorlpOkkh+TxF"},"_chains":{"BW+PdVOtqH+7+Wr7TEUCWlKss7slx/mULgNyhVyoxd5l":{"chainKey":{"counter":0,"key":"yWRQHcitsRVorvPceWgGZeT2Nt2hb2ZQO0ZetwaFU34="},"chainType":2,"messageKeys":{}},"BVr1D8pGd8K+nCSPqFcznzzT87TAvzj9oLNP1yJhoDAY":{"chainKey":{"counter":-1,"key":"im068zrvuAyGRV8sjfOh++omu3gsxKuvC09NIYXss3k="},"chainType":1,"messageKeys":{}}},"pendingPreKey":{"signedKeyId":3,"baseKey":"BXgMfRP2QbuJ1oemR9K/McJecaq3FL+SQi8eIW50t6Zq","preKeyId":5182538}},"BVhaZxWp0ScLmLr0Ht5KesqXlLkjel3c8QKGNF4FLPM2":{"registrationId":755918742,"currentRatchet":{"ephemeralKeyPair":{"pubKey":"BaAps4/achnMUeRomPOND9humuoAuO4D+maYWMBpjXV8","privKey":"+N2Vbnmr7ASUz8DTUKPLitiMKFBAKFq8cVu4XreXmWA="},"lastRemoteEphemeralKey":"BW+PdVOtqH+7+Wr7TEUCWlKss7slx/mULgNyhVyoxd5l","previousCounter":-1,"rootKey":"c6iW7RkGOoFncbhWUvATduMJTvcQ4DRQo2GgF+sHqHI="},"indexInfo":{"baseKey":"BVhaZxWp0ScLmLr0Ht5KesqXlLkjel3c8QKGNF4FLPM2","baseKeyType":1,"closed":1687237066793,"used":1687237066568,"created":1687237066568,"remoteIdentityKey":"BS80ktKLcHi2fzOHaSPf6/sSTvD/qN0oorlpOkkh+TxF"},"_chains":{"BW+PdVOtqH+7+Wr7TEUCWlKss7slx/mULgNyhVyoxd5l":{"chainKey":{"counter":0,"key":"lBrLiQ1nVdJUbXjpBsAxQ2VJatZhNYYNUcPC4ks+HHs="},"chainType":2,"messageKeys":{}},"BaAps4/achnMUeRomPOND9humuoAuO4D+maYWMBpjXV8":{"chainKey":{"counter":-1,"key":"Th9EgwQlx1rpm1HQGu8f0u82fIm4tJvMmLvV8ODQFbc="},"chainType":1,"messageKeys":{}}},"pendingPreKey":{"signedKeyId":3,"baseKey":"BVhaZxWp0ScLmLr0Ht5KesqXlLkjel3c8QKGNF4FLPM2","preKeyId":5181990}},"BVWWPDia092WL96XjnuuDglqov+EYf5HxvAnte5pfJkc":{"registrationId":755918742,"currentRatchet":{"ephemeralKeyPair":{"pubKey":"BbgMJGUILXlkaZ8VNJTU4VvXRP0KCvXRt7e3LiFxiWUS","privKey":"IOwyMpRPwrgXwdBPOOO8nsGNpqEclwCNo1KOhaTHD0A="},"lastRemoteEphemeralKey":"BW+PdVOtqH+7+Wr7TEUCWlKss7slx/mULgNyhVyoxd5l","previousCounter":-1,"rootKey":"qNVbtdE8cPkgoFX5AgBv46iPH5DEMy7PuZdTyCezs6w="},"indexInfo":{"baseKey":"BVWWPDia092WL96XjnuuDglqov+EYf5HxvAnte5pfJkc","baseKeyType":1,"closed":1687237066982,"used":1687237066771,"created":1687237066771,"remoteIdentityKey":"BS80ktKLcHi2fzOHaSPf6/sSTvD/qN0oorlpOkkh+TxF"},"_chains":{"BW+PdVOtqH+7+Wr7TEUCWlKss7slx/mULgNyhVyoxd5l":{"chainKey":{"counter":0,"key":"QlCHkxY42iQbEarsExIEDBVaIh9vMnZcKZeSkZbU2kI="},"chainType":2,"messageKeys":{}},"BbgMJGUILXlkaZ8VNJTU4VvXRP0KCvXRt7e3LiFxiWUS":{"chainKey":{"counter":-1,"key":"Hr8PkNk7SeQ8a75gbRx6iGy7fs0WnxWa8I2GT+q+9Ls="},"chainType":1,"messageKeys":{}}},"pendingPreKey":{"signedKeyId":3,"baseKey":"BVWWPDia092WL96XjnuuDglqov+EYf5HxvAnte5pfJkc","preKeyId":5181938}},"BZg7rruXxbozAMnCxy/OoNE2tqXcI0Of+ArXqDC8bqNz":{"registrationId":755918742,"currentRatchet":{"ephemeralKeyPair":{"pubKey":"BY10/JM4GKQS45dd6XzGWrvl3ZkAUzaXLbmm2Mz2ssBW","privKey":"+P7KT6XprbmWAfRw7wftoVVZS9PRVqYtDPUX8nv5IlI="},"lastRemoteEphemeralKey":"BW+PdVOtqH+7+Wr7TEUCWlKss7slx/mULgNyhVyoxd5l","previousCounter":-1,"rootKey":"2Zv5XLuipBYJFLEFvH2qVcXjML1zBJZwrytyelObzk0="},"indexInfo":{"baseKey":"BZg7rruXxbozAMnCxy/OoNE2tqXcI0Of+ArXqDC8bqNz","baseKeyType":1,"closed":1687237067183,"used":1687237066971,"created":1687237066971,"remoteIdentityKey":"BS80ktKLcHi2fzOHaSPf6/sSTvD/qN0oorlpOkkh+TxF"},"_chains":{"BW+PdVOtqH+7+Wr7TEUCWlKss7slx/mULgNyhVyoxd5l":{"chainKey":{"counter":0,"key":"OFIL9VhE0Xgk9jM22g5qDal3boXyukMwjhdtXbtmME4="},"chainType":2,"messageKeys":{}},"BY10/JM4GKQS45dd6XzGWrvl3ZkAUzaXLbmm2Mz2ssBW":{"chainKey":{"counter":-1,"key":"JnMrT3NfYvZQ0zFgOedwruJzpmEFKHYCbWYZGpRQTFo="},"chainType":1,"messageKeys":{}}},"pendingPreKey":{"signedKeyId":3,"baseKey":"BZg7rruXxbozAMnCxy/OoNE2tqXcI0Of+ArXqDC8bqNz","preKeyId":5182277}},"BQjBgxd7SW5WmQPbwZuT+kIeswzFdBNk+SfrIpPb0Vo5":{"registrationId":755918742,"currentRatchet":{"ephemeralKeyPair":{"pubKey":"BQ604b3GJoH1OMMvm9HVtKdg6QDvHRC8P78cC7Ab7vcA","privKey":"uA4gUKL5tvsmeD9ZZXyVVl4s9MqsceHMH/HDfRUv73Y="},"lastRemoteEphemeralKey":"BW+PdVOtqH+7+Wr7TEUCWlKss7slx/mULgNyhVyoxd5l","previousCounter":-1,"rootKey":"jjtgiQjhzk+EXI4oq/B38ERQAtkczMxycs+xDZadewo="},"indexInfo":{"baseKey":"BQjBgxd7SW5WmQPbwZuT+kIeswzFdBNk+SfrIpPb0Vo5","baseKeyType":1,"closed":1687237067377,"used":1687237067159,"created":1687237067159,"remoteIdentityKey":"BS80ktKLcHi2fzOHaSPf6/sSTvD/qN0oorlpOkkh+TxF"},"_chains":{"BW+PdVOtqH+7+Wr7TEUCWlKss7slx/mULgNyhVyoxd5l":{"chainKey":{"counter":0,"key":"mTP8QwwlXmLsyglM0gL3MU5EnMosyZgd29SGdhnPNzM="},"chainType":2,"messageKeys":{}},"BQ604b3GJoH1OMMvm9HVtKdg6QDvHRC8P78cC7Ab7vcA":{"chainKey":{"counter":-1,"key":"UbTV428WC0hFnfVxfhevn+bH5SEWcc0zVEQbylCw0E4="},"chainType":1,"messageKeys":{}}},"pendingPreKey":{"signedKeyId":3,"baseKey":"BQjBgxd7SW5WmQPbwZuT+kIeswzFdBNk+SfrIpPb0Vo5","preKeyId":5182455}},"Bd3ZtpcuQhSRSi9LsidCHgRrbGwSfpirvkNHeNM3LTIO":{"registrationId":755918742,"currentRatchet":{"ephemeralKeyPair":{"pubKey":"Bc2/rtxtlNb3aiARg3XQQPMeAuudx5mCAGhOQDz95dYE","privKey":"yLG0IhU1zQoDqLhhp3vWzYJKI3cERuXg07kj1L8jIGg="},"lastRemoteEphemeralKey":"BW+PdVOtqH+7+Wr7TEUCWlKss7slx/mULgNyhVyoxd5l","previousCounter":-1,"rootKey":"o2dDkZlddoQggOPmDLWKUAsONUxjm0TGyRwkEAdZtdk="},"indexInfo":{"baseKey":"Bd3ZtpcuQhSRSi9LsidCHgRrbGwSfpirvkNHeNM3LTIO","baseKeyType":1,"closed":1687237067560,"used":1687237067366,"created":1687237067366,"remoteIdentityKey":"BS80ktKLcHi2fzOHaSPf6/sSTvD/qN0oorlpOkkh+TxF"},"_chains":{"BW+PdVOtqH+7+Wr7TEUCWlKss7slx/mULgNyhVyoxd5l":{"chainKey":{"counter":0,"key":"abMvmMcpY2qbQ+HSu12/EZVZoQGvG2AnjKEVFwqUeKA="},"chainType":2,"messageKeys":{}},"Bc2/rtxtlNb3aiARg3XQQPMeAuudx5mCAGhOQDz95dYE":{"chainKey":{"counter":-1,"key":"3hSUtsNqnJ0OVBs/Qas+jYH0IUFSJLSkXmw0xhdJHAw="},"chainType":1,"messageKeys":{}}},"pendingPreKey":{"signedKeyId":3,"baseKey":"Bd3ZtpcuQhSRSi9LsidCHgRrbGwSfpirvkNHeNM3LTIO","preKeyId":5182371}},"BUoKxOeLMfIcwce34ntiR6rM5YxxaNM3DgD0RriuGT0q":{"registrationId":755918742,"currentRatchet":{"ephemeralKeyPair":{"pubKey":"BUH31vygZ533kQOLVwaUdxKZkqX2jWuB+VtwIYMfq4EU","privKey":"WNaO9J0O35MoXTDZZac1i2yXVgsroU4nAnwll/Ae4Gg="},"lastRemoteEphemeralKey":"BW+PdVOtqH+7+Wr7TEUCWlKss7slx/mULgNyhVyoxd5l","previousCounter":-1,"rootKey":"i13mRJZpkFgSMRc0ua/1PkLJV696T3x1xZhLgk/+Grk="},"indexInfo":{"baseKey":"BUoKxOeLMfIcwce34ntiR6rM5YxxaNM3DgD0RriuGT0q","baseKeyType":1,"closed":1687237067735,"used":1687237067546,"created":1687237067546,"remoteIdentityKey":"BS80ktKLcHi2fzOHaSPf6/sSTvD/qN0oorlpOkkh+TxF"},"_chains":{"BW+PdVOtqH+7+Wr7TEUCWlKss7slx/mULgNyhVyoxd5l":{"chainKey":{"counter":0,"key":"033TeA/xntC+n4Vff4M/MlfJ2Y2WyJlXpbJb+dLkF34="},"chainType":2,"messageKeys":{}},"BUH31vygZ533kQOLVwaUdxKZkqX2jWuB+VtwIYMfq4EU":{"chainKey":{"counter":-1,"key":"WZEDloTIHKvREDZgWs4DnMW3dsiA4xHWqZAkeFZuPmI="},"chainType":1,"messageKeys":{}}},"pendingPreKey":{"signedKeyId":3,"baseKey":"BUoKxOeLMfIcwce34ntiR6rM5YxxaNM3DgD0RriuGT0q","preKeyId":5182282}},"BQpH7klH1X7+TtDKa7PUZHv0cQjtxTr9mWFPKy7sVFVe":{"registrationId":755918742,"currentRatchet":{"ephemeralKeyPair":{"pubKey":"Be+vtgWegVjiU1/kEUUwWu4eGlrJ8oDcJgctrpQD65RZ","privKey":"WM+Zk2izhHekIhxM1ReKAEfpWsTpHk6tJeRXrcsaf1M="},"lastRemoteEphemeralKey":"BW+PdVOtqH+7+Wr7TEUCWlKss7slx/mULgNyhVyoxd5l","previousCounter":-1,"rootKey":"xZ7llZarUfmWvGoEb1prwm7cecy7ycaT8/LeBuNpeK0="},"indexInfo":{"baseKey":"BQpH7klH1X7+TtDKa7PUZHv0cQjtxTr9mWFPKy7sVFVe","baseKeyType":1,"closed":1687237068798,"used":1687237067730,"created":1687237067730,"remoteIdentityKey":"BS80ktKLcHi2fzOHaSPf6/sSTvD/qN0oorlpOkkh+TxF"},"_chains":{"BW+PdVOtqH+7+Wr7TEUCWlKss7slx/mULgNyhVyoxd5l":{"chainKey":{"counter":0,"key":"bx0xKzWhLRIy+PzvpjdKId3wxtkhvKQvdZzK6CT2Phk="},"chainType":2,"messageKeys":{}},"Be+vtgWegVjiU1/kEUUwWu4eGlrJ8oDcJgctrpQD65RZ":{"chainKey":{"counter":0,"key":"UiyThec8kmcbdObKfS8uBPsQ8qRrsAQtZAQkBoSF6Sk="},"chainType":1,"messageKeys":{}}},"pendingPreKey":{"signedKeyId":3,"baseKey":"BQpH7klH1X7+TtDKa7PUZHv0cQjtxTr9mWFPKy7sVFVe","preKeyId":5182020}},"BeMzx6pH8HzsGLGB+Xe3hdQwNLRWpICxcHFtni6xeShb":{"registrationId":755918742,"currentRatchet":{"ephemeralKeyPair":{"pubKey":"Bay0rmA640Vo7Cf+t7o1Qr/SxXjzg/3uTaZq3wLhMXF8","privKey":"kGlFRN45dfQPGDIXwYH4rt3Gb9RUin0xuuUe9YLby0g="},"lastRemoteEphemeralKey":"BW+PdVOtqH+7+Wr7TEUCWlKss7slx/mULgNyhVyoxd5l","previousCounter":-1,"rootKey":"vD2usNRmRbaWjB66bhvruQBcoeDg3UfzPvXeq4nbJac="},"indexInfo":{"baseKey":"BeMzx6pH8HzsGLGB+Xe3hdQwNLRWpICxcHFtni6xeShb","baseKeyType":1,"closed":1687237148334,"used":1687237068782,"created":1687237068782,"remoteIdentityKey":"BS80ktKLcHi2fzOHaSPf6/sSTvD/qN0oorlpOkkh+TxF"},"_chains":{"BW+PdVOtqH+7+Wr7TEUCWlKss7slx/mULgNyhVyoxd5l":{"chainKey":{"counter":1,"key":"FMraSkry668fkoUwkA21iIfQvOmcpkm1M7QeuMhoYps="},"chainType":2,"messageKeys":{"0":"72YnEAz8lzl3mMQxJbKi0svKpPyFHJA+3g6BERWDD0o="}},"Bay0rmA640Vo7Cf+t7o1Qr/SxXjzg/3uTaZq3wLhMXF8":{"chainKey":{"counter":0,"key":"WYjQ3rGbXffMIjnGDcGTZlPCSw/NzWk9CvSyykGyZpo="},"chainType":1,"messageKeys":{}}},"pendingPreKey":{"signedKeyId":3,"baseKey":"BeMzx6pH8HzsGLGB+Xe3hdQwNLRWpICxcHFtni6xeShb","preKeyId":5182275}},"BfaifjzbcuhYfSIeSbMVotYZIonH+vwyA5KeTy0/oEEi":{"registrationId":755918742,"currentRatchet":{"ephemeralKeyPair":{"pubKey":"BXi++1goWtDcmyE7PfOz1Js/9J5VPgApoEfyUrVIHk5r","privKey":"mDw4/1flwT1vLqPyjbBwet0sKyV9Ow032L2WEv77F3A="},"lastRemoteEphemeralKey":"BW+PdVOtqH+7+Wr7TEUCWlKss7slx/mULgNyhVyoxd5l","previousCounter":0,"rootKey":"vXjkmigJEN2TF5czsJH5J+pRgjEPGu6X7EQSe/G+e+0="},"indexInfo":{"baseKey":"BfaifjzbcuhYfSIeSbMVotYZIonH+vwyA5KeTy0/oEEi","baseKeyType":1,"closed":1687256184045,"used":1687237148312,"created":1687237148312,"remoteIdentityKey":"BS80ktKLcHi2fzOHaSPf6/sSTvD/qN0oorlpOkkh+TxF"},"_chains":{"BW+PdVOtqH+7+Wr7TEUCWlKss7slx/mULgNyhVyoxd5l":{"chainKey":{"counter":2,"key":"SEWiBDfjloA9xG4EB6YT8Vtl1IekeiQx1pnjranYdf0="},"chainType":2,"messageKeys":{"0":"dptXkkzOWVL3wrSP98X1cjvz0rJz339G0UxzR6B8ISA=","1":"vhKns4tjZllvNDeD576TXBtodvNr3JW4V4KaSAq6R5c="}},"BXi++1goWtDcmyE7PfOz1Js/9J5VPgApoEfyUrVIHk5r":{"chainKey":{"counter":0,"key":"bFXWfjjQNv3XWBxusXWKd4TTdJcm43rdVNpCoZ+DY/I="},"chainType":1,"messageKeys":{}}},"pendingPreKey":{"signedKeyId":3,"baseKey":"BfaifjzbcuhYfSIeSbMVotYZIonH+vwyA5KeTy0/oEEi","preKeyId":5181959}},"BTaiMDiKFuwym1NuN/wBXPcpyLm+d7Ok2+EgdAZkTcAf":{"registrationId":755918742,"currentRatchet":{"ephemeralKeyPair":{"pubKey":"BUxu2PmjvB0uGZ+cipeRu1W4nC7kZQqz/DTLZ9cyP19e","privKey":"AFOtR5RrdC4bMcjn3+XVg0bMPPnuJ/bLfPxlPxntyHE="},"lastRemoteEphemeralKey":"BW+PdVOtqH+7+Wr7TEUCWlKss7slx/mULgNyhVyoxd5l","previousCounter":-1,"rootKey":"/dQ2UBZTtuHyuGHafhzI5ZAfXffnrrnR5kswIEqAQ1o="},"indexInfo":{"baseKey":"BTaiMDiKFuwym1NuN/wBXPcpyLm+d7Ok2+EgdAZkTcAf","baseKeyType":1,"closed":1687259150347,"used":1687256184003,"created":1687256184003,"remoteIdentityKey":"BS80ktKLcHi2fzOHaSPf6/sSTvD/qN0oorlpOkkh+TxF"},"_chains":{"BW+PdVOtqH+7+Wr7TEUCWlKss7slx/mULgNyhVyoxd5l":{"chainKey":{"counter":6,"key":"3RBpI/Wrt7XS8UBbWrGF0iPPif5JuwRPZUdxhTCKOoQ="},"chainType":2,"messageKeys":{"0":"Gw9R0BxsSKEMTIEjg277MsCv5JYutTSyEc+FSCNoQMQ=","1":"UzAAWaomVnMya2u3QjJxm2kVunPyJ922wVOb9X+ZAW0=","2":"8MMPVRvROog6PfqAIpm1X+ZQ3vigMSu2K+5oZ4U1I3c=","3":"2FYyj5mx6xwKURk4F/1P7c4cu23bYjPTbhk/ca+pMSg=","4":"fVYVLRmwrLMApPsts2JcAVoIlGt1bSujHa1o4RmU5JE=","5":"q4rWj/oRxjOSfSmp6SghmEAWdTOsKMx11VQPXaLSk8o="}},"BUxu2PmjvB0uGZ+cipeRu1W4nC7kZQqz/DTLZ9cyP19e":{"chainKey":{"counter":1,"key":"CpHDmBMWBwLm7nv1/7OzBL0NaX5Bu8Qc7rDamOr4qMI="},"chainType":1,"messageKeys":{}}},"pendingPreKey":{"signedKeyId":3,"baseKey":"BTaiMDiKFuwym1NuN/wBXPcpyLm+d7Ok2+EgdAZkTcAf","preKeyId":5182028}},"BSjy6HjhqPV1nH9lnWKprPSs/vWmfVnyGxHndK/dODsm":{"registrationId":755918742,"currentRatchet":{"ephemeralKeyPair":{"pubKey":"BfCWBASTaST5g1kz9LpfNN14LceGIPISgi4fDE9F2vt3","privKey":"GA40AgeEluQPGhcZYkzWR7/5kw7+RTD02IVe27c3EGk="},"lastRemoteEphemeralKey":"BW+PdVOtqH+7+Wr7TEUCWlKss7slx/mULgNyhVyoxd5l","previousCounter":-1,"rootKey":"640bykutW8ACaXnsmO4bzJCBZud+M7aE5DYvvYStO3Y="},"indexInfo":{"baseKey":"BSjy6HjhqPV1nH9lnWKprPSs/vWmfVnyGxHndK/dODsm","baseKeyType":1,"closed":1687259192912,"used":1687259150331,"created":1687259150331,"remoteIdentityKey":"BS80ktKLcHi2fzOHaSPf6/sSTvD/qN0oorlpOkkh+TxF"},"_chains":{"BW+PdVOtqH+7+Wr7TEUCWlKss7slx/mULgNyhVyoxd5l":{"chainKey":{"counter":9,"key":"OrHGyVlhApkAmgAzJ4wGNCSK5KMVQh2u2DjD8f+PeLA="},"chainType":2,"messageKeys":{"0":"LIY4fOO6ldLssg2l3tYqocE9tZJ7mvIvIEAKcq/qhO4=","1":"FZwaqyOOL0nwgJmTtK2fSRt/3LKusPhCaLhsk1We6Ng=","2":"pWiEnowamN++f/LoF62yCHquNAGiOJrOh1X+5zubcQo=","3":"E5cxoQj0M/mgKn9JuHG7qOByAyNg/zAZN6YEhtzsQi0=","4":"eTxXguorPWNrYBDd9RMn4Df5pApvb1slN+eRLuL1iC4=","5":"XaRbf1AKZTFVluZx/OvRJPLcnrUu9NNH0io9FRjZDWo=","6":"uUrrmQHRrteAyhYmEpPp+5yater6Gn5P+9TNlZWpgmY=","7":"4JRVNvJ41KSGfdjPBKv+5GpiF2C3FF62wRVhjGvOaqo=","8":"2kYWUAwJxjbVEMzyZLb7Gp5ilXNMOgWm+h9kgb30Tcc="}},"BfCWBASTaST5g1kz9LpfNN14LceGIPISgi4fDE9F2vt3":{"chainKey":{"counter":1,"key":"NOreDtDBdb6yKY97HEKRud7rQzXEMeWYtOGTUd1Y35U="},"chainType":1,"messageKeys":{}}},"pendingPreKey":{"signedKeyId":3,"baseKey":"BSjy6HjhqPV1nH9lnWKprPSs/vWmfVnyGxHndK/dODsm","preKeyId":5182293}},"BW1xkkyxxP64gY+edVTaHjSTKrfViFlNuuEMzuTK2yR2":{"registrationId":755918742,"currentRatchet":{"ephemeralKeyPair":{"pubKey":"BZVQOzqhfwfq99o1AUuTheHCjR/M9IujGJpojEhRmpkb","privKey":"8C+4sonorDYkNvJcFqFNyjFXaKMwI4/4Xpo2haaenHQ="},"lastRemoteEphemeralKey":"BW+PdVOtqH+7+Wr7TEUCWlKss7slx/mULgNyhVyoxd5l","previousCounter":-1,"rootKey":"FX1V9Y65fXlQlLFQQ/TH3sOfJYczxPwI36WGuq7iHqE="},"indexInfo":{"baseKey":"BW1xkkyxxP64gY+edVTaHjSTKrfViFlNuuEMzuTK2yR2","baseKeyType":1,"closed":1687272116260,"used":1687259192902,"created":1687259192902,"remoteIdentityKey":"BS80ktKLcHi2fzOHaSPf6/sSTvD/qN0oorlpOkkh+TxF"},"_chains":{"BW+PdVOtqH+7+Wr7TEUCWlKss7slx/mULgNyhVyoxd5l":{"chainKey":{"counter":10,"key":"PnB2/999F2rrq5VAQ7Je/Bz+K7S93Q3zm/gCDuZNqtE="},"chainType":2,"messageKeys":{"0":"ZNdy7DX/CzKk+hGfyrlvXvLe8Z4HXyUP2WbJ1f3GjjA=","1":"2fwHqVy0bIDy58/3wqS5H/l9PGUAa7Ax+kswWSzqAu4=","2":"3Qevns/tE6PZhNerDWHEJyIjE2KNmX6K/RcGI9HPPP4=","3":"c6Xz5MEc8Xp9/559ipTjwclOE9uZlTZKy9luwPRAm8A=","4":"cYFLTzoTseDfq4mPZonsdEzGWe1/V5Tfyco+pD5O++E=","5":"VvVgndOEg/0kIafA8hn3NyItn16jWvv8fSm+kXfUhiw=","6":"QxzhmPbwgMbXhtGnzqGI10gk5Tn7X41gsDyUfSnlFRI=","7":"8GaZcuEeTQfNgQAggXUqoXTSmaMZY2LPRwPTzp5AQNk=","8":"tORz4XJtJzJWzF0k+fkLy7et1d2FlWCV/jPu8nZ+M6o=","9":"/rEbK+S+dQ688jE4l3+Nq+0Le6as1H7WVuF/dHNqanI="}},"BZVQOzqhfwfq99o1AUuTheHCjR/M9IujGJpojEhRmpkb":{"chainKey":{"counter":0,"key":"dJdDuqj8Ko+uwjjj5/Bq+S1cJgVgLuWoYTgbuVA/ckE="},"chainType":1,"messageKeys":{}}},"pendingPreKey":{"signedKeyId":3,"baseKey":"BW1xkkyxxP64gY+edVTaHjSTKrfViFlNuuEMzuTK2yR2","preKeyId":5182019}},"BU3PcnO0hacC648rds0rtC5+5zRycDeSgffS/bLjS5Fg":{"registrationId":755918742,"currentRatchet":{"ephemeralKeyPair":{"pubKey":"BTCwmdqn0C9rlqGSW66C7U7UgenAPbJLX4a5yNvM4kQS","privKey":"SM/mUmJBdhanMrZZkPdhJs4aw3+lAXI/pGJ+FVVMtUU="},"lastRemoteEphemeralKey":"BY2AT3Ax51FElUHmFKtszgokcKeQZwCP/JVq7yHHEXsz","previousCounter":1,"rootKey":"qHpI2XGpLrvHqutrnVW43ZqolVA1cKCzHsl5hpAIRwQ="},"indexInfo":{"baseKey":"BU3PcnO0hacC648rds0rtC5+5zRycDeSgffS/bLjS5Fg","baseKeyType":1,"closed":-1,"used":1687274957661,"created":1687272116245,"remoteIdentityKey":"BS80ktKLcHi2fzOHaSPf6/sSTvD/qN0oorlpOkkh+TxF"},"_chains":{"BUIdQjt+fNpfDxlox4v/6pQUwvp13k8etM7PbB9LjHos":{"chainKey":{"counter":1},"chainType":2,"messageKeys":{}},"BSdT32lBM2kUkjhHROYpUa5EAypdaEJu0n02MXMce8EO":{"chainKey":{"counter":1},"chainType":2,"messageKeys":{}},"BZbar6qP5nfWHMXePtzoqzFKMezgqnTy7DOggkw9BLoz":{"chainKey":{"counter":1},"chainType":2,"messageKeys":{}},"BWMkf4tDIwnUTYRM5gw90vFnXUxAEednwyJvyhfowlUN":{"chainKey":{"counter":0},"chainType":2,"messageKeys":{}},"BXmEWBORdKNtz7bYucqrzSTDX4JqlgVJzLwxibyAD8Nk":{"chainKey":{"counter":0},"chainType":2,"messageKeys":{}},"BY2AT3Ax51FElUHmFKtszgokcKeQZwCP/JVq7yHHEXsz":{"chainKey":{"counter":0,"key":"yNI5HONU2PkzwUWrQZO36EGalpLkmuv1qXanKscWMbs="},"chainType":2,"messageKeys":{}},"BTCwmdqn0C9rlqGSW66C7U7UgenAPbJLX4a5yNvM4kQS":{"chainKey":{"counter":0,"key":"YC5CMZ60bH7/dYMAJzKqY38eehYK3LqF2QYif+M3RdM="},"chainType":1,"messageKeys":{}}}}},"version":"v1"}