{"_sessions":{"BYnUfD1R5iL4XGHitxJ1uBqpgEBF/+W3IVCmuHGUiAAh":{"registrationId":314197731,"currentRatchet":{"ephemeralKeyPair":{"pubKey":"BUPOHR8rgMFgABf3Zi3CybLTC7OpiQKVFaicypf1NSgg","privKey":"GPyW4riyhD00gW7G6ApCuw6lhuARwgfy03Ox80l8v3U="},"lastRemoteEphemeralKey":"BfoZ9Mru3/+ab5UHMXgXC2puGmnwHm7vC5DDCgnh4Jpm","previousCounter":0,"rootKey":"0THn3x0AJUwYuG/zjTspryClfPluTdJ2JgGwOAv4K5U="},"indexInfo":{"baseKey":"BYnUfD1R5iL4XGHitxJ1uBqpgEBF/+W3IVCmuHGUiAAh","baseKeyType":1,"closed":-1,"used":1687233759431,"created":1687233759431,"remoteIdentityKey":"BWzX9btivx7YWHsda58AMVYDGZp22K48wh7gAUhPHbYd"},"_chains":{"BUPOHR8rgMFgABf3Zi3CybLTC7OpiQKVFaicypf1NSgg":{"chainKey":{"counter":3,"key":"WjhvTVb0E8CfzZqMMMd420V7mejkEX9bJas/7qjNAVI="},"chainType":1,"messageKeys":{}}},"pendingPreKey":{"signedKeyId":15,"baseKey":"BYnUfD1R5iL4XGHitxJ1uBqpgEBF/+W3IVCmuHGUiAAh","preKeyId":4160645}}},"version":"v1"}