{"_sessions":{"BeehFR19OJB0h85XLjzBlUnUy13ZafslPZ8HO9KWi28K":{"registrationId":952556751,"currentRatchet":{"ephemeralKeyPair":{"pubKey":"BclLSJYiRn8ivpGOOsHvGmeBnR+YSedT5hCXvmoIU6pD","privKey":"uGGv34yQxSYSjsNZugKmZp9K8Ogm2SVmeeTDoudQJFU="},"lastRemoteEphemeralKey":"BcUbbmzorbZV1YALK1CSeXyvOl5XZzi+xiiZL+Oss9RU","previousCounter":0,"rootKey":"PWo/N2kW5ctWx+OfBgVJNNbfghTMXe87Y23OiHL3HP0="},"indexInfo":{"baseKey":"BeehFR19OJB0h85XLjzBlUnUy13ZafslPZ8HO9KWi28K","baseKeyType":1,"closed":-1,"used":1687192777086,"created":1687192777086,"remoteIdentityKey":"BXzLwGrVz9GLcCcMokbBOvsCAbpq2Cuzyx1bhOChihJ0"},"_chains":{"BclLSJYiRn8ivpGOOsHvGmeBnR+YSedT5hCXvmoIU6pD":{"chainKey":{"counter":1,"key":"2n3bFAEXVpWCkr47ViCLtU4Kp/fXp7zp6wpMr3ZFeTA="},"chainType":1,"messageKeys":{}}},"pendingPreKey":{"signedKeyId":9,"baseKey":"BeehFR19OJB0h85XLjzBlUnUy13ZafslPZ8HO9KWi28K","preKeyId":13591685}}},"version":"v1"}